E_ID,Name,Age,Department,Role,Employment Type,Contract Duration,Band,Exp Yrs,Tenure Yrs,Attendance(%),Leave,Tasks Assigned,Tasks Completed,Tasks Completion Rate(%),Task Quality Score,Goal Achievement(%),Manager Feedback,Teamwork Score,Leadership Score,Client Feedback,Communication,Overtime,Training Hours,Training Completion(%),Performance Score,Performance Category,Recommendation
E0001,Murlidhar Bhargav,51,Information Technology,Software Engineer,Full-Time,Permanent,B5,23.4,12.8,90.2,3,21,17,80.95,74.19,78.41,77.23,82.24,80.31,77.01,82.18,0.0,30,73.99,79.54,Good,Incentive
E0002,Saumya Mondal,30,AI & Data Science,AI Engineer,Full-Time,Permanent,B2,2.6,0.3,97.2,0,29,21,72.41,73.95,78.2,73.89,82.67,61.39,78.88,76.79,14.4,25,80.11,77.61,Good,Incentive
E0003,Subodh Kamath,41,Customer Support,Support Analyst,Contract,12 Months,B3,8.7,5.5,91.9,5,41,33,80.49,74.49,81.66,80.13,70.57,70.15,75.78,80.62,0.0,25,76.42,78.91,Good,Incentive
E0004,Santanika Rai,33,Operations,Operations Manager,Full-Time,Permanent,B2,3.3,3.0,93.6,5,35,22,62.86,67.1,70.62,73.77,63.28,60.63,69.19,64.0,17.9,30,80.71,70.57,Good,Training
E0005,Jwala Ram,46,Customer Support,Support Executive,Full-Time,Permanent,B5,19.6,16.9,81.4,15,52,33,63.46,69.19,66.62,71.87,67.62,77.95,72.97,71.66,15.0,40,93.77,71.39,Good,Training
E0006,Priyali Ray,24,Human Resources,HR Analyst,Contract,24 Months,B1,0.9,0.5,88.2,15,24,15,62.5,72.85,68.7,66.67,63.26,59.61,73.96,68.19,0.0,40,89.97,70.34,Good,Training
E0007,Swaranjali Chaurasiya,52,Customer Support,Support Analyst,Part-Time,12 Months,B4,12.9,3.1,90.4,9,46,35,76.09,68.17,75.71,78.23,72.47,72.07,69.58,65.73,16.6,15,60.98,74.44,Good,Training
E0008,Suresh Khattar,43,Customer Support,Customer Success Associate,Full-Time,Permanent,B4,13.4,1.6,83.0,14,37,24,64.86,63.69,63.68,60.14,64.48,72.98,69.87,72.63,4.7,10,45.95,65.68,Average,Training
E0009,Kamala Shah,44,AI & Data Science,AI Engineer,Full-Time,Permanent,B4,13.3,10.4,96.4,1,28,26,92.86,84.06,85.32,87.76,79.54,78.1,76.63,67.99,2.8,10,44.79,83.47,Excellent,Incentive
E0010,Sadhana Shirke,47,Information Technology,System Administrator,Contract,6 Months,B4,14.6,12.6,90.3,10,46,34,73.91,65.8,67.22,74.03,69.94,71.41,70.44,65.95,4.1,40,79.12,72.51,Good,Training
E0011,Adyashankar Bhatia,50,Customer Support,Customer Success Associate,Full-Time,Permanent,B5,21.6,15.8,97.3,7,24,13,54.17,56.03,56.16,54.99,59.43,68.28,58.88,72.71,0.0,25,63.92,62.06,Average,Training
E0012,Badal Purohit,37,Marketing,Digital Marketing Specialist,Full-Time,Permanent,B3,5.1,4.5,85.4,14,17,12,70.59,70.72,72.35,73.27,71.21,63.83,73.03,85.99,0.1,20,71.79,73.43,Good,Training
E0013,Drishti Prajapati,25,Customer Support,Support Analyst,Full-Time,Permanent,B2,2.1,1.2,72.5,18,24,12,50.0,66.33,64.52,75.28,65.69,61.59,69.14,69.39,0.0,25,62.7,65.38,Average,PIP
E0014,Padmavati Unadkat,29,Information Technology,DevOps Engineer,Full-Time,Permanent,B2,2.6,0.7,83.1,15,35,26,74.29,80.71,76.73,72.76,67.64,58.39,81.99,86.01,0.0,5,40.84,74.11,Good,Training
E0015,Rinkesh Bhatt,40,Sales,Business Development Executive,Full-Time,Permanent,B2,4.6,0.3,97.8,8,21,12,57.14,69.25,65.78,63.72,63.39,62.54,69.29,60.09,7.4,15,53.74,66.79,Average,Training
E0016,Sacchidanand Umar,36,Operations,Process Analyst,Full-Time,Permanent,B3,5.1,4.7,98.0,2,33,22,66.67,61.27,68.81,66.15,82.11,66.89,72.73,83.4,0.0,15,67.18,71.96,Good,Training
E0017,Aman Sharma,31,Operations,Operations Executive,Part-Time,12 Months,B2,4.6,3.8,96.4,3,32,28,87.5,80.12,86.06,88.87,81.53,63.47,83.94,74.61,0.0,10,64.26,83.49,Excellent,Incentive
E0018,Preyash Sharma,24,AI & Data Science,ML Engineer,Full-Time,Permanent,B1,1.0,0.6,91.9,5,23,15,65.22,60.67,64.94,67.74,78.77,62.86,69.88,79.6,0.0,15,58.28,69.38,Average,Training
E0019,Gargi Tanwar,29,Operations,Process Analyst,Full-Time,Permanent,B2,3.4,1.4,91.5,4,26,18,69.23,69.86,75.01,76.82,81.51,57.17,76.13,86.53,7.1,20,69.5,75.41,Good,Incentive
E0020,Janki Bhatnagar,30,Finance,Financial Analyst,Full-Time,Permanent,B3,7.4,5.9,80.8,13,35,28,80.0,80.34,75.05,84.26,71.56,71.15,72.98,70.03,7.5,5,57.1,76.75,Good,Incentive
E0021,Ashok Tendulkar,36,Operations,Process Analyst,Full-Time,Permanent,B3,7.5,3.0,86.2,6,44,31,70.45,70.73,68.22,79.23,66.0,58.87,74.0,75.2,3.3,25,87.2,73.28,Good,Training
E0022,Nootan Awasthi,26,Operations,Operations Manager,Full-Time,Permanent,B2,3.7,1.6,87.8,12,23,17,73.91,78.7,79.2,73.71,76.78,54.71,78.76,83.15,3.9,30,75.86,76.91,Good,Incentive
E0023,Sumitra Shah,28,AI & Data Science,Data Scientist,Full-Time,Permanent,B2,2.2,0.5,91.7,9,28,22,78.57,69.66,78.07,72.96,86.78,50.7,78.83,82.52,0.0,40,82.47,77.46,Good,Incentive
E0024,Akshara Kadam,26,Sales,Business Development Executive,Full-Time,Permanent,B1,1.7,0.4,90.1,7,41,31,75.61,78.53,75.55,70.24,64.84,55.85,72.31,73.02,7.9,20,69.11,74.0,Good,Training
E0025,Madhav Rout,40,Human Resources,Talent Acquisition Specialist,Full-Time,Permanent,B3,8.0,2.6,91.7,8,28,18,64.29,72.45,72.61,69.07,58.67,60.71,74.46,61.54,0.0,30,86.29,70.95,Good,Training
E0026,Brijmohan Mukherjee,56,Operations,Process Analyst,Full-Time,Permanent,B5,20.6,2.4,96.9,4,44,33,75.0,72.71,75.26,82.65,85.55,77.72,74.58,82.97,17.9,25,85.72,80.14,Excellent,Incentive
E0027,Anugya Mistry,36,AI & Data Science,Data Analyst,Full-Time,Permanent,B2,4.6,3.6,97.2,1,45,31,68.89,79.5,76.65,74.11,71.31,59.65,75.36,73.14,17.9,10,64.02,75.33,Good,Incentive
E0028,Konkana Saha,37,Information Technology,System Administrator,Full-Time,Permanent,B4,10.7,9.8,96.9,4,30,25,83.33,86.57,86.11,75.1,73.08,67.13,85.73,87.74,0.0,20,55.72,81.48,Excellent,Incentive
E0029,Lavisha Goel,45,Information Technology,DevOps Engineer,Full-Time,Permanent,B5,20.9,14.7,80.1,8,17,11,64.71,63.79,65.51,69.37,69.92,81.14,65.84,64.55,2.6,20,61.08,68.14,Average,Training
E0030,Risha Gurjar,43,Finance,Accountant,Full-Time,Permanent,B4,10.5,7.4,82.3,6,43,29,67.44,64.71,64.19,68.73,67.39,59.68,68.71,78.48,12.0,30,94.42,69.79,Average,Training
E0031,Mitali Jadhav,40,Information Technology,Software Engineer,Full-Time,Permanent,B4,14.1,1.8,65.8,19,37,21,56.76,70.92,66.74,75.1,60.28,65.57,68.21,62.44,1.5,15,69.04,66.3,Average,PIP
E0032,Ramashankar Gavaskar,46,Finance,Accountant,Full-Time,Permanent,B3,8.7,7.1,96.2,3,23,18,78.26,78.14,76.73,78.16,83.31,65.92,80.49,79.39,12.4,15,62.21,79.05,Good,Incentive
E0033,Vishakha Dey,51,Marketing,Digital Marketing Specialist,Full-Time,Permanent,B5,27.9,5.8,85.9,7,22,13,59.09,58.95,57.97,55.47,69.33,69.98,60.28,65.35,0.0,20,72.18,63.63,Average,Training
E0034,Bhagwati Dalal,23,AI & Data Science,Data Scientist,Full-Time,Permanent,B1,0.4,0.1,76.1,19,29,24,82.76,73.47,79.84,80.05,80.59,57.52,75.97,89.4,0.0,5,43.3,76.4,Good,Incentive
E0035,Shruti Khandelwal,31,AI & Data Science,AI Engineer,Part-Time,6 Months,B4,9.0,6.1,80.4,7,30,18,60.0,65.58,64.38,64.51,73.61,68.76,73.76,83.92,0.0,20,57.61,67.77,Average,Training
E0036,Sonu Bendre,30,Sales,Sales Executive,Contract,24 Months,B2,2.2,0.2,81.0,11,47,39,82.98,80.44,85.38,83.27,76.71,54.29,80.29,80.31,14.5,30,85.64,80.61,Excellent,Incentive
E0037,Raghu Naik,33,Marketing,Marketing Analyst,Full-Time,Permanent,B3,8.5,1.0,97.2,3,37,30,81.08,72.97,77.53,76.42,83.33,74.83,72.92,64.67,15.5,20,72.92,78.52,Good,Incentive
E0038,Purvi Raje,30,Customer Support,Support Executive,Full-Time,Permanent,B2,4.3,4.0,94.4,3,42,29,69.05,75.9,76.18,72.89,71.52,49.95,78.9,82.62,17.4,30,84.5,75.49,Good,Incentive
E0039,Neeti Nag,55,Finance,Financial Analyst,Full-Time,Permanent,B5,21.7,9.9,81.7,8,33,21,63.64,65.57,70.15,69.14,70.69,84.86,68.09,67.56,15.3,25,66.3,69.85,Average,Training
E0040,Mohan Bakshi,50,Customer Support,Support Executive,Full-Time,Permanent,B5,24.7,2.5,96.0,2,51,34,66.67,76.08,76.33,68.36,69.96,79.3,76.29,81.35,14.9,10,48.21,73.97,Good,Training
E0041,Taniya Singhi,30,Sales,Business Development Executive,Contract,6 Months,B3,5.7,1.3,91.4,5,43,31,72.09,65.94,75.3,77.41,68.49,55.17,72.14,81.27,15.9,10,48.96,72.48,Good,Training
E0042,Suman Bahl,55,Finance,Accountant,Part-Time,6 Months,B4,12.6,7.7,93.4,9,38,31,81.58,73.03,76.88,70.95,60.74,72.12,76.6,67.63,9.8,25,66.45,74.92,Good,Training
E0043,Pratima Gunji,45,Information Technology,DevOps Engineer,Full-Time,Permanent,B4,13.6,4.1,99.9,1,22,16,72.73,71.45,71.33,69.07,63.74,73.96,72.52,78.26,11.0,30,94.34,75.01,Good,Training
E0044,Kaushiki Rai,57,Marketing,Marketing Executive,Full-Time,Permanent,B5,25.0,16.9,93.3,4,35,25,71.43,65.63,71.39,63.15,62.81,71.92,69.01,79.25,8.0,40,83.17,71.52,Good,Training
E0045,Deepali Mukherjee,44,AI & Data Science,ML Engineer,Contract,24 Months,B4,13.8,3.8,88.2,12,24,14,58.33,68.48,63.6,62.08,65.85,75.34,73.2,82.22,0.0,50,95.11,69.57,Average,Training
E0046,Gopi Ojha,23,AI & Data Science,ML Engineer,Full-Time,Permanent,B1,0.8,0.5,94.1,7,18,14,77.78,79.87,77.67,79.38,76.37,59.1,81.27,88.82,0.0,25,74.11,79.42,Good,Incentive
E0047,Nivedita Phogat,36,AI & Data Science,AI Engineer,Full-Time,Permanent,B3,8.7,0.8,96.3,7,26,17,65.38,71.73,71.96,80.77,81.48,62.14,72.04,73.61,7.7,20,78.79,75.58,Good,Training
E0048,Kalloo Bhawsar,27,Finance,Finance Executive,Contract,6 Months,B2,4.9,1.8,97.3,0,27,20,74.07,70.47,77.68,82.8,71.18,56.88,77.91,86.4,6.9,50,76.26,77.47,Good,Incentive
E0049,Sonal Kaul,36,Operations,Operations Executive,Part-Time,6 Months,B4,9.7,7.9,87.0,14,20,14,70.0,67.85,75.09,81.78,84.26,63.4,76.2,77.82,3.2,30,84.72,76.44,Good,Incentive
E0050,Harsh Bhatia,31,AI & Data Science,Data Analyst,Full-Time,Permanent,B3,7.3,3.5,97.0,1,34,24,70.59,72.2,76.49,66.9,83.05,63.85,75.58,81.06,10.5,50,76.52,75.78,Good,Training
E0051,Hamsika Jindal,48,Sales,Business Development Executive,Contract,6 Months,B5,24.0,7.7,81.1,14,40,32,80.0,79.74,81.03,76.51,72.04,79.64,78.86,79.26,10.7,25,84.44,79.02,Good,Incentive
E0052,Avnish Thakkar,35,Operations,Process Analyst,Part-Time,12 Months,B3,7.3,0.7,93.3,7,24,19,79.17,80.98,78.71,70.83,68.91,66.02,74.8,63.3,0.0,10,41.5,74.96,Good,Training
E0053,Nitisha Bendre,54,Human Resources,HR Analyst,Part-Time,6 Months,B5,31.2,18.7,92.9,5,19,13,68.42,73.47,68.75,65.26,71.33,81.31,74.07,80.81,2.9,50,95.46,74.39,Good,Training
E0054,Devendra Garg,54,Information Technology,Cloud Engineer,Full-Time,Permanent,B5,16.2,0.1,97.1,6,17,12,70.59,65.87,71.15,62.96,66.48,68.84,70.32,77.99,0.0,20,73.04,71.45,Good,Training
E0055,Uday Swaraj,45,AI & Data Science,Data Analyst,Full-Time,Permanent,B4,10.4,6.9,92.2,6,26,18,69.23,75.71,68.79,71.47,75.71,66.77,72.67,66.91,7.8,25,62.69,73.02,Good,Training
E0056,Ruchi Kannaujiya,37,Operations,Operations Executive,Full-Time,Permanent,B4,9.3,4.0,84.8,8,36,22,61.11,67.0,67.63,67.5,76.72,63.7,68.48,68.82,9.4,10,47.83,68.08,Average,Training
E0057,Kamini Khatri,35,Human Resources,HR Executive,Full-Time,Permanent,B3,6.4,5.1,94.2,7,17,15,88.24,82.5,79.64,77.61,65.82,68.24,80.49,73.84,0.0,10,55.83,79.12,Good,Incentive
E0058,Atishay Runthla,44,Sales,Account Manager,Part-Time,6 Months,B3,7.2,1.8,81.4,15,17,9,52.94,55.01,60.8,64.22,78.59,60.85,67.51,76.46,7.1,25,78.38,65.1,Average,Training
E0059,Mridula Thackeray,28,Human Resources,HR Analyst,Full-Time,Permanent,B3,5.1,3.0,90.4,9,29,21,72.41,65.22,69.1,66.47,83.81,53.38,70.84,75.67,0.0,50,93.47,73.07,Good,Training
E0060,Nityanand Misra,42,Sales,Sales Executive,Full-Time,Permanent,B3,7.3,0.5,88.1,10,42,25,59.52,57.66,63.43,57.97,81.53,61.36,66.4,74.14,15.4,20,77.95,66.74,Average,Training
E0061,Nivedita Patwari,33,Sales,Sales Executive,Full-Time,Permanent,B3,5.5,1.8,91.9,6,43,32,74.42,80.78,81.41,80.81,64.97,64.02,80.73,68.12,8.8,25,65.72,77.23,Good,Incentive
E0062,Dhrupad Umar,50,Human Resources,Talent Acquisition Specialist,Part-Time,6 Months,B5,20.6,8.7,91.8,4,26,19,73.08,70.98,75.39,68.76,69.36,73.39,78.55,87.27,9.8,25,75.99,75.11,Good,Training
E0063,Premchand Umrao,55,AI & Data Science,ML Engineer,Full-Time,Permanent,B5,28.8,22.2,96.3,7,16,13,81.25,77.5,80.45,73.21,69.45,82.67,77.1,74.11,0.0,30,81.73,79.22,Good,Incentive
E0064,Gaurav Ghosh,49,Customer Support,Support Analyst,Full-Time,Permanent,B4,12.5,4.8,94.8,5,45,33,73.33,75.75,78.24,68.65,70.07,75.62,77.65,73.53,11.6,25,65.62,75.5,Good,Training
E0065,Naitik Jaitley,35,Finance,Accountant,Part-Time,6 Months,B4,12.5,2.8,91.7,2,33,21,63.64,59.8,64.59,62.41,71.55,58.04,71.7,83.37,10.4,30,73.44,68.22,Average,Training
E0066,Yashika Rathore,28,Sales,Business Development Executive,Full-Time,Permanent,B3,5.6,0.1,81.3,14,36,24,66.67,68.24,71.65,67.38,63.32,60.01,70.13,62.03,1.9,10,60.92,68.21,Average,Training
E0067,Nalini Dikshit,31,Marketing,Digital Marketing Specialist,Full-Time,Permanent,B2,4.2,0.0,92.9,4,36,26,72.22,76.14,74.38,72.6,78.91,65.34,77.53,86.74,18.1,5,42.17,75.07,Good,Training
E0068,Sudarshini Dikshit,55,Human Resources,HR Executive,Full-Time,Permanent,B5,24.5,2.5,93.8,4,16,14,87.5,80.54,80.95,81.26,84.27,91.82,80.95,86.84,0.0,15,50.87,82.87,Excellent,Incentive
E0069,Sonam Ray,46,Information Technology,DevOps Engineer,Contract,12 Months,B5,22.8,11.8,99.5,4,16,9,56.25,67.25,60.76,64.86,81.4,75.47,65.34,77.34,0.0,30,92.37,70.98,Good,Training
E0070,Sohini Pradhan,54,Finance,Accountant,Contract,24 Months,B4,14.4,1.2,92.2,4,37,26,70.27,68.32,66.56,66.94,68.97,73.45,65.68,65.68,16.2,20,66.18,70.48,Good,Training
E0071,Dishita Bhargav,34,Marketing,Marketing Analyst,Full-Time,Permanent,B4,9.0,3.7,93.7,4,15,12,80.0,72.0,77.28,80.08,63.21,69.93,71.68,63.93,0.0,25,79.48,76.35,Good,Incentive
E0072,Neeloo Azad,24,Operations,Process Analyst,Full-Time,Permanent,B1,1.1,0.7,81.0,7,35,21,60.0,65.56,69.08,63.58,77.79,48.69,71.64,78.52,11.8,25,87.47,68.93,Average,Training
E0073,Viral Supriyo,39,Operations,Process Analyst,Contract,12 Months,B5,17.0,13.8,98.0,5,42,33,78.57,69.71,75.18,80.6,84.5,86.99,76.73,86.1,12.6,10,45.02,78.6,Good,Incentive
E0074,Animesh Javdekar,24,AI & Data Science,Data Analyst,Full-Time,Permanent,B1,1.7,0.9,90.4,6,32,23,71.88,81.71,78.13,78.38,85.78,52.2,83.43,83.87,0.3,25,73.75,78.8,Good,Incentive
E0075,Shefali Khanna,45,Marketing,Marketing Executive,Contract,12 Months,B4,14.4,12.5,97.0,4,20,16,80.0,72.33,80.66,71.79,78.41,68.74,75.55,87.64,4.1,15,63.13,78.01,Good,Incentive
E0076,Kamlesh Rajpoot,55,Information Technology,DevOps Engineer,Full-Time,Permanent,B5,24.6,17.7,94.2,2,15,10,66.67,62.26,71.28,75.07,66.35,79.34,69.32,67.8,9.3,5,54.72,70.91,Good,Training
E0077,Priyamvada Raje,24,Information Technology,DevOps Engineer,Full-Time,Permanent,B1,1.2,0.8,83.7,12,21,14,66.67,66.79,64.81,75.2,83.94,55.3,66.82,68.04,0.9,10,46.04,69.59,Average,Training
E0078,Devendra Kamble,48,Information Technology,Software Engineer,Full-Time,Permanent,B4,14.0,8.6,87.8,7,25,12,48.0,65.04,61.58,61.71,78.23,68.98,67.08,59.63,0.0,20,57.25,64.7,Average,Training
E0079,Mansa Ganguly,54,Customer Support,Support Executive,Full-Time,Permanent,B4,9.2,4.6,97.3,7,43,31,72.09,73.75,76.72,74.17,83.11,72.41,76.35,85.65,6.2,15,61.33,77.34,Good,Incentive
E0080,Shrikant Dave,33,Finance,Accountant,Part-Time,6 Months,B2,3.8,0.4,94.9,10,31,23,74.19,78.94,73.01,75.35,64.76,51.01,74.17,74.69,9.3,20,66.42,74.5,Good,Training
E0081,Hari Awasthi,39,Information Technology,Software Engineer,Full-Time,Permanent,B5,15.0,8.9,92.5,9,37,25,67.57,71.27,70.1,63.65,60.84,66.33,69.03,66.54,16.7,25,77.42,70.19,Good,Training
E0082,Priyanka Yadav,46,Marketing,Marketing Executive,Full-Time,Permanent,B5,17.2,14.5,86.1,5,33,23,69.7,79.4,70.25,65.78,62.34,74.84,72.31,66.62,0.5,30,93.01,72.95,Good,Training
E0083,Gautam Adarsh,56,Information Technology,Software Engineer,Full-Time,Permanent,B5,21.9,6.9,88.2,10,32,21,65.62,66.35,70.47,74.89,80.23,82.75,69.11,78.01,6.1,15,71.82,73.53,Good,Training
E0084,Anamika Bhogle,33,Sales,Business Development Executive,Full-Time,Permanent,B3,7.4,6.9,91.4,10,32,20,62.5,73.8,67.9,69.15,66.97,52.69,76.5,79.63,12.4,10,63.1,70.44,Good,Training
E0085,Snigdha Singh,38,Information Technology,System Administrator,Contract,24 Months,B3,7.3,0.8,91.2,2,41,26,63.41,74.56,66.89,66.97,64.79,59.33,70.46,60.38,18.9,50,78.95,69.83,Average,Training
E0086,Leela Tiwari,28,Information Technology,DevOps Engineer,Full-Time,Permanent,B2,4.4,4.0,73.0,11,20,11,55.0,60.56,64.32,74.71,78.0,65.96,61.59,60.04,9.8,30,91.81,67.26,Average,PIP
E0087,Bhagirathi Goyal,25,Information Technology,Cloud Engineer,Contract,12 Months,B1,1.4,1.4,92.5,4,31,22,70.97,71.82,69.0,65.03,67.69,48.18,67.0,62.03,4.8,25,81.43,70.47,Good,Training
E0088,Indraneel Jindal,41,Finance,Financial Analyst,Full-Time,Permanent,B3,7.4,1.0,82.2,9,27,17,62.96,62.55,67.76,76.94,78.58,56.41,68.6,68.59,0.0,25,64.05,69.49,Average,Training
E0089,Amar Menon,41,AI & Data Science,Data Analyst,Contract,24 Months,B5,15.7,10.8,94.7,7,39,29,74.36,69.7,77.43,74.27,85.54,74.03,75.59,74.07,16.7,30,90.64,78.1,Good,Incentive
E0090,Somdatt Keshari,29,Finance,Accountant,Full-Time,Permanent,B2,4.7,0.3,92.5,10,24,19,79.17,71.84,79.32,74.92,81.6,61.72,79.72,80.8,0.0,20,56.39,77.13,Good,Incentive
E0091,Pradeep Tendulkar,55,Finance,Financial Analyst,Full-Time,Permanent,B5,28.2,20.4,94.1,5,33,25,75.76,68.02,72.14,75.62,65.47,85.09,75.69,75.71,2.4,15,50.89,74.06,Good,Training
E0092,Rani Ketkar,40,Finance,Finance Executive,Full-Time,Permanent,B3,5.6,5.4,96.3,5,18,11,61.11,60.34,63.99,67.44,67.52,49.43,63.6,77.17,0.0,15,64.34,67.04,Average,Training
E0093,Runjhun Chouhan,33,Operations,Operations Executive,Full-Time,Permanent,B3,5.0,4.7,90.6,8,39,29,74.36,79.24,80.03,69.6,62.14,48.68,77.08,66.57,9.0,30,80.06,74.38,Good,Training
E0094,Amber Bhawsar,47,Sales,Business Development Executive,Full-Time,Permanent,B5,24.9,5.8,97.2,5,27,22,81.48,75.74,74.61,77.83,69.11,71.38,77.04,67.96,2.0,40,97.79,78.79,Good,Training
E0095,Shilpi Lakhotia,53,Customer Support,Support Analyst,Full-Time,Permanent,B5,26.0,8.3,90.7,8,25,15,60.0,69.7,66.13,76.24,77.9,86.14,72.03,68.06,0.0,25,65.85,72.27,Good,Training
E0096,Sharad Piramal,57,Information Technology,Software Engineer,Full-Time,Permanent,B5,18.5,9.9,96.1,6,36,28,77.78,78.64,72.92,67.6,76.95,79.5,74.46,81.11,3.0,15,70.18,77.11,Good,Training
E0097,Gayatri Dhoundial,38,Customer Support,Support Analyst,Full-Time,Permanent,B5,16.0,7.7,85.4,8,32,19,59.38,72.11,67.48,76.09,74.68,72.43,68.81,70.49,0.2,10,64.53,71.08,Good,Training
E0098,Sumitra Piramal,24,Human Resources,HR Executive,Full-Time,Permanent,B1,0.8,0.1,88.4,14,28,13,46.43,52.85,51.35,55.28,62.03,49.14,61.86,67.26,3.5,20,74.08,58.55,Needs Improvement,PIP
E0099,Kumud Lohia,34,Information Technology,DevOps Engineer,Full-Time,Permanent,B4,9.5,4.6,97.1,0,31,23,74.19,66.32,75.06,80.64,84.17,68.29,76.2,81.05,6.4,5,45.14,76.09,Good,Incentive
E0100,Devyani Umrao,54,Marketing,Marketing Analyst,Contract,24 Months,B5,19.7,0.1,90.1,10,38,26,68.42,66.78,73.94,64.07,77.88,82.73,76.37,80.67,16.8,10,42.41,71.89,Good,Training
E0101,Shivesh Baghel,31,Marketing,Marketing Executive,Full-Time,Permanent,B3,7.6,0.6,96.9,3,37,29,78.38,72.4,77.45,81.42,86.56,72.84,73.29,81.32,3.9,10,40.24,78.18,Good,Incentive
E0102,Nishant Kanetkar,41,Operations,Process Analyst,Full-Time,Permanent,B5,18.7,18.2,97.8,3,26,18,69.23,78.27,75.47,77.17,83.39,83.67,73.37,69.34,7.4,25,78.95,78.41,Good,Incentive
E0103,Parth Dikshit,25,Customer Support,Customer Success Associate,Part-Time,12 Months,B2,2.8,0.8,92.8,8,41,26,63.41,74.41,67.9,76.49,83.08,64.27,70.15,64.05,12.1,20,75.97,73.64,Good,Training
E0104,Anugya Sen,55,AI & Data Science,Data Scientist,Contract,12 Months,B4,13.9,7.7,90.9,8,17,11,64.71,73.07,67.65,67.14,63.27,65.65,70.95,59.84,0.0,15,57.24,68.99,Average,Training
E0105,Mohini Sonkar,33,AI & Data Science,ML Engineer,Full-Time,Permanent,B3,5.0,0.7,84.0,13,31,17,54.84,60.29,56.04,61.18,68.22,53.03,59.4,56.56,4.2,10,62.53,61.65,Average,Training
E0106,Rishabh Jain,42,Sales,Sales Executive,Full-Time,Permanent,B4,9.0,1.3,82.5,9,35,23,65.71,73.91,69.05,80.12,78.03,69.99,73.51,81.16,12.3,10,40.17,72.61,Good,Training
E0107,Shakumbhari Munda,47,Human Resources,Talent Acquisition Specialist,Full-Time,Permanent,B4,14.3,11.8,93.0,6,30,20,66.67,71.39,71.94,72.51,69.06,67.56,72.59,64.9,0.0,30,78.15,72.74,Good,Training
E0108,Meghna Mathur,51,AI & Data Science,Data Analyst,Full-Time,Permanent,B5,19.1,13.0,94.8,9,42,32,76.19,70.69,77.0,80.52,81.18,86.55,73.69,64.93,1.3,10,47.57,76.89,Good,Incentive
E0109,Apurva Shirke,40,Operations,Operations Executive,Contract,12 Months,B4,12.4,6.6,97.7,6,37,28,75.68,67.34,77.31,77.54,80.65,79.47,72.52,84.69,8.6,15,62.82,77.49,Good,Incentive
E0110,Padmaja Sahani,57,AI & Data Science,Data Scientist,Full-Time,Permanent,B5,28.4,15.8,91.1,7,27,18,66.67,68.94,70.93,75.19,83.13,81.11,68.15,64.63,10.9,40,77.15,74.23,Good,Training
E0111,Ranjan Poddar,55,Human Resources,Talent Acquisition Specialist,Full-Time,Permanent,B5,16.9,1.6,92.3,3,29,25,86.21,74.32,81.91,69.24,63.46,77.53,79.56,70.63,4.1,25,70.77,77.25,Good,Training
E0112,Menaka Sethi,36,Operations,Process Analyst,Full-Time,Permanent,B4,10.4,4.1,94.4,9,38,29,76.32,74.63,70.51,68.12,75.25,71.41,72.16,66.29,3.0,30,83.42,75.07,Good,Training
E0113,Garima Bishnoi,42,Finance,Financial Analyst,Contract,24 Months,B5,19.5,6.1,92.0,3,26,19,73.08,71.16,72.37,67.26,80.52,85.83,74.07,77.31,1.0,15,50.42,74.21,Good,Training
E0114,Priti Hazari,30,Human Resources,HR Analyst,Full-Time,Permanent,B2,4.5,2.2,94.6,4,32,21,65.62,63.07,64.49,62.34,75.76,63.94,71.96,79.14,2.2,20,59.88,69.11,Average,Training
E0115,Mansa Pratap,39,Finance,Accountant,Full-Time,Permanent,B5,15.0,7.3,65.4,17,29,18,62.07,58.42,60.63,61.41,73.51,74.71,65.25,76.45,0.0,15,61.08,64.14,Average,PIP
E0116,Indrani Deewan,34,Operations,Process Analyst,Full-Time,Permanent,B3,6.8,5.0,91.2,2,34,24,70.59,67.98,74.18,65.69,66.33,64.8,71.94,82.55,6.6,30,87.23,72.85,Good,Training
E0117,Rupa Mazumdar,44,AI & Data Science,Data Scientist,Full-Time,Permanent,B3,6.5,2.3,84.8,10,24,18,75.0,71.31,71.38,78.89,84.09,58.38,78.82,88.6,4.5,50,96.68,77.5,Good,Training
E0118,Aryabhatta Thakur,52,AI & Data Science,ML Engineer,Full-Time,Permanent,B5,26.5,10.4,85.7,15,28,14,50.0,56.57,53.05,66.77,71.04,81.4,63.44,75.95,0.0,40,86.37,64.99,Average,Training
E0119,Santoshi Hatwal,30,AI & Data Science,Data Analyst,Full-Time,Permanent,B3,6.4,2.9,91.8,3,45,31,68.89,71.63,68.25,70.23,65.46,65.56,68.32,64.53,6.8,20,63.59,70.68,Good,Training
E0120,Kush Shrivastava,56,Marketing,Marketing Analyst,Full-Time,Permanent,B5,32.2,5.1,95.0,8,21,16,76.19,84.45,82.94,87.23,86.24,91.83,77.4,74.2,0.0,20,57.06,82.77,Excellent,Incentive
E0121,Uday Ojha,55,Marketing,Digital Marketing Specialist,Part-Time,12 Months,B5,24.5,17.2,71.7,14,33,20,60.61,60.85,65.37,59.02,77.98,85.14,66.69,74.46,7.8,20,73.27,66.82,Average,PIP
E0122,Rajat Kothari,55,Human Resources,HR Executive,Full-Time,Permanent,B5,28.4,24.8,93.4,3,31,24,77.42,77.68,78.13,71.04,66.22,81.47,79.16,70.54,6.9,25,73.56,76.84,Good,Incentive
E0123,Pranjal Fadnavis,41,AI & Data Science,Data Scientist,Full-Time,Permanent,B4,9.8,4.2,96.5,1,22,16,72.73,74.46,74.79,76.66,82.11,75.1,77.56,83.04,0.0,25,81.2,78.5,Good,Training
E0124,Hansika Kulkarni,39,Finance,Financial Analyst,Full-Time,Permanent,B4,11.8,6.2,98.0,5,19,9,47.37,55.06,58.98,62.22,62.91,63.37,66.04,69.88,5.2,10,54.68,62.33,Average,Training
E0125,Rinkesh Bhandarkar,52,AI & Data Science,Data Scientist,Part-Time,12 Months,B5,21.6,10.8,93.5,3,35,21,60.0,65.89,66.22,65.32,70.01,70.99,69.62,65.6,2.7,25,83.36,69.44,Average,Training
E0126,Dhrupad Anand,28,Sales,Account Manager,Full-Time,Permanent,B1,1.9,0.8,93.0,6,36,27,75.0,79.23,78.89,70.95,80.17,51.1,82.12,80.48,6.9,25,82.07,77.72,Good,Incentive
E0127,Sonakshi Rajawat,46,AI & Data Science,Data Analyst,Full-Time,Permanent,B5,22.0,17.0,76.3,18,36,24,66.67,61.95,68.81,70.6,68.7,74.87,66.12,61.03,3.6,15,50.07,67.31,Average,Training
E0128,Subodh Mahto,53,AI & Data Science,AI Engineer,Full-Time,Permanent,B3,8.8,3.2,96.4,0,32,19,59.38,70.15,68.41,73.88,66.3,71.22,68.05,65.83,4.0,30,84.29,71.51,Good,Training
E0129,Kamlesh Gautam,55,Customer Support,Support Executive,Part-Time,6 Months,B5,31.9,2.2,91.4,6,45,36,80.0,71.01,75.42,71.88,78.69,84.02,70.73,68.57,3.5,50,94.4,77.64,Good,Incentive
E0130,Madhusoodan Jha,43,Customer Support,Support Executive,Full-Time,Permanent,B5,15.3,10.6,69.7,22,44,29,65.91,62.16,66.71,63.89,60.93,77.23,68.9,70.35,21.8,10,63.03,65.84,Average,PIP
E0131,Sushmita Ganguly,55,Customer Support,Support Executive,Full-Time,Permanent,B4,11.6,9.5,72.9,23,33,22,66.67,64.98,65.35,65.4,78.3,71.75,68.04,78.94,6.2,15,67.0,68.77,Average,PIP
E0132,Aryan Gambhir,40,Information Technology,System Administrator,Full-Time,Permanent,B4,11.7,11.3,82.8,9,47,31,65.96,62.47,63.12,70.37,79.9,60.92,70.69,80.44,15.5,20,57.28,69.02,Average,Training
E0133,Chhotelal Ojha,53,Finance,Accountant,Full-Time,Permanent,B5,30.8,1.0,92.3,10,27,17,62.96,60.08,60.38,70.56,59.7,80.64,60.44,60.56,5.1,25,85.94,67.68,Average,Training
E0134,Maheep Narula,25,AI & Data Science,Data Scientist,Contract,12 Months,B2,2.6,0.2,97.6,1,16,12,75.0,82.74,73.22,83.65,82.2,61.53,75.81,74.97,2.8,20,63.85,78.98,Good,Training
E0135,Abhisar Dogra,46,Finance,Financial Analyst,Full-Time,Permanent,B5,17.1,11.1,94.4,9,16,13,81.25,71.85,75.54,73.02,82.25,72.56,78.66,78.54,0.0,20,72.83,78.04,Good,Incentive
E0136,Saraswati Barjatya,44,Human Resources,HR Analyst,Full-Time,Permanent,B4,10.0,0.3,90.1,6,16,12,75.0,80.4,76.61,74.5,69.62,59.92,75.79,77.51,0.0,15,60.84,75.65,Good,Incentive
E0137,Ravindra Vaidya,49,Operations,Operations Manager,Full-Time,Permanent,B5,23.7,20.0,85.3,10,33,24,72.73,65.27,72.58,79.43,78.24,75.89,75.37,77.37,10.8,20,67.26,74.65,Good,Training
E0138,Ramchandra Parekh,48,Marketing,Marketing Executive,Full-Time,Permanent,B4,13.0,8.0,96.7,2,40,28,70.0,77.77,71.96,66.11,82.03,75.12,77.28,74.55,6.1,40,99.01,77.05,Good,Training
E0139,Usha Gunji,55,AI & Data Science,ML Engineer,Full-Time,Permanent,B4,12.1,11.5,97.9,5,20,17,85.0,85.13,83.67,87.82,77.4,76.54,85.05,83.07,0.0,15,51.94,83.6,Excellent,Incentive
E0140,Vinod Athawale,51,AI & Data Science,Data Analyst,Contract,24 Months,B4,12.1,6.8,96.3,1,27,21,77.78,74.13,74.14,76.82,86.6,75.71,78.76,88.02,9.1,20,55.28,78.61,Good,Training
E0141,Rachit Acharya,48,Human Resources,Talent Acquisition Specialist,Full-Time,Permanent,B3,7.4,3.2,90.8,8,35,22,62.86,73.79,67.63,69.57,82.0,65.45,75.24,81.21,8.3,30,70.84,72.99,Good,Training
E0142,Mithun Giri,47,Customer Support,Support Executive,Full-Time,Permanent,B4,13.3,9.7,94.5,3,46,32,69.57,73.12,73.03,73.44,80.46,66.05,73.93,61.32,18.4,15,50.03,73.44,Good,Training
E0143,Jeetendra Shastry,29,Sales,Business Development Executive,Full-Time,Permanent,B2,3.1,0.9,80.4,14,37,24,64.86,74.36,66.75,69.1,67.37,58.54,71.65,69.88,8.9,15,54.8,68.78,Average,Training
E0144,Rudra Phogat,42,Information Technology,Software Engineer,Full-Time,Permanent,B4,14.9,1.4,90.9,8,26,17,65.38,63.26,62.01,65.81,76.87,72.61,62.03,63.6,4.1,25,64.92,68.4,Average,Training
E0145,Sulabha Chawla,38,Customer Support,Customer Success Associate,Full-Time,Permanent,B4,14.1,11.5,92.7,9,38,32,84.21,87.67,83.34,74.14,83.37,73.87,87.23,87.53,11.3,25,65.51,82.72,Excellent,Incentive
E0146,Subhadra Atlani,45,Customer Support,Support Analyst,Full-Time,Permanent,B4,13.1,12.9,95.0,4,46,39,84.78,83.02,80.41,83.14,71.21,73.42,82.0,86.57,5.9,40,87.99,82.82,Excellent,Incentive
E0147,Tanmay Sampla,56,AI & Data Science,Data Scientist,Full-Time,Permanent,B5,23.4,22.6,81.0,6,24,19,79.17,84.14,83.88,87.45,81.12,85.38,80.33,73.4,4.4,25,79.52,82.34,Excellent,Incentive
E0148,Pratibha Ojha,45,Operations,Operations Executive,Full-Time,Permanent,B5,18.6,17.1,96.0,4,29,20,68.97,67.24,69.49,74.29,79.42,72.13,71.83,62.67,9.0,20,75.65,73.65,Good,Training
E0149,Priya Surana,47,Sales,Sales Executive,Full-Time,Permanent,B5,21.7,16.1,94.3,2,36,29,80.56,83.72,76.21,81.33,82.65,83.3,78.39,74.17,12.7,15,48.94,80.21,Excellent,Incentive
E0150,Apoorv Sinha,44,Customer Support,Customer Success Associate,Full-Time,Permanent,B5,19.1,9.6,90.6,2,27,18,66.67,67.35,69.51,65.25,76.51,73.79,69.59,81.65,12.6,40,93.72,72.97,Good,Training
E0151,Tejasvi Garg,44,Human Resources,HR Executive,Full-Time,Permanent,B5,21.4,18.3,93.4,6,35,27,77.14,74.81,71.1,78.3,67.0,86.38,76.16,82.4,7.0,15,67.63,76.87,Good,Training
E0152,Vividha Shirke,28,Operations,Operations Manager,Full-Time,Permanent,B2,2.5,0.8,93.1,3,15,12,80.0,78.45,80.08,83.9,80.47,63.16,76.26,74.78,0.0,10,41.6,78.51,Good,Incentive
E0153,Vartika Marandi,55,Information Technology,Cloud Engineer,Contract,12 Months,B4,12.9,6.7,80.5,14,27,15,55.56,65.17,64.62,72.26,85.96,68.05,68.11,76.51,2.5,30,84.3,70.14,Good,Training
E0154,Pramod Khurrana,27,Sales,Business Development Executive,Full-Time,Permanent,B2,4.8,1.7,81.5,15,48,32,66.67,70.6,67.65,70.45,80.14,61.7,75.01,79.02,14.9,40,97.49,73.13,Good,Training
E0155,Girish Mohanty,28,Information Technology,DevOps Engineer,Full-Time,Permanent,B3,5.5,2.0,92.3,3,30,25,83.33,72.6,79.25,77.51,76.44,57.04,73.88,79.8,2.4,20,76.77,78.15,Good,Incentive
E0156,Akshit Mukherjee,52,Human Resources,Talent Acquisition Specialist,Contract,12 Months,B4,10.7,9.2,80.7,10,40,26,65.0,77.02,69.34,65.51,64.64,68.6,73.23,70.18,4.4,15,67.13,70.02,Good,Training
E0157,Vimal Atrey,38,Human Resources,HR Executive,Full-Time,Permanent,B4,9.7,0.0,93.7,2,25,13,52.0,64.54,61.3,58.47,69.97,56.81,65.79,54.49,1.6,25,70.15,64.18,Average,Training
E0158,Divakar Shukla,52,Customer Support,Support Executive,Full-Time,Permanent,B5,19.3,8.4,90.7,9,47,38,80.85,83.18,77.14,85.02,70.14,75.45,84.14,86.51,15.7,15,48.05,79.72,Good,Incentive
E0159,Manish Agnihotri,41,Sales,Business Development Executive,Full-Time,Permanent,B4,13.9,10.7,93.0,2,41,30,73.17,66.95,74.72,64.97,67.3,61.3,68.01,61.87,9.5,25,62.73,70.7,Good,Training
E0160,Harshita Tanwar,48,Finance,Accountant,Full-Time,Permanent,B4,14.7,13.2,93.1,6,23,20,86.96,87.76,84.83,84.03,88.28,86.55,83.58,86.87,0.0,20,59.01,85.48,Excellent,Incentive
E0161,Indu Kamal,45,Information Technology,Software Engineer,Full-Time,Permanent,B5,21.4,17.9,90.7,3,39,28,71.79,73.12,75.13,67.6,64.54,84.6,71.24,66.46,7.3,15,48.49,72.21,Good,Training
E0162,Sandhya Holkar,34,Information Technology,Cloud Engineer,Full-Time,Permanent,B4,9.8,0.4,97.3,2,25,19,76.0,73.16,74.18,76.34,69.35,71.87,73.9,85.58,3.0,20,79.06,77.14,Good,Training
E0163,Damini Kelkar,23,Operations,Process Analyst,Part-Time,6 Months,B1,0.3,0.2,99.8,1,33,25,75.76,82.69,77.86,79.27,78.55,61.93,79.13,74.94,13.2,30,92.29,80.59,Excellent,Incentive
E0164,Narayani Chaurasiya,54,Operations,Process Analyst,Full-Time,Permanent,B5,23.7,0.3,97.0,3,41,30,73.17,80.34,76.24,80.13,76.21,85.35,77.86,79.78,2.7,25,78.54,79.88,Good,Incentive
E0165,Arjun Awasthi,47,AI & Data Science,Data Analyst,Full-Time,Permanent,B5,22.2,18.9,96.1,7,30,21,70.0,67.22,74.73,65.08,72.7,75.07,68.55,64.84,0.0,20,76.41,72.68,Good,Training
E0166,Mridula Shankar,23,Customer Support,Customer Success Associate,Full-Time,Permanent,B1,0.6,0.0,94.1,6,48,29,60.42,65.67,62.24,70.56,73.43,46.05,67.4,83.72,16.3,20,69.0,68.89,Average,Training
E0167,Sheela Thakkar,27,AI & Data Science,Data Analyst,Full-Time,Permanent,B2,2.5,2.1,96.6,8,31,22,70.97,75.92,68.97,66.94,73.93,59.63,67.6,61.89,3.0,40,84.82,73.17,Good,Training
E0168,Suruchi Patwari,25,AI & Data Science,ML Engineer,Contract,24 Months,B2,2.1,1.6,93.3,10,19,15,78.95,85.68,75.56,82.03,76.24,60.91,82.25,78.33,0.0,30,92.75,81.0,Excellent,Incentive
E0169,Sunil Vats,38,Human Resources,HR Analyst,Contract,24 Months,B4,14.6,6.1,93.5,5,23,19,82.61,78.16,77.96,73.37,69.02,73.24,81.6,83.57,0.0,25,70.35,78.5,Good,Incentive
E0170,Avinash Mehta,44,Marketing,Marketing Executive,Full-Time,Permanent,B5,16.6,16.3,94.8,10,32,28,87.5,86.53,82.88,74.3,73.59,76.31,81.94,72.34,5.3,20,73.7,81.73,Excellent,Incentive
E0171,Manikarnika Trivedi,36,Finance,Financial Analyst,Full-Time,Permanent,B4,10.5,2.1,90.8,6,23,19,82.61,73.76,73.61,79.11,74.74,66.31,72.31,67.61,0.0,25,68.11,76.63,Good,Training
E0172,Sapna Hazari,52,Operations,Operations Manager,Full-Time,Permanent,B5,22.5,20.8,94.8,7,32,20,62.5,59.07,66.24,62.32,81.51,76.86,66.14,80.22,1.0,25,80.24,70.32,Good,Training
E0173,Mukti Saxena,27,Information Technology,Cloud Engineer,Full-Time,Permanent,B2,2.9,2.9,78.5,13,27,18,66.67,61.55,64.34,63.25,75.53,46.65,64.1,60.61,4.8,40,89.92,66.84,Average,Training
E0174,Kumud Srivatsa,48,Marketing,Marketing Executive,Full-Time,Permanent,B5,16.7,16.0,93.9,4,28,18,64.29,68.79,67.04,67.63,78.97,71.54,70.22,82.11,3.5,50,90.46,73.17,Good,Training
E0175,Tanisha Khaitan,43,Sales,Sales Executive,Contract,24 Months,B5,19.7,4.8,77.4,22,49,31,63.27,72.56,65.0,66.13,62.67,75.0,73.18,76.94,8.6,20,62.41,68.43,Average,Training
E0176,Guddoo Shastri,55,AI & Data Science,Data Scientist,Contract,24 Months,B5,21.4,13.4,85.7,8,28,19,67.86,76.23,69.27,78.77,84.44,81.41,77.78,85.21,3.5,10,57.15,75.91,Good,Training
E0177,Arijit Ahuja,45,AI & Data Science,Data Scientist,Full-Time,Permanent,B4,10.1,0.7,97.8,6,27,24,88.89,83.17,83.15,77.09,66.67,57.34,81.78,74.11,11.1,5,53.71,79.64,Good,Incentive
E0178,Narmada Gambhir,27,Information Technology,Cloud Engineer,Full-Time,Permanent,B2,2.3,2.1,94.1,2,30,19,63.33,61.4,62.19,70.79,83.18,54.52,68.35,79.55,8.2,15,69.67,69.99,Average,Training
E0179,Javitri Gurjar,53,Operations,Operations Executive,Full-Time,Permanent,B5,21.1,8.3,90.4,5,43,36,83.72,84.89,84.64,76.28,87.25,76.08,81.65,88.4,8.7,10,56.77,82.34,Excellent,Incentive
E0180,Indresh Narayan,41,Sales,Sales Executive,Full-Time,Permanent,B3,8.3,1.6,94.8,7,24,17,70.83,75.29,70.57,69.54,62.51,61.01,69.43,60.92,0.0,25,79.84,72.23,Good,Training
E0181,Lakshman Prajapati,23,Customer Support,Support Executive,Full-Time,Permanent,B1,0.8,0.6,91.4,7,33,23,69.7,74.7,70.83,72.91,79.8,55.95,69.94,72.14,5.2,15,68.16,73.65,Good,Training
E0182,Bhargav Singhi,26,AI & Data Science,Data Scientist,Full-Time,Permanent,B2,2.5,0.1,92.0,5,16,11,68.75,71.84,71.52,81.55,82.88,58.67,70.79,75.17,0.0,30,88.33,76.19,Good,Training
E0183,Kajal Khemka,38,Finance,Financial Analyst,Full-Time,Permanent,B2,4.1,1.0,98.0,2,31,22,70.97,66.09,66.66,70.6,81.99,53.8,70.96,74.04,6.8,30,75.79,72.88,Good,Training
E0184,Dhwani Parekh,50,AI & Data Science,Data Scientist,Contract,12 Months,B5,15.1,13.9,96.1,5,18,13,72.22,76.76,74.58,81.04,74.37,75.81,75.06,85.63,0.0,25,71.63,78.14,Good,Training
E0185,Ankush Rathi,49,Human Resources,Talent Acquisition Specialist,Full-Time,Permanent,B4,13.9,12.1,92.4,2,36,23,63.89,74.46,69.21,67.82,67.51,62.54,69.73,72.45,0.6,25,72.87,71.18,Good,Training
E0186,Reshama Kamal,34,Sales,Business Development Executive,Full-Time,Permanent,B3,8.8,3.6,81.2,14,25,17,68.0,64.06,68.15,76.36,64.61,71.62,67.3,64.26,0.0,20,79.23,70.19,Good,Training
E0187,Pratyush Deol,55,Information Technology,Cloud Engineer,Full-Time,Permanent,B5,20.2,4.4,90.7,4,34,24,70.59,74.93,70.64,77.16,73.1,81.54,70.49,70.34,5.2,15,68.99,74.95,Good,Training
E0188,Mimansa Reddy,34,AI & Data Science,ML Engineer,Full-Time,Permanent,B2,3.4,2.7,90.6,9,19,14,73.68,81.18,76.96,68.6,80.67,57.3,79.11,85.83,1.1,40,92.44,77.92,Good,Training
E0189,Brahmakumari Kamal,55,Operations,Operations Executive,Full-Time,Permanent,B5,26.6,20.3,90.5,4,28,19,67.86,69.96,67.35,76.96,81.87,79.97,67.08,68.0,1.8,25,65.45,73.58,Good,Training
E0190,Udayraj Sardana,51,Information Technology,DevOps Engineer,Full-Time,Permanent,B4,9.6,4.1,91.3,10,28,23,82.14,80.77,81.35,87.59,71.96,70.23,79.71,76.6,0.0,15,61.48,80.5,Excellent,Incentive
E0191,Sudarshini Menon,53,Marketing,Marketing Analyst,Full-Time,Permanent,B4,11.0,9.5,82.1,7,18,13,72.22,68.2,70.37,68.62,77.5,71.13,68.57,73.87,0.0,10,43.63,70.73,Good,Training
E0192,Kanak Pednekar,57,Information Technology,Software Engineer,Full-Time,Permanent,B5,27.8,25.9,93.3,6,37,28,75.68,83.55,73.87,81.47,74.23,72.41,78.29,67.46,8.4,40,87.95,79.24,Good,Training
E0193,Puneet Advani,48,Finance,Accountant,Full-Time,Permanent,B5,19.6,7.1,94.9,3,28,21,75.0,79.89,75.24,74.48,75.96,83.58,73.77,77.29,7.5,30,92.88,79.15,Good,Incentive
E0194,Ishika Marandi,48,Information Technology,DevOps Engineer,Full-Time,Permanent,B4,14.4,0.1,84.6,13,17,11,64.71,68.37,66.45,63.22,65.32,68.55,71.36,70.71,0.7,15,58.57,67.86,Average,Training
E0195,Devasena Mohapatra,56,Sales,Account Manager,Full-Time,Permanent,B5,20.2,11.9,66.6,12,27,17,62.96,69.51,72.6,75.76,68.73,86.88,71.09,67.28,12.9,15,49.83,69.41,Average,PIP
E0196,Ankita Gurjar,29,Customer Support,Support Executive,Full-Time,Permanent,B3,6.4,1.7,97.4,3,56,45,80.36,82.63,77.43,73.37,66.59,66.69,79.39,68.63,18.6,20,74.47,77.93,Good,Incentive
E0197,Milind Holkar,33,Customer Support,Support Executive,Full-Time,Permanent,B4,9.8,9.4,96.7,5,56,37,66.07,76.16,75.2,76.67,66.56,70.49,74.35,69.26,11.3,10,53.14,73.8,Good,Training
E0198,Preksha Shah,47,AI & Data Science,ML Engineer,Contract,6 Months,B4,14.8,1.8,91.6,2,15,9,60.0,68.3,64.7,62.22,77.23,64.87,65.79,65.94,2.5,15,71.46,68.57,Average,Training
E0199,Revati Arora,32,Finance,Financial Analyst,Full-Time,Permanent,B3,5.3,4.5,81.6,7,33,22,66.67,72.84,73.64,77.78,79.58,69.4,73.35,83.79,9.0,20,55.24,73.85,Good,Training
E0200,Ratnesh Unadkat,46,Customer Support,Support Analyst,Full-Time,Permanent,B5,19.0,14.9,85.1,14,21,12,57.14,61.61,64.18,59.63,71.42,76.28,67.34,77.62,0.0,20,64.02,66.3,Average,Training
E0201,Kanaklata Priyadarshini,57,Human Resources,HR Executive,Full-Time,Permanent,B5,24.6,14.2,92.7,6,26,19,73.08,70.69,72.73,77.82,65.86,80.67,72.4,73.79,12.7,25,85.71,75.63,Good,Training
E0202,Kamini Oberoi,40,AI & Data Science,ML Engineer,Full-Time,Permanent,B4,13.3,9.4,92.0,9,26,20,76.92,80.59,78.03,76.74,80.97,66.25,74.13,66.89,0.3,15,66.1,77.81,Good,Incentive
E0203,Indrasen Atlani,54,Human Resources,HR Executive,Contract,12 Months,B5,21.2,0.6,93.8,3,18,14,77.78,72.65,71.98,75.91,74.0,75.23,73.66,85.22,0.0,30,70.71,76.77,Good,Training
E0204,Garima Prakash,54,Finance,Finance Executive,Contract,24 Months,B5,18.7,18.1,90.9,9,35,22,62.86,71.46,72.07,71.81,75.7,84.83,73.27,77.46,5.6,15,49.74,72.66,Good,Training
E0205,Revati Chawla,35,Information Technology,Software Engineer,Full-Time,Permanent,B4,11.2,9.5,84.2,5,37,23,62.16,74.04,73.36,73.7,68.86,63.47,69.29,60.85,13.3,20,69.01,70.93,Good,Training
E0206,Archita Khajuria,57,Sales,Business Development Executive,Part-Time,6 Months,B5,15.7,6.6,86.9,14,45,35,77.78,80.2,75.79,79.21,71.48,69.11,74.02,77.09,12.7,10,42.76,75.93,Good,Incentive
E0207,Yashodhara Jaitley,39,Sales,Business Development Executive,Full-Time,Permanent,B3,6.2,6.0,78.6,19,28,18,64.29,61.48,64.83,58.95,54.87,49.37,63.32,57.68,5.3,20,72.42,62.92,Average,Training
E0208,Janardan Malhotra,42,Operations,Operations Manager,Full-Time,Permanent,B5,16.6,1.2,91.0,6,27,17,62.96,72.92,65.07,75.2,78.5,75.22,70.91,66.16,0.0,5,44.02,71.19,Good,Training
E0209,Rishabh Gadkari,44,Customer Support,Support Executive,Full-Time,Permanent,B4,10.6,3.4,90.2,10,58,43,74.14,67.83,71.92,68.45,61.46,66.66,74.1,68.91,19.5,5,52.36,70.62,Good,Training
E0210,Jamunadas Mohapatra,41,AI & Data Science,Data Scientist,Part-Time,12 Months,B4,14.6,2.3,96.5,7,17,13,76.47,79.21,75.52,84.48,70.35,71.84,75.77,84.61,3.8,25,65.18,78.91,Good,Incentive
E0211,Urmila Modi,34,Customer Support,Customer Success Associate,Part-Time,12 Months,B4,9.6,0.2,93.6,6,48,29,60.42,57.46,64.37,67.4,72.02,65.45,65.77,72.15,11.5,40,89.97,68.68,Average,Training
E0212,Ashwini Vishwakarma,41,AI & Data Science,Data Scientist,Full-Time,Permanent,B4,10.0,0.0,91.9,4,15,13,86.67,84.68,82.28,82.44,66.55,75.83,82.52,73.39,2.5,15,64.58,81.07,Excellent,Incentive
E0213,Gagan Wahal,29,Human Resources,HR Executive,Full-Time,Permanent,B3,5.2,0.2,96.4,0,21,12,57.14,56.51,57.41,55.15,66.16,54.34,63.31,70.42,0.0,15,65.45,62.86,Average,Training
E0214,Suyash Sardana,53,Finance,Finance Executive,Full-Time,Permanent,B5,26.4,1.6,94.7,8,26,15,57.69,68.9,60.66,69.79,77.96,85.06,64.31,71.63,2.1,15,60.49,69.9,Average,Training
E0215,Chandan Mittal,41,Human Resources,HR Executive,Full-Time,Permanent,B4,12.9,12.2,92.8,3,35,25,71.43,74.02,74.8,78.22,66.53,75.25,74.76,73.76,0.2,25,77.5,75.77,Good,Training
E0216,Tanuja Dixit,38,Customer Support,Support Executive,Full-Time,Permanent,B4,13.2,5.7,93.0,10,38,28,73.68,71.96,73.84,78.06,73.7,80.03,69.27,71.68,8.8,5,39.61,74.33,Good,Training
E0217,Mehul Supriyo,57,Customer Support,Support Executive,Full-Time,Permanent,B4,14.6,12.5,76.5,18,60,37,61.67,66.53,66.74,70.83,68.91,64.55,65.04,61.15,22.9,15,55.01,66.69,Average,Training
E0218,Pratiksha Shorey,43,Sales,Business Development Executive,Full-Time,Permanent,B5,18.3,12.6,94.5,6,21,14,66.67,73.62,71.53,65.89,74.26,72.46,72.71,59.82,0.0,20,76.7,72.62,Good,Training
E0219,Jagdish Chaudhari,45,Operations,Operations Executive,Full-Time,Permanent,B3,6.5,3.5,84.5,8,24,14,58.33,56.3,63.27,63.76,72.34,59.62,61.87,68.35,0.8,10,42.06,63.53,Average,Training
E0220,Umakant Khattar,36,Information Technology,Software Engineer,Full-Time,Permanent,B4,10.8,8.2,91.0,8,35,24,68.57,72.07,71.69,81.64,71.36,64.97,72.77,76.66,12.4,25,76.9,74.9,Good,Training
E0221,Harshit Shirke,27,Human Resources,HR Executive,Full-Time,Permanent,B2,3.7,2.8,83.1,12,34,21,61.76,60.2,59.31,70.59,67.31,61.37,65.21,62.5,8.3,40,98.17,67.18,Average,Training
E0222,Deepti Goswami,51,Sales,Sales Executive,Full-Time,Permanent,B3,7.7,1.6,91.0,10,44,32,72.73,69.3,71.81,76.32,76.75,56.39,70.76,64.83,13.1,25,63.59,73.08,Good,Training
E0223,Rajnath Nath,40,Information Technology,Cloud Engineer,Full-Time,Permanent,B4,10.8,10.2,74.2,21,18,7,38.89,43.11,51.26,60.15,63.85,70.89,50.95,59.15,0.0,25,67.16,55.22,Needs Improvement,PIP
E0224,Geetika Dholakia,31,Information Technology,System Administrator,Full-Time,Permanent,B2,4.9,0.8,83.2,15,29,18,62.07,61.98,69.41,69.53,78.29,66.98,73.28,81.09,13.7,30,70.74,70.2,Good,Training
E0225,Natasha Thackeray,39,Human Resources,HR Executive,Full-Time,Permanent,B4,13.6,7.1,94.4,5,28,23,82.14,75.1,74.78,83.17,77.18,74.99,75.41,88.27,8.0,30,91.56,80.95,Excellent,Training
E0226,Sanjana Supriyo,29,Human Resources,Talent Acquisition Specialist,Part-Time,6 Months,B2,3.4,1.9,96.2,5,24,18,75.0,78.97,79.04,84.26,75.55,60.4,81.01,75.76,6.8,40,98.33,80.54,Excellent,Incentive
E0227,Nikita Deshmukh,31,AI & Data Science,Data Scientist,Part-Time,12 Months,B3,6.3,3.9,91.2,2,26,16,61.54,58.89,66.1,61.01,72.07,61.23,65.53,79.24,0.0,15,53.16,66.42,Average,Training
E0228,Gayatri Bisht,24,Customer Support,Support Executive,Full-Time,Permanent,B1,0.8,0.2,88.6,12,56,44,78.57,80.61,82.24,86.08,84.65,62.39,82.1,77.23,21.7,30,79.85,81.53,Excellent,Incentive
E0229,Rishabh Damani,41,Finance,Finance Executive,Full-Time,Permanent,B5,18.9,9.8,93.7,10,27,19,70.37,72.27,73.27,65.74,67.87,71.12,74.35,66.6,0.0,25,63.86,72.2,Good,Training
E0230,Sheetalaprasad Srivastava,23,Finance,Accountant,Full-Time,Permanent,B1,0.8,0.8,90.7,8,30,18,60.0,64.39,61.33,68.46,67.1,51.72,65.45,76.48,6.3,25,85.18,67.85,Average,Training
E0231,Manish Sonkar,39,AI & Data Science,ML Engineer,Full-Time,Permanent,B4,10.9,4.2,97.0,2,27,16,59.26,65.65,60.08,60.93,76.53,71.69,62.23,63.97,8.8,10,47.7,66.52,Average,Training
E0232,Anamika Singhi,47,Information Technology,DevOps Engineer,Contract,6 Months,B5,17.9,4.5,94.3,10,40,28,70.0,63.1,72.41,66.4,72.24,72.81,67.33,74.78,16.8,25,68.62,71.62,Good,Training
E0233,Indu Sinha,28,Information Technology,Software Engineer,Full-Time,Permanent,B2,2.2,0.1,93.0,7,17,11,64.71,60.42,64.44,61.5,73.9,57.35,67.49,74.25,0.0,20,69.47,67.78,Average,Training
E0234,Nagesh Bind,41,Information Technology,DevOps Engineer,Part-Time,12 Months,B5,16.8,1.1,90.6,6,25,16,64.0,68.32,67.96,73.94,66.37,77.89,71.78,76.41,0.0,50,87.09,72.49,Good,Training
E0235,Suhasini Das,49,Operations,Operations Executive,Full-Time,Permanent,B5,19.4,18.0,92.5,9,35,27,77.14,81.78,82.17,74.89,66.77,70.45,78.41,70.64,9.9,15,62.88,77.44,Good,Incentive
E0236,Anushree Sahay,41,Information Technology,Cloud Engineer,Full-Time,Permanent,B2,4.9,1.0,87.1,9,24,19,79.17,77.83,76.11,67.51,70.6,62.16,77.8,78.46,0.0,5,36.89,73.63,Good,Training
E0237,Divya Gautam,25,Finance,Accountant,Full-Time,Permanent,B1,1.1,0.2,94.3,7,34,26,76.47,80.93,76.88,81.48,75.47,61.89,78.3,86.21,3.7,25,82.49,79.79,Good,Incentive
E0238,Vedika Hajariya,50,Information Technology,Software Engineer,Contract,24 Months,B5,18.2,3.0,90.9,3,40,28,70.0,76.15,75.21,72.13,68.28,75.39,70.74,61.44,9.2,20,78.77,74.26,Good,Training
E0239,Saket Saini,42,Information Technology,Software Engineer,Full-Time,Permanent,B3,8.0,0.7,94.0,10,19,16,84.21,75.57,83.58,82.64,84.39,62.12,81.82,79.28,4.7,25,65.82,81.19,Excellent,Incentive
E0240,Arijit Gujjar,23,Sales,Business Development Executive,Full-Time,Permanent,B1,0.9,0.6,90.4,9,48,32,66.67,61.64,66.78,71.15,73.45,51.22,69.5,67.24,3.4,20,59.81,68.71,Average,Training
E0241,Ketki Rawat,50,Operations,Process Analyst,Full-Time,Permanent,B4,10.3,1.2,97.1,1,26,15,57.69,64.49,64.03,63.98,81.26,67.46,66.99,82.24,0.0,25,63.77,69.39,Average,Training
E0242,Jalaj Rathod,47,AI & Data Science,ML Engineer,Full-Time,Permanent,B4,13.6,9.6,97.3,7,34,22,64.71,65.78,65.47,63.6,79.81,62.28,72.54,77.35,16.8,30,84.19,71.46,Good,Training
E0243,Rahul Nair,28,Finance,Accountant,Full-Time,Permanent,B2,3.6,0.8,87.7,14,28,17,60.71,72.94,66.77,74.69,82.27,67.51,71.72,77.82,9.6,20,66.53,72.44,Good,Training
E0244,Gagan Som,54,Marketing,Marketing Executive,Full-Time,Permanent,B5,27.6,22.0,85.8,9,32,21,65.62,68.22,69.31,66.45,62.09,74.71,65.66,64.68,7.1,15,64.85,68.72,Average,Training
E0245,Dishita Athawale,43,Operations,Process Analyst,Full-Time,Permanent,B5,15.7,1.2,97.1,7,23,20,86.96,84.39,83.3,81.63,73.02,83.84,79.93,87.17,8.6,30,79.47,83.97,Excellent,Incentive
E0246,Roopa Sonkar,43,Information Technology,Software Engineer,Full-Time,Permanent,B5,17.1,13.8,93.3,9,32,16,50.0,55.1,57.94,62.28,75.91,69.52,62.33,60.31,11.8,25,85.46,64.6,Average,Training
E0247,Kanaklata Chaturvedi,57,Marketing,Digital Marketing Specialist,Full-Time,Permanent,B5,31.0,26.4,77.6,11,15,9,60.0,68.81,69.29,68.71,83.82,75.18,74.11,82.22,0.0,20,64.54,70.97,Good,Training
E0248,Shwetank Prakash,40,AI & Data Science,Data Analyst,Part-Time,12 Months,B5,15.8,2.4,99.7,2,20,17,85.0,74.01,74.31,78.35,74.51,84.06,71.41,75.33,2.7,25,72.9,79.36,Good,Training
E0249,Gangotri Khera,36,Information Technology,System Administrator,Full-Time,Permanent,B3,8.2,2.9,85.4,14,35,25,71.43,78.75,72.07,74.8,75.06,62.57,78.07,71.91,0.4,10,52.04,73.83,Good,Training
E0250,Sahdev Keshari,23,Customer Support,Support Analyst,Part-Time,12 Months,B1,0.6,0.3,91.2,3,41,28,68.29,72.98,74.25,70.91,66.42,57.77,71.2,61.53,7.3,25,74.23,71.96,Good,Training
E0251,Sangeeta Chandra,25,Customer Support,Customer Success Associate,Full-Time,Permanent,B1,0.8,0.7,93.6,6,21,12,57.14,65.65,64.47,69.73,69.26,57.56,65.14,75.88,0.0,10,59.59,67.74,Average,Training
E0252,Sunanda Mazumdar,33,Information Technology,DevOps Engineer,Full-Time,Permanent,B2,3.7,0.6,90.8,9,26,20,76.92,81.64,75.8,80.49,83.44,68.95,76.32,76.12,3.2,10,43.63,77.9,Good,Incentive
E0253,Premnath Chawla,54,Operations,Operations Executive,Full-Time,Permanent,B5,23.3,4.9,91.7,6,44,36,81.82,85.02,77.1,77.72,75.28,88.55,82.0,75.45,12.8,20,61.57,80.33,Excellent,Incentive
E0254,Vaagdevi Tomar,34,Customer Support,Support Executive,Full-Time,Permanent,B4,11.7,8.0,77.8,21,52,38,73.08,75.69,75.9,71.55,78.84,64.88,74.75,68.0,23.5,20,71.88,74.07,Good,Training
E0255,Angad Sood,30,Information Technology,Cloud Engineer,Full-Time,Permanent,B3,5.3,3.6,96.0,1,31,25,80.65,71.74,75.86,69.62,64.61,49.38,69.84,67.87,12.3,30,93.76,74.78,Good,Training
E0256,Nandkishor Rode,48,Operations,Operations Executive,Full-Time,Permanent,B5,24.0,13.6,97.8,2,28,21,75.0,71.4,75.34,66.81,83.12,84.17,74.83,71.74,1.2,25,81.75,77.0,Good,Training
E0257,Tarika Khosla,50,Information Technology,Software Engineer,Full-Time,Permanent,B5,27.9,7.2,96.4,1,30,25,83.33,88.8,80.59,78.81,68.96,80.23,81.79,81.07,3.2,20,61.47,81.49,Excellent,Incentive
E0258,Neel Oberoi,49,Marketing,Marketing Executive,Full-Time,Permanent,B5,24.9,3.7,94.7,8,23,16,69.57,65.37,67.48,67.68,72.75,82.35,65.92,58.02,0.0,20,73.19,71.23,Good,Training
E0259,Sachin Chakraborty,39,AI & Data Science,AI Engineer,Part-Time,12 Months,B3,5.8,3.1,99.3,4,27,22,81.48,71.43,81.64,79.34,83.65,61.94,78.55,73.71,3.8,15,61.36,79.16,Good,Incentive
E0260,Suruchi Bind,42,Sales,Account Manager,Full-Time,Permanent,B4,10.4,0.9,93.7,4,16,11,68.75,65.57,71.08,72.7,64.09,65.72,69.02,73.34,0.0,25,83.36,72.07,Good,Training
E0261,Rohini Bhadauria,51,Information Technology,Software Engineer,Full-Time,Permanent,B5,16.1,3.4,92.6,10,19,16,84.21,85.2,80.04,72.08,76.05,65.7,84.23,81.75,0.0,25,62.86,79.82,Good,Incentive
E0262,Sujal Nair,57,Finance,Financial Analyst,Full-Time,Permanent,B5,30.2,3.2,94.0,5,17,11,64.71,73.64,69.16,77.78,83.55,78.99,78.67,87.79,0.0,25,65.93,76.12,Good,Training
E0263,Divakar Kaushik,40,Information Technology,Software Engineer,Full-Time,Permanent,B4,14.7,2.5,90.8,5,33,24,72.73,65.49,66.65,75.36,81.79,65.85,69.43,76.51,9.6,10,56.29,72.7,Good,Training
E0264,Priya Prakash,27,Sales,Sales Executive,Full-Time,Permanent,B2,3.2,1.3,97.2,0,39,28,71.79,67.31,70.86,79.3,83.56,58.8,68.28,78.74,9.6,15,50.44,74.28,Good,Training
E0265,Vilas Shah,24,Finance,Accountant,Full-Time,Permanent,B1,0.8,0.0,81.3,12,35,27,77.14,70.73,76.17,66.41,68.64,51.15,73.3,77.07,10.4,5,51.01,71.19,Good,Training
E0266,Parmanand Garg,52,Finance,Financial Analyst,Contract,24 Months,B5,17.5,10.1,93.7,7,22,13,59.09,69.54,64.19,62.28,80.5,72.3,67.72,76.2,0.0,20,67.11,69.85,Average,Training
E0267,Kiara Bhandarkar,27,Customer Support,Support Executive,Full-Time,Permanent,B1,1.8,1.3,94.9,5,46,39,84.78,74.83,81.26,69.76,78.59,55.66,72.66,64.95,7.2,25,82.24,77.72,Good,Training
E0268,Upendra Rai,55,AI & Data Science,AI Engineer,Full-Time,Permanent,B5,32.9,19.5,96.6,6,22,15,68.18,66.15,68.18,65.2,84.97,86.74,74.53,82.94,9.7,20,56.11,73.33,Good,Training
E0269,Suhani Roshan,40,Human Resources,HR Executive,Part-Time,6 Months,B4,10.6,2.5,90.1,8,21,10,47.62,50.78,52.16,62.39,65.7,59.47,57.47,56.02,5.7,5,43.87,58.36,Needs Improvement,PIP
E0270,Indraneel Arora,33,Operations,Operations Executive,Full-Time,Permanent,B3,8.0,6.9,77.5,20,36,22,61.11,57.79,61.99,61.46,74.45,66.56,68.7,81.28,1.5,10,62.02,65.48,Average,Training
E0271,Hritik Rathod,47,Human Resources,HR Executive,Full-Time,Permanent,B5,15.0,0.6,93.2,3,32,18,56.25,66.48,60.63,75.54,63.46,70.94,68.72,65.07,0.0,15,66.13,68.04,Average,Training
E0272,Guddoo Chandra,49,Operations,Process Analyst,Full-Time,Permanent,B3,7.9,2.9,92.5,3,35,25,71.43,76.35,75.65,76.17,76.43,70.6,77.91,69.71,1.4,30,93.52,77.42,Good,Incentive
E0273,Virat Ganguly,55,AI & Data Science,ML Engineer,Full-Time,Permanent,B5,32.0,2.5,81.0,7,30,20,66.67,63.47,64.26,75.73,68.78,81.97,68.0,59.91,0.0,30,70.54,69.52,Average,Training
E0274,Roshan Soni,57,Operations,Operations Executive,Contract,24 Months,B5,17.6,10.2,93.9,9,38,30,78.95,80.47,78.99,78.81,77.65,85.4,76.71,75.6,9.9,30,75.67,80.41,Excellent,Incentive
E0275,Anamika Lakhotia,43,AI & Data Science,Data Scientist,Contract,24 Months,B5,19.8,14.1,88.8,15,19,16,84.21,75.06,75.33,83.79,77.16,79.78,73.78,79.31,0.0,50,78.7,79.93,Good,Incentive
E0276,Vasundhara Khajuria,28,Finance,Financial Analyst,Full-Time,Permanent,B3,5.7,4.4,97.9,2,15,10,66.67,77.81,72.7,74.91,71.45,68.27,79.27,78.57,0.0,30,94.85,76.8,Good,Training
E0277,Ajeet Patwari,27,Sales,Business Development Executive,Contract,6 Months,B2,3.8,0.4,73.6,17,34,11,32.35,44.78,43.49,56.73,65.25,58.05,53.06,55.75,7.7,30,86.93,53.18,Needs Improvement,PIP
E0278,Bhaskar Pujari,25,Information Technology,Software Engineer,Full-Time,Permanent,B2,2.9,2.6,90.7,8,26,18,69.23,69.26,65.52,67.06,69.04,56.3,66.0,65.84,5.0,40,93.54,70.72,Good,Training
E0279,Nootan Tomar,32,Information Technology,Cloud Engineer,Contract,24 Months,B4,9.2,1.3,90.4,5,24,15,62.5,66.43,70.05,79.39,82.9,73.54,65.25,63.18,0.0,20,68.9,72.63,Good,Training
E0280,Sajjan Pradhan,39,Operations,Operations Executive,Full-Time,Permanent,B4,14.7,4.4,92.5,9,27,21,77.78,68.53,69.01,66.83,83.27,72.24,73.98,84.3,9.5,40,85.43,75.7,Good,Training
E0281,Sujata Garg,31,AI & Data Science,Data Scientist,Contract,6 Months,B3,6.3,2.3,92.2,6,35,28,80.0,81.5,84.27,85.9,83.29,58.32,78.61,76.09,5.1,20,72.33,81.57,Excellent,Incentive
E0282,Snehlata Bala,35,Information Technology,System Administrator,Contract,12 Months,B2,3.7,1.1,90.4,5,44,33,75.0,77.24,78.43,78.66,69.66,55.91,77.95,67.45,10.6,30,76.79,76.31,Good,Incentive
E0283,Swara Chopra,23,Marketing,Marketing Analyst,Full-Time,Permanent,B1,0.6,0.2,91.7,4,18,12,66.67,64.65,67.66,75.28,78.41,59.67,74.06,81.72,3.5,30,90.06,73.43,Good,Training
E0284,Sudevi Shorey,54,AI & Data Science,Data Scientist,Full-Time,Permanent,B5,16.4,11.3,84.0,14,31,25,80.65,83.29,78.86,82.29,80.79,73.23,79.44,64.64,0.0,10,45.66,78.39,Good,Incentive
E0285,Mahesh Joshi,53,Customer Support,Support Executive,Part-Time,6 Months,B4,9.6,7.4,90.2,3,27,22,81.48,84.34,81.32,72.15,65.75,56.38,79.28,65.07,3.7,40,80.14,77.53,Good,Incentive
E0286,Nitish Maken,48,Human Resources,HR Executive,Part-Time,12 Months,B5,25.0,8.7,84.5,14,22,15,68.18,70.65,66.09,75.94,77.59,84.39,75.2,80.69,0.0,15,66.35,73.67,Good,Training
E0287,Shantanu Singh,25,Customer Support,Support Analyst,Full-Time,Permanent,B2,2.3,0.4,90.5,7,32,22,68.75,69.61,70.44,70.21,71.15,55.04,72.95,80.08,1.3,15,65.55,71.7,Good,Training
E0288,Hari Javdekar,34,AI & Data Science,Data Scientist,Full-Time,Permanent,B3,5.8,5.7,92.8,6,28,18,64.29,62.59,61.53,72.48,77.2,56.04,69.5,71.01,4.1,20,57.63,68.84,Average,Training
E0289,Tara Paswan,27,Sales,Sales Executive,Full-Time,Permanent,B2,3.9,3.8,94.5,4,22,19,86.36,80.0,78.85,72.54,75.12,54.23,79.21,84.62,0.0,30,84.84,79.77,Good,Incentive
E0290,Janhvi Prakash,39,Sales,Account Manager,Contract,24 Months,B3,7.8,6.0,82.3,12,22,17,77.27,78.72,73.67,68.39,59.37,62.93,76.35,60.78,1.0,20,71.98,72.48,Good,Training
E0291,Shailesh Gandhi,45,Marketing,Marketing Analyst,Full-Time,Permanent,B4,14.7,7.2,91.5,9,30,20,66.67,69.67,69.81,77.01,64.82,76.34,75.38,75.58,6.8,20,76.32,73.29,Good,Training
E0292,Sudakshina Bhadauria,43,AI & Data Science,Data Analyst,Contract,12 Months,B5,19.2,3.2,91.6,8,35,24,68.57,75.44,72.95,74.12,75.92,78.17,75.05,75.85,5.8,15,48.89,74.31,Good,Training
E0293,Sunidhi Singhal,33,Customer Support,Customer Success Associate,Full-Time,Permanent,B4,10.8,3.5,65.6,21,31,20,64.52,73.61,70.64,77.55,73.91,67.38,77.39,78.21,4.0,15,53.37,70.72,Good,Training
E0294,Priyanshi Mantri,56,Operations,Operations Executive,Full-Time,Permanent,B5,22.2,0.8,92.1,10,48,35,72.92,72.27,68.31,71.11,65.26,78.1,67.42,59.55,14.9,10,52.21,71.29,Good,Training
E0295,Premchand Sahu,56,Finance,Finance Executive,Full-Time,Permanent,B5,24.2,8.8,92.5,3,32,22,68.75,65.93,66.66,65.85,78.99,80.5,72.41,73.07,4.7,25,69.33,71.99,Good,Training
E0296,Suhasini Mehta,37,Human Resources,HR Executive,Part-Time,12 Months,B3,8.6,4.6,83.6,14,31,21,67.74,69.46,72.43,67.0,72.85,69.6,69.86,59.25,0.0,15,71.55,70.65,Good,Training
E0297,Radhika Goenka,56,Finance,Accountant,Part-Time,12 Months,B5,32.3,23.5,67.8,24,24,15,62.5,62.33,67.4,73.44,74.86,85.82,73.13,82.55,0.0,15,54.68,68.93,Average,PIP
E0298,Hardik Dutt,55,Marketing,Digital Marketing Specialist,Full-Time,Permanent,B4,13.0,3.2,96.9,8,28,19,67.86,68.99,73.74,67.78,60.11,71.43,69.43,66.69,0.0,25,78.61,71.76,Good,Training
E0299,Sameet Priyadarshini,52,AI & Data Science,AI Engineer,Full-Time,Permanent,B4,14.2,0.9,97.8,1,27,19,70.37,79.75,76.82,70.63,75.76,79.35,74.95,63.6,9.3,40,81.3,76.95,Good,Incentive
E0300,Harishankar Pushkar,39,AI & Data Science,Data Analyst,Full-Time,Permanent,B4,11.7,4.6,91.2,8,26,14,53.85,55.03,55.24,70.33,66.27,68.07,60.66,68.22,0.0,20,78.72,64.7,Average,Training
E0301,Kriti Shirke,26,Finance,Financial Analyst,Full-Time,Permanent,B2,3.4,0.5,91.8,6,15,11,73.33,76.46,78.81,68.75,81.9,50.8,81.06,80.78,0.0,20,70.97,76.15,Good,Training
E0302,Urjita Chopra,39,Operations,Operations Manager,Full-Time,Permanent,B5,15.8,6.2,96.5,1,22,16,72.73,69.98,75.82,68.13,68.2,77.04,74.22,71.76,0.0,30,76.85,74.46,Good,Training
E0303,Vijendra Tandon,42,Sales,Account Manager,Full-Time,Permanent,B4,11.3,10.4,81.4,9,31,21,67.74,62.69,66.63,72.59,70.21,70.83,70.15,74.04,3.5,20,71.03,69.91,Average,Training
E0304,Sudheer Mukherjee,56,Marketing,Marketing Executive,Full-Time,Permanent,B4,12.5,6.5,97.7,2,34,24,70.59,75.38,76.07,72.36,79.32,66.27,76.69,73.96,4.5,30,89.99,77.21,Good,Incentive
E0305,Prakash Tendulkar,24,Human Resources,HR Executive,Full-Time,Permanent,B1,1.8,1.0,65.3,17,17,11,64.71,76.61,67.92,76.09,69.97,54.99,69.16,64.75,2.6,40,77.93,69.67,Average,PIP
E0306,Sonia Gautam,33,Finance,Financial Analyst,Full-Time,Permanent,B4,10.6,8.6,86.7,11,19,16,84.21,79.78,77.88,72.37,82.09,63.17,76.81,83.83,2.0,30,70.72,78.74,Good,Incentive
E0307,Bhoomika Umrao,45,Finance,Financial Analyst,Full-Time,Permanent,B5,16.9,1.4,94.4,8,21,17,80.95,82.6,82.42,84.0,67.25,68.63,78.03,72.03,1.5,50,98.48,81.52,Excellent,Incentive
E0308,Hemant Agrawal,53,Finance,Financial Analyst,Contract,24 Months,B5,16.4,15.9,92.9,6,20,15,75.0,75.07,79.33,83.36,70.83,77.05,72.42,67.83,10.9,10,41.1,76.21,Good,Incentive
E0309,Soham Dogra,38,Sales,Account Manager,Full-Time,Permanent,B4,14.5,8.9,91.3,7,28,19,67.86,77.23,70.72,82.5,71.51,80.41,77.01,83.27,4.5,10,45.75,75.35,Good,Training
E0310,Vishwanath Giri,26,Information Technology,System Administrator,Full-Time,Permanent,B2,3.7,1.8,94.9,10,35,26,74.29,73.8,70.39,76.7,68.99,53.27,69.37,64.82,5.9,30,88.75,74.48,Good,Training
E0311,Maitri Deshpande,25,Customer Support,Support Executive,Part-Time,6 Months,B1,1.7,0.1,93.4,7,26,16,61.54,62.48,69.37,63.0,79.38,47.66,66.43,67.4,8.5,30,82.0,68.91,Average,Training
E0312,Durga Jahagirdar,49,Customer Support,Customer Success Associate,Contract,12 Months,B5,25.9,25.9,97.6,2,26,18,69.23,77.61,76.33,72.39,82.18,81.38,78.58,82.81,4.0,10,46.38,76.77,Good,Incentive
E0313,Saurabh Chaturvedi,41,AI & Data Science,Data Scientist,Full-Time,Permanent,B4,10.5,6.8,96.3,4,30,20,66.67,74.85,73.56,81.77,82.77,68.58,73.92,87.51,2.8,20,64.7,77.17,Good,Training
E0314,Jyotsana Sonkar,40,Sales,Account Manager,Full-Time,Permanent,B4,10.4,4.4,69.8,24,36,23,63.89,62.95,67.65,63.01,73.54,64.9,66.32,70.4,10.5,20,77.68,66.92,Average,PIP
E0315,Jagriti Hajariya,44,Customer Support,Customer Success Associate,Full-Time,Permanent,B4,9.6,4.1,92.8,2,36,29,80.56,71.75,75.61,67.33,75.41,60.48,72.93,77.63,13.2,10,56.54,74.49,Good,Training
E0316,Raj Pujari,23,AI & Data Science,ML Engineer,Full-Time,Permanent,B1,0.5,0.4,92.2,6,25,18,72.0,81.22,79.54,72.9,77.55,57.23,79.59,66.72,5.4,10,53.36,75.67,Good,Incentive
E0317,Hitesh Phogat,34,AI & Data Science,Data Analyst,Full-Time,Permanent,B3,6.6,4.3,93.6,6,39,30,76.92,81.73,79.39,81.78,85.23,72.22,78.52,90.31,11.6,30,87.4,82.28,Excellent,Incentive
E0318,Rishi Mehta,56,Finance,Financial Analyst,Full-Time,Permanent,B5,30.0,25.7,90.4,9,19,16,84.21,80.53,76.3,71.06,75.49,87.21,74.84,64.72,1.9,40,89.63,79.22,Good,Incentive
E0319,Rangnath Dey,48,Operations,Operations Executive,Full-Time,Permanent,B3,8.5,7.2,92.1,9,43,29,67.44,71.46,72.67,81.92,71.03,66.55,72.51,63.53,21.5,40,80.8,74.51,Good,Training
E0320,Uddhav Mehra,31,Human Resources,HR Executive,Full-Time,Permanent,B3,8.3,3.5,92.5,7,29,24,82.76,83.5,76.68,74.09,68.75,58.83,74.36,66.64,0.2,40,83.48,77.85,Good,Incentive
E0321,Nisha Ray,44,Sales,Sales Executive,Full-Time,Permanent,B5,21.0,13.7,92.4,4,39,32,82.05,74.46,79.89,69.58,66.04,70.42,76.32,74.15,12.7,20,60.87,75.83,Good,Training
E0322,Anil Nishad,52,Operations,Operations Executive,Full-Time,Permanent,B5,26.1,23.3,65.9,23,23,16,69.57,73.53,68.25,67.1,66.44,73.46,66.8,65.02,0.0,40,81.69,69.35,Average,PIP
E0323,Hritik Surana,39,Sales,Business Development Executive,Contract,12 Months,B4,14.4,13.9,94.9,3,46,35,76.09,76.8,76.19,70.1,63.7,66.77,75.37,63.51,10.8,20,76.76,74.86,Good,Training
E0324,Somesh Sisodia,23,Operations,Operations Executive,Full-Time,Permanent,B1,1.0,0.8,76.7,25,30,23,76.67,72.35,71.54,68.86,72.66,56.33,71.82,78.69,0.0,30,83.24,72.85,Good,Training
E0325,Gautam Bandopadhyay,57,Human Resources,HR Executive,Full-Time,Permanent,B5,31.1,24.7,90.1,4,15,12,80.0,82.06,79.89,71.19,70.51,82.8,77.45,70.58,0.0,40,78.77,78.51,Good,Incentive
E0326,Sulabh Bhansali,37,Human Resources,Talent Acquisition Specialist,Full-Time,Permanent,B4,13.6,9.8,83.1,9,36,24,66.67,71.52,66.5,69.05,82.46,73.99,72.02,75.77,8.9,20,63.63,71.89,Good,Training
E0327,Bhagwati Saini,44,AI & Data Science,ML Engineer,Full-Time,Permanent,B5,17.4,15.3,92.7,5,17,14,82.35,79.98,78.17,74.73,65.5,81.56,78.76,79.3,0.0,20,65.57,78.36,Good,Incentive
E0328,Rajnath Rajawat,50,Information Technology,System Administrator,Full-Time,Permanent,B5,22.9,21.6,92.9,2,34,25,73.53,71.23,70.38,76.51,80.72,89.15,73.83,76.7,16.4,30,75.85,76.89,Good,Training
E0329,Pramila Mandal,46,Operations,Process Analyst,Full-Time,Permanent,B5,18.9,9.8,83.0,14,26,16,61.54,71.9,66.47,63.78,79.98,69.04,68.06,76.31,7.3,20,64.23,69.73,Average,Training
E0330,Pritika Ojha,48,Operations,Process Analyst,Full-Time,Permanent,B5,25.9,17.8,97.5,6,25,22,88.0,77.23,77.9,80.41,78.48,88.34,72.17,66.74,0.0,15,59.33,80.46,Excellent,Incentive
E0331,Eklavya Rana,29,Customer Support,Support Executive,Contract,6 Months,B2,2.4,1.4,67.1,21,44,24,54.55,70.3,62.19,68.45,66.45,56.02,66.48,78.81,20.3,15,67.98,65.14,Average,PIP
E0332,Harini Chandrachud,45,Marketing,Marketing Executive,Full-Time,Permanent,B4,14.1,4.4,91.7,8,30,21,70.0,77.6,77.0,70.02,73.59,75.56,75.58,64.21,0.0,10,58.2,74.4,Good,Training
E0333,Raju Gujjar,40,Information Technology,Software Engineer,Full-Time,Permanent,B5,17.4,15.5,93.2,4,37,27,72.97,65.36,72.01,76.15,76.88,79.75,66.84,69.43,14.5,30,93.93,75.48,Good,Training
E0334,Siddharth Bakshi,57,Operations,Operations Executive,Contract,6 Months,B5,34.0,9.3,87.5,14,34,24,70.59,64.86,69.8,67.24,72.71,85.16,68.83,74.46,5.3,15,48.1,70.72,Good,Training
E0335,Madhavi Maheshwari,47,AI & Data Science,AI Engineer,Full-Time,Permanent,B4,11.6,2.1,90.8,8,20,13,65.0,60.78,70.13,63.92,68.32,57.92,66.77,77.12,3.0,40,97.49,69.85,Average,Training
E0336,Jeetu Kulkarni,50,Sales,Business Development Executive,Full-Time,Permanent,B5,22.8,8.8,80.5,12,37,30,81.08,77.33,78.39,75.32,81.8,77.03,79.05,68.44,6.1,25,68.66,77.71,Good,Incentive
E0337,Vikram Athawale,39,Human Resources,HR Executive,Full-Time,Permanent,B3,6.8,6.6,94.9,5,32,25,78.12,84.95,84.5,82.25,81.18,74.6,80.44,66.11,4.3,10,63.05,81.29,Excellent,Incentive
E0338,Shruti Bhat,48,Human Resources,HR Executive,Full-Time,Permanent,B5,17.9,9.1,75.3,12,24,15,62.5,59.7,66.0,73.36,87.01,85.93,65.89,78.98,0.0,25,82.55,71.13,Good,Training
E0339,Mudita Thakkar,47,Information Technology,Cloud Engineer,Full-Time,Permanent,B4,10.2,9.8,88.2,7,35,21,60.0,72.64,68.51,63.14,59.36,62.41,69.94,57.25,2.5,10,61.92,66.98,Average,Training
E0340,Shiv Bhandari,42,Operations,Operations Manager,Full-Time,Permanent,B3,6.9,6.7,93.0,8,20,15,75.0,80.94,80.2,87.03,73.21,60.5,73.67,68.73,0.3,30,88.96,79.69,Good,Incentive
E0341,Kanchan Sonkar,32,Operations,Process Analyst,Part-Time,6 Months,B2,4.3,2.1,91.4,5,20,13,65.0,63.18,69.57,68.05,77.02,58.68,71.41,82.35,0.0,25,76.63,71.17,Good,Training
E0342,Sunil Mantri,40,AI & Data Science,AI Engineer,Contract,24 Months,B4,14.3,3.9,96.0,8,34,28,82.35,75.45,79.07,75.93,82.33,82.3,75.82,88.09,1.6,40,85.81,81.35,Excellent,Incentive
E0343,Nishu Chandrachud,44,Sales,Business Development Executive,Full-Time,Permanent,B5,18.0,15.9,82.5,11,37,24,64.86,67.51,62.87,62.93,68.52,64.39,66.9,58.06,13.7,10,46.25,65.61,Average,Training
E0344,Sonu Poddar,30,AI & Data Science,Data Analyst,Full-Time,Permanent,B2,4.6,0.1,97.9,4,27,20,74.07,67.53,69.35,68.09,65.0,62.07,71.09,59.89,2.8,30,85.49,72.07,Good,Training
E0345,Amarendra Sarkar,41,AI & Data Science,AI Engineer,Contract,12 Months,B4,9.2,7.8,66.8,24,16,10,62.5,63.4,66.58,61.13,72.78,58.65,67.63,74.73,4.9,15,62.49,65.17,Average,PIP
E0346,Vikalp Bahuguna,28,Finance,Accountant,Full-Time,Permanent,B2,2.0,1.3,90.1,10,30,18,60.0,66.79,61.46,59.0,72.84,58.95,70.66,74.16,9.7,10,52.72,66.21,Average,Training
E0347,Sangeeta Kamal,56,Sales,Sales Executive,Full-Time,Permanent,B5,28.8,1.7,83.9,15,44,32,72.73,71.04,73.43,74.1,71.01,80.59,69.64,64.72,17.9,25,66.12,73.24,Good,Training
E0348,Nihal Umar,28,Operations,Process Analyst,Full-Time,Permanent,B2,2.4,2.2,96.7,7,42,30,71.43,76.04,73.43,78.0,80.27,56.6,75.28,85.12,9.9,20,57.62,76.26,Good,Training
E0349,Premnath Ram,55,Customer Support,Customer Success Associate,Full-Time,Permanent,B5,19.8,4.2,93.8,7,45,39,86.67,86.79,81.43,74.99,76.34,72.09,80.21,89.76,15.6,15,62.14,81.71,Excellent,Incentive
E0350,Madhurima Bhandari,43,Information Technology,Software Engineer,Full-Time,Permanent,B4,9.4,1.6,96.5,3,15,13,86.67,76.92,78.54,69.92,68.13,66.64,81.41,83.55,0.2,20,60.26,77.86,Good,Training
E0351,Sanidhya Rana,26,Operations,Process Analyst,Contract,24 Months,B2,3.6,3.2,67.0,14,45,23,51.11,54.04,57.24,66.06,67.94,58.05,63.5,64.21,13.0,40,82.35,61.17,Average,PIP
E0352,Hari Balyan,52,AI & Data Science,Data Analyst,Contract,24 Months,B5,29.3,26.0,80.7,12,45,32,71.11,75.33,69.01,72.84,79.28,80.23,74.03,80.17,5.9,20,63.05,74.12,Good,Training
E0353,Mandavi Raje,31,Sales,Business Development Executive,Full-Time,Permanent,B3,5.0,4.6,90.2,5,48,38,79.17,72.51,79.64,74.41,82.23,63.58,78.23,70.45,9.6,10,42.1,75.82,Good,Incentive
E0354,Pritika Chandra,53,Information Technology,Software Engineer,Full-Time,Permanent,B5,15.6,7.0,91.8,9,25,18,72.0,69.08,66.83,69.23,61.16,77.27,66.92,65.48,7.0,25,76.17,71.16,Good,Training
E0355,Shrinath Dhanuka,46,AI & Data Science,Data Scientist,Full-Time,Permanent,B4,9.6,1.9,82.7,15,23,18,78.26,71.71,76.36,68.38,80.72,67.02,74.37,83.38,2.0,20,79.92,75.78,Good,Training
E0356,Vaagdevi Tandon,24,Sales,Account Manager,Contract,12 Months,B1,0.8,0.6,82.1,14,40,26,65.0,69.42,68.23,76.4,64.42,60.21,69.34,69.61,6.0,40,85.44,70.74,Good,Training
E0357,Anubhuti Pandit,33,AI & Data Science,Data Scientist,Contract,12 Months,B4,10.5,0.1,97.7,5,22,14,63.64,66.2,68.67,68.58,75.68,63.28,67.53,79.79,3.5,15,71.32,71.5,Good,Training
E0358,Urshita Ketkar,28,Information Technology,Software Engineer,Full-Time,Permanent,B2,2.3,0.2,92.3,6,17,8,47.06,51.09,55.81,55.71,72.6,43.81,58.92,75.32,0.0,40,84.65,61.08,Average,Training
E0359,Suhas Parmar,52,Sales,Sales Executive,Full-Time,Permanent,B5,19.2,3.3,96.8,2,23,19,82.61,73.46,77.07,79.7,84.82,76.61,77.75,73.54,0.0,25,66.47,79.81,Good,Incentive
E0360,Kalpana Bakshi,24,Sales,Business Development Executive,Full-Time,Permanent,B2,2.0,0.9,97.2,3,36,26,72.22,70.2,72.76,72.75,63.45,47.02,73.47,72.96,16.6,40,83.67,73.11,Good,Training
E0361,Urshita Awasthi,30,Operations,Operations Manager,Full-Time,Permanent,B2,3.1,1.9,91.9,4,33,24,72.73,66.45,72.97,64.06,66.81,61.14,73.5,82.46,5.6,30,92.56,72.79,Good,Training
E0362,Manju Gurjar,27,AI & Data Science,ML Engineer,Part-Time,12 Months,B2,2.8,0.5,80.4,5,17,13,76.47,78.39,78.6,76.62,72.19,52.59,73.18,71.83,0.0,15,65.23,74.91,Good,Training
E0363,Madan Maken,26,Sales,Business Development Executive,Full-Time,Permanent,B2,2.6,0.6,96.3,4,46,34,73.91,68.37,75.57,75.44,64.06,60.27,68.99,66.35,12.6,15,58.52,72.74,Good,Training
E0364,Amitabh Roshan,55,Operations,Process Analyst,Full-Time,Permanent,B4,9.4,6.0,93.3,3,32,21,65.62,72.23,69.25,73.73,67.76,59.37,67.5,61.12,5.3,40,80.0,71.63,Good,Training
E0365,Lokendra Garg,34,Customer Support,Support Executive,Full-Time,Permanent,B4,9.0,2.0,97.6,2,35,29,82.86,72.13,77.66,80.87,78.46,70.4,77.75,72.12,3.3,15,50.15,78.16,Good,Incentive
E0366,Subhadra Nagar,48,Human Resources,HR Executive,Full-Time,Permanent,B5,15.4,1.0,97.3,5,16,11,68.75,63.37,65.3,64.74,82.77,65.82,68.03,73.21,1.2,50,96.26,72.5,Good,Training
E0367,Vishnu Pandey,33,Marketing,Marketing Analyst,Full-Time,Permanent,B3,8.3,8.1,91.7,7,36,21,58.33,63.85,61.95,68.89,70.29,65.19,64.72,73.2,0.0,15,62.91,67.45,Average,Training
E0368,Raghavendra Govil,35,Sales,Business Development Executive,Full-Time,Permanent,B2,3.8,1.4,81.4,8,40,26,65.0,60.41,69.63,70.92,82.41,56.88,69.11,85.17,2.2,25,81.51,70.91,Good,Training
E0369,Anamika Upadhyay,55,Information Technology,Cloud Engineer,Full-Time,Permanent,B4,13.3,0.7,98.0,3,34,26,76.47,82.48,78.49,72.73,65.75,68.81,82.61,78.7,21.7,40,78.14,78.31,Good,Incentive
E0370,Indresh Piramal,32,Information Technology,Software Engineer,Full-Time,Permanent,B2,4.8,3.5,81.6,8,24,16,66.67,65.83,67.52,72.09,78.05,53.07,71.48,66.5,7.0,20,59.19,69.29,Average,Training
E0371,Manikarnika Dave,32,Marketing,Digital Marketing Specialist,Full-Time,Permanent,B4,9.7,4.7,92.1,3,39,21,53.85,68.37,61.16,68.46,65.18,61.12,66.12,72.05,8.2,20,63.33,66.63,Average,Training
E0372,Damyanti Swaraj,35,Customer Support,Support Executive,Contract,24 Months,B4,10.3,5.1,97.9,5,49,35,71.43,72.5,73.93,75.49,63.97,73.13,72.49,72.4,20.8,25,67.36,74.46,Good,Training
E0373,Rakshita Som,42,Finance,Accountant,Full-Time,Permanent,B5,15.4,10.0,97.5,3,35,28,80.0,70.1,78.67,77.53,81.94,78.64,74.27,81.22,0.2,15,62.55,78.72,Good,Incentive
E0374,Vallabh Phogat,31,Operations,Process Analyst,Contract,12 Months,B3,7.0,6.8,77.7,23,25,14,56.0,68.42,61.68,64.57,78.24,59.43,68.44,82.59,4.6,20,76.91,67.56,Average,Training
E0375,Narad Gujral,33,Marketing,Marketing Analyst,Part-Time,12 Months,B3,8.9,8.3,91.5,4,30,21,70.0,63.03,64.26,71.15,76.79,69.47,64.7,72.58,0.0,15,52.05,70.04,Good,Training
E0376,Abhay Athawale,57,Operations,Operations Executive,Full-Time,Permanent,B4,13.5,10.2,88.1,11,34,25,73.53,76.26,76.02,82.17,69.98,70.21,72.62,67.81,12.5,20,69.64,76.02,Good,Incentive
E0377,Reet Gautam,27,Operations,Operations Executive,Full-Time,Permanent,B2,4.8,3.2,96.1,3,36,24,66.67,74.69,69.9,73.23,72.66,59.59,77.3,86.24,4.4,25,71.08,74.26,Good,Training
E0378,Sanidhya Patnaik,36,Sales,Sales Executive,Full-Time,Permanent,B3,7.2,2.4,84.1,11,43,24,55.81,68.4,68.3,62.37,68.07,67.33,69.59,60.13,8.7,15,58.8,66.24,Average,Training
E0379,Puja Chawla,33,Sales,Sales Executive,Full-Time,Permanent,B4,10.5,3.4,94.4,7,41,25,60.98,64.91,66.23,67.22,63.46,62.32,72.02,74.4,23.9,40,97.63,70.01,Good,Training
E0380,Mahalakshmi Reddy,34,Information Technology,Software Engineer,Full-Time,Permanent,B3,8.1,6.9,90.6,3,24,18,75.0,80.82,82.0,87.78,88.22,78.9,79.8,78.68,0.0,25,68.58,82.02,Excellent,Incentive
E0381,Kunal Gambhir,23,Human Resources,HR Analyst,Full-Time,Permanent,B1,0.9,0.8,91.1,6,30,20,66.67,77.49,73.83,78.05,82.41,57.97,79.98,87.15,3.2,25,85.6,77.29,Good,Training
E0382,Pramod Nayak,44,Customer Support,Customer Success Associate,Full-Time,Permanent,B5,16.3,12.8,96.9,3,27,23,85.19,77.41,78.34,70.14,74.38,68.17,79.22,70.06,6.6,25,65.69,77.95,Good,Incentive
E0383,Madhu Bindra,51,Sales,Sales Executive,Full-Time,Permanent,B4,11.4,4.4,93.9,4,36,29,80.56,81.48,80.68,72.01,78.25,65.59,78.68,61.89,7.0,25,66.19,78.04,Good,Incentive
E0384,Suman Gadkari,36,Operations,Operations Manager,Full-Time,Permanent,B3,6.9,3.5,91.4,9,35,23,65.71,74.71,70.67,76.77,85.13,62.84,75.09,71.19,10.9,15,65.82,74.58,Good,Training
E0385,Uday Gupta,57,Operations,Process Analyst,Full-Time,Permanent,B5,30.1,27.5,80.2,11,30,22,73.33,72.56,73.13,70.99,63.06,80.44,71.11,70.64,11.9,25,64.93,72.18,Good,Training
E0386,Hansika Rajpurohit,27,Finance,Financial Analyst,Full-Time,Permanent,B2,3.9,1.1,82.0,8,35,25,71.43,64.09,71.83,72.33,86.4,54.89,74.72,78.6,3.9,20,76.04,73.0,Good,Training
E0387,Udit Gond,36,Customer Support,Support Executive,Full-Time,Permanent,B4,13.8,9.0,94.8,8,40,29,72.5,65.22,67.86,69.5,84.56,75.29,69.11,77.37,6.8,25,81.94,74.38,Good,Training
E0388,Vividha Sawant,26,Sales,Sales Executive,Full-Time,Permanent,B1,1.2,0.6,92.5,2,38,28,73.68,75.42,75.28,71.26,82.45,51.06,76.28,80.87,0.7,25,73.34,75.92,Good,Incentive
E0389,Shantanu More,47,AI & Data Science,AI Engineer,Part-Time,6 Months,B4,13.8,9.7,94.1,10,30,21,70.0,64.12,72.31,71.89,79.87,76.76,70.09,82.45,3.6,40,92.38,75.23,Good,Training
E0390,Jayant Nag,30,Operations,Operations Executive,Full-Time,Permanent,B2,3.2,0.5,94.3,2,22,16,72.73,81.92,76.46,74.93,73.7,66.49,74.14,76.5,0.0,20,78.66,77.5,Good,Incentive
E0391,Rupali Azad,36,AI & Data Science,ML Engineer,Full-Time,Permanent,B4,13.1,13.1,92.6,3,16,9,56.25,58.21,57.57,60.33,82.22,70.74,62.13,76.99,0.0,25,64.36,66.05,Average,Training
E0392,Geetanjali Ketkar,55,Sales,Sales Executive,Full-Time,Permanent,B5,31.6,21.4,96.3,3,22,15,68.18,72.83,68.87,74.34,80.44,81.82,73.83,77.61,3.0,25,66.6,75.3,Good,Training
E0393,Rajyawardhan Saha,37,Human Resources,Talent Acquisition Specialist,Full-Time,Permanent,B3,6.8,3.6,92.0,7,40,28,70.0,64.56,73.19,76.53,79.18,60.39,66.28,65.29,13.5,50,94.57,74.09,Good,Training
E0394,Akash Keshari,39,Sales,Sales Executive,Part-Time,12 Months,B3,5.5,1.9,91.4,6,39,24,61.54,59.23,58.9,61.43,64.52,61.65,66.03,75.31,9.0,30,83.79,66.1,Average,Training
E0395,Leela Kaushik,24,AI & Data Science,Data Scientist,Full-Time,Permanent,B1,0.7,0.1,93.7,2,35,25,71.43,80.98,77.56,73.13,80.09,50.47,81.94,78.03,9.3,15,58.19,76.28,Good,Incentive
E0396,Rajeshwar Gujral,28,Operations,Operations Manager,Full-Time,Permanent,B2,2.9,0.3,75.2,12,20,9,45.0,56.82,50.98,57.1,78.22,45.74,65.01,77.53,0.0,25,85.81,60.53,Average,Training
E0397,Murali Sahu,29,Finance,Finance Executive,Contract,24 Months,B2,2.4,0.0,87.5,5,37,24,64.86,67.1,68.02,67.52,79.86,64.42,76.0,85.33,15.6,5,43.72,70.33,Good,Training
E0398,Dhananjay Chakraborty,37,Information Technology,Software Engineer,Full-Time,Permanent,B3,7.7,0.4,90.9,3,25,15,60.0,72.5,64.87,71.01,66.69,58.1,70.02,79.3,0.0,15,65.95,69.68,Average,Training
E0399,Pratiksha Modanwal,55,Customer Support,Support Analyst,Full-Time,Permanent,B5,30.4,28.4,97.7,0,31,23,74.19,65.83,71.03,67.59,65.73,80.05,67.44,61.55,10.8,15,60.73,71.63,Good,Training
E0400,Sangeet Malik,49,Customer Support,Support Executive,Part-Time,12 Months,B4,11.3,4.5,83.9,7,59,37,62.71,72.46,64.67,69.16,67.67,63.32,71.29,80.81,19.8,20,76.76,70.12,Good,Training
E0401,Rajkumar Ambani,55,Information Technology,Software Engineer,Full-Time,Permanent,B5,16.4,0.5,94.7,6,18,12,66.67,68.2,69.37,76.29,72.91,79.91,74.87,80.09,0.0,30,79.72,74.57,Good,Training
E0402,Avdhesh Priyadarshini,49,AI & Data Science,ML Engineer,Full-Time,Permanent,B5,20.6,1.1,96.9,0,28,19,67.86,70.01,67.86,63.59,72.92,80.61,67.41,68.77,3.9,15,50.38,70.74,Good,Training
E0403,Komal Mandal,26,Operations,Operations Executive,Full-Time,Permanent,B2,3.4,2.4,90.9,4,27,19,70.37,65.35,68.55,66.05,61.21,45.32,65.2,63.01,6.7,25,80.0,68.44,Average,Training
E0404,Girish Mishra,32,Human Resources,HR Executive,Full-Time,Permanent,B2,2.9,0.3,94.7,8,22,16,72.73,70.37,67.83,62.94,72.46,49.67,67.54,58.23,0.0,40,77.52,70.44,Good,Training
E0405,Koustubh Guru,32,Human Resources,HR Executive,Full-Time,Permanent,B2,2.6,1.4,96.7,5,33,25,75.76,76.0,74.41,77.64,70.82,64.79,70.84,67.57,6.4,25,85.3,76.75,Good,Training
E0406,Satyam Nag,35,Customer Support,Support Executive,Full-Time,Permanent,B3,6.6,4.8,99.2,2,27,23,85.19,75.11,78.81,80.25,86.0,72.74,79.39,87.84,1.0,20,64.15,81.63,Excellent,Incentive
E0407,Chandrabhan Acharya,46,Finance,Accountant,Contract,6 Months,B4,9.0,2.5,96.6,0,45,32,71.11,80.74,72.16,80.8,77.41,68.17,72.69,75.75,7.0,25,72.26,77.57,Good,Training
E0408,Vaagishwari Arora,37,AI & Data Science,Data Analyst,Full-Time,Permanent,B2,3.8,3.5,92.5,10,28,18,64.29,64.6,63.74,71.54,66.23,48.7,65.64,73.32,6.3,5,36.2,66.69,Average,Training
E0409,Yukta Bisht,27,Operations,Operations Executive,Contract,6 Months,B2,3.3,0.0,85.4,10,30,20,66.67,62.29,68.86,70.23,72.85,59.26,68.46,78.69,13.6,30,75.48,70.13,Good,Training
E0410,Sameeksha Maheshwari,26,Customer Support,Customer Success Associate,Contract,24 Months,B1,1.3,1.0,93.3,10,26,17,65.38,74.29,67.63,67.83,79.83,60.1,69.42,73.98,6.2,15,65.66,72.04,Good,Training
E0411,Meera Choudhuri,24,AI & Data Science,Data Scientist,Full-Time,Permanent,B1,1.8,0.3,93.6,6,15,14,93.33,83.59,90.11,88.75,74.9,54.0,84.64,86.61,0.0,20,73.11,85.14,Excellent,Incentive
E0412,Vallabh Saxena,48,AI & Data Science,ML Engineer,Full-Time,Permanent,B3,6.8,5.6,96.3,1,23,18,78.26,70.87,76.3,65.97,86.29,56.16,78.15,85.83,3.5,20,72.69,76.61,Good,Training
E0413,Jyotiraditya Choudhuri,27,Sales,Account Manager,Part-Time,12 Months,B2,2.5,0.4,74.7,13,15,8,53.33,66.6,58.34,62.68,77.66,48.88,68.52,68.91,2.7,10,56.38,63.51,Average,PIP
E0414,Narayan Dutt,32,Operations,Operations Manager,Full-Time,Permanent,B2,3.8,0.4,88.6,10,17,13,76.47,77.98,72.89,82.31,89.61,66.13,75.33,87.95,0.0,25,77.49,79.61,Good,Training
E0415,Mimansa Mandal,28,Sales,Business Development Executive,Full-Time,Permanent,B3,5.4,1.5,91.8,6,45,33,73.33,81.04,79.35,83.3,91.7,71.92,78.26,87.89,15.8,30,94.41,82.53,Excellent,Incentive
E0416,Vineet Bindra,48,Human Resources,HR Analyst,Full-Time,Permanent,B4,12.8,1.6,91.8,9,28,16,57.14,63.06,67.51,70.8,66.17,75.93,72.2,76.21,8.4,20,68.73,69.23,Average,Training
E0417,Ketki Bharati,34,Operations,Operations Executive,Full-Time,Permanent,B3,6.8,3.9,93.7,3,27,16,59.26,62.35,60.52,72.18,71.49,55.25,61.74,67.61,7.5,30,89.47,68.37,Average,Training
E0418,Rangnath Lohia,40,AI & Data Science,AI Engineer,Contract,12 Months,B3,7.8,6.5,66.9,14,27,15,55.56,66.44,65.22,67.63,59.47,61.02,65.62,58.94,1.0,25,66.45,63.47,Average,PIP
E0419,Vignesh Soman,34,AI & Data Science,Data Scientist,Full-Time,Permanent,B4,10.3,1.5,86.7,13,24,19,79.17,77.19,79.87,76.52,66.03,59.21,75.13,80.34,0.0,15,51.51,75.5,Good,Incentive
E0420,Jyotsana Bhat,26,Customer Support,Support Executive,Full-Time,Permanent,B1,1.8,1.0,82.0,7,42,25,59.52,73.22,67.63,79.97,66.6,58.71,67.67,64.46,5.7,15,66.15,69.76,Average,Training
E0421,Rahul Kelkar,30,Information Technology,Cloud Engineer,Part-Time,6 Months,B2,2.3,0.9,91.3,3,17,11,64.71,65.91,69.98,67.84,62.63,46.28,66.36,65.04,9.4,15,52.54,67.17,Average,Training
E0422,Shivesh Mangeshkar,50,AI & Data Science,Data Analyst,Full-Time,Permanent,B5,27.7,13.4,66.3,19,20,12,60.0,73.66,70.3,80.81,72.43,78.72,71.98,75.52,0.8,10,56.87,70.74,Good,Training
E0423,Niharika Bakshi,31,AI & Data Science,Data Analyst,Full-Time,Permanent,B3,6.2,2.4,94.3,6,25,19,76.0,69.55,73.17,79.65,77.96,71.17,72.95,64.61,0.0,15,71.59,76.0,Good,Training
E0424,Apoorva Maurya,51,Information Technology,Software Engineer,Contract,12 Months,B3,8.1,5.8,91.2,3,19,16,84.21,82.16,86.59,74.38,77.48,61.79,81.73,63.82,0.0,30,92.38,80.95,Excellent,Incentive
E0425,Mala Tagore,44,Information Technology,DevOps Engineer,Full-Time,Permanent,B4,10.1,3.7,67.5,24,23,10,43.48,63.02,61.41,71.17,82.01,75.74,69.13,69.73,0.0,15,57.73,64.43,Average,PIP
E0426,Kartik Agnihotri,23,Finance,Accountant,Full-Time,Permanent,B1,0.3,0.1,94.4,2,39,32,82.05,87.94,78.27,84.63,81.34,52.58,78.78,83.55,9.9,20,69.25,81.72,Excellent,Incentive
E0427,Kailash Gujjar,43,Operations,Process Analyst,Full-Time,Permanent,B4,12.6,6.7,96.2,2,43,34,79.07,70.79,79.95,74.12,72.24,61.89,74.07,73.93,8.8,30,72.86,76.57,Good,Incentive
E0428,Pratibha Nautiyal,45,AI & Data Science,ML Engineer,Full-Time,Permanent,B4,11.3,0.4,91.9,7,28,16,57.14,71.77,62.97,64.33,72.69,64.36,64.32,56.81,1.9,15,51.04,66.72,Average,Training
E0429,Kamini Malhotra,37,Information Technology,Cloud Engineer,Contract,24 Months,B3,6.2,5.5,80.5,11,25,17,68.0,78.56,71.07,69.04,76.06,61.86,78.8,84.88,7.7,40,89.26,74.4,Good,Training
E0430,Ramesh Dubey,31,Information Technology,Cloud Engineer,Full-Time,Permanent,B2,3.2,2.1,97.5,5,15,10,66.67,63.47,66.8,62.67,64.81,62.09,69.03,80.3,0.0,25,62.59,68.87,Average,Training
E0431,Sudeshna Chaudhari,32,Finance,Finance Executive,Full-Time,Permanent,B2,4.1,4.0,92.7,4,34,22,64.71,66.17,65.76,77.01,80.72,52.78,73.8,86.63,17.6,25,84.19,73.26,Good,Training
E0432,Shaily Chawla,48,Human Resources,HR Executive,Full-Time,Permanent,B5,16.7,12.8,81.6,11,26,18,69.23,65.6,70.06,71.42,80.33,79.19,68.95,69.86,4.1,15,63.01,71.69,Good,Training
E0433,Ashutosh Vats,47,AI & Data Science,Data Scientist,Contract,6 Months,B5,15.6,11.7,96.2,7,31,20,64.52,69.61,63.72,65.46,64.33,68.91,67.18,68.18,7.4,10,64.19,68.97,Average,Training
E0434,Parthivi Srivastava,24,Sales,Business Development Executive,Full-Time,Permanent,B1,1.1,0.2,87.9,9,29,20,68.97,77.0,75.94,74.38,81.73,55.78,70.88,67.93,9.8,15,56.86,73.98,Good,Training
E0435,Shraddha Bajaj,49,Customer Support,Support Analyst,Full-Time,Permanent,B5,26.5,5.1,94.1,8,24,16,66.67,77.27,70.95,77.94,70.82,73.5,71.7,72.26,1.4,10,54.42,74.01,Good,Training
E0436,Geetanjali Gurjar,39,AI & Data Science,ML Engineer,Full-Time,Permanent,B2,4.6,0.1,96.3,8,17,12,70.59,73.39,67.7,75.78,81.83,67.06,72.02,87.03,0.0,25,68.04,75.64,Good,Training
E0437,Shivaji Bahl,46,Sales,Account Manager,Full-Time,Permanent,B4,10.7,0.6,67.0,10,35,20,57.14,71.87,69.54,65.22,66.53,57.54,72.01,83.21,8.3,30,92.82,68.2,Average,PIP
E0438,Vinod Fadnavis,28,Finance,Financial Analyst,Full-Time,Permanent,B3,5.8,0.4,91.9,7,35,30,85.71,89.11,87.84,78.06,65.49,62.07,82.5,64.86,9.3,5,56.9,80.16,Excellent,Incentive
E0439,Devasena Atrey,55,Marketing,Marketing Executive,Full-Time,Permanent,B4,14.5,1.8,92.7,10,31,23,74.19,79.04,73.21,72.93,66.92,64.24,74.48,85.09,4.6,15,52.48,74.68,Good,Training
E0440,Ranjan Khanna,44,Sales,Business Development Executive,Part-Time,12 Months,B4,14.0,5.6,81.6,15,47,33,70.21,78.66,71.94,72.82,80.79,69.47,77.46,76.14,11.1,50,87.2,75.8,Good,Training
E0441,Jyotsana Dubey,43,Sales,Account Manager,Full-Time,Permanent,B4,14.8,6.4,91.9,3,29,21,72.41,67.49,66.54,69.94,68.92,76.65,70.76,74.43,9.0,5,37.0,70.48,Good,Training
E0442,Kaavya Pradhan,39,Human Resources,HR Executive,Full-Time,Permanent,B4,9.0,7.0,82.9,5,25,12,48.0,52.44,55.63,58.49,56.51,54.28,56.22,59.65,1.5,15,61.52,57.71,Needs Improvement,PIP
E0443,Lokendra Kejriwal,42,Sales,Sales Executive,Full-Time,Permanent,B3,8.0,6.4,95.0,8,23,17,73.91,67.71,68.67,67.62,72.98,58.63,70.41,68.67,10.7,40,82.11,72.48,Good,Training
E0444,Sonam Chopra,50,Customer Support,Support Executive,Full-Time,Permanent,B3,8.5,0.8,97.4,4,45,33,73.33,78.35,74.42,76.59,76.47,64.15,76.3,70.14,0.8,20,76.22,77.13,Good,Training
E0445,Diwakar Umrao,29,AI & Data Science,Data Scientist,Part-Time,6 Months,B2,2.3,0.7,92.2,4,17,12,70.59,66.73,74.14,70.29,87.76,66.81,76.92,84.73,0.0,10,63.68,74.87,Good,Training
E0446,Neeraj Jahagirdar,35,Sales,Business Development Executive,Full-Time,Permanent,B4,10.1,9.3,90.6,7,47,34,72.34,67.11,71.88,77.91,82.1,72.55,73.9,85.98,22.2,15,59.45,75.25,Good,Training
E0447,Siddhi Gaharwar,41,Operations,Process Analyst,Full-Time,Permanent,B5,15.7,11.2,94.2,5,41,31,75.61,77.97,79.87,81.1,73.65,70.45,77.04,65.82,5.7,20,63.51,77.81,Good,Incentive
E0448,Rachana Tagore,52,Sales,Account Manager,Full-Time,Permanent,B4,10.4,9.5,92.3,10,21,17,80.95,83.77,77.63,74.36,67.84,72.81,77.89,66.13,1.5,10,61.9,77.46,Good,Incentive
E0449,Shivesh Dikshit,51,Operations,Operations Executive,Full-Time,Permanent,B5,21.6,9.8,88.3,6,31,22,70.97,71.18,68.36,71.43,63.45,72.45,68.11,73.0,0.7,20,62.35,71.26,Good,Training
E0450,Sameeksha Roy,41,Information Technology,Cloud Engineer,Full-Time,Permanent,B3,6.3,0.3,81.0,6,16,13,81.25,85.98,82.41,76.14,71.03,69.0,82.91,77.65,0.0,20,64.82,78.79,Good,Incentive
E0451,Kamalashankar Vyas,36,Information Technology,DevOps Engineer,Full-Time,Permanent,B3,6.5,3.9,90.5,10,37,24,64.86,70.55,71.27,78.57,70.07,66.05,70.92,80.31,5.8,50,91.65,74.29,Good,Training
E0452,Namrata Priyadarshini,24,Information Technology,Software Engineer,Full-Time,Permanent,B1,1.5,1.3,94.8,2,30,22,73.33,80.45,75.88,68.76,73.09,50.91,71.97,60.34,9.8,25,81.37,74.78,Good,Training
E0453,Markandeya Rajpurohit,52,Operations,Operations Executive,Full-Time,Permanent,B5,15.4,8.4,91.3,9,20,14,70.0,77.49,71.63,71.36,77.45,80.15,76.93,73.91,0.0,25,78.5,75.92,Good,Training
E0454,Sangeet Ram,26,Sales,Sales Executive,Full-Time,Permanent,B1,1.7,1.3,96.7,1,26,21,80.77,86.11,80.26,73.02,75.66,57.32,82.13,69.34,3.4,50,96.9,80.54,Excellent,Incentive
E0455,Preyash Ghosh,51,Human Resources,HR Executive,Full-Time,Permanent,B5,27.8,7.7,85.2,10,34,27,79.41,71.27,78.63,76.69,74.74,73.1,73.3,84.19,9.5,25,75.58,77.2,Good,Incentive
E0456,Chandrakanti Rajpurohit,25,Finance,Financial Analyst,Full-Time,Permanent,B1,1.8,0.4,96.2,7,24,18,75.0,66.34,70.49,76.88,63.48,61.98,70.4,62.19,0.8,25,86.46,73.33,Good,Training
E0457,Pranjal Bisht,32,AI & Data Science,Data Analyst,Full-Time,Permanent,B4,9.4,2.7,78.1,17,45,25,55.56,65.49,61.79,65.57,83.32,73.37,69.47,81.11,15.0,40,95.11,69.36,Average,Training
E0458,Sajjan Rathi,56,AI & Data Science,Data Analyst,Full-Time,Permanent,B4,10.7,6.1,92.7,8,45,33,73.33,80.49,75.54,70.26,68.81,73.53,77.9,72.33,17.2,20,65.69,75.57,Good,Incentive
E0459,Pragya Narayan,45,AI & Data Science,Data Analyst,Contract,12 Months,B3,7.3,1.0,97.6,8,31,18,58.06,57.47,61.67,66.43,75.46,59.89,62.25,64.51,14.6,40,86.51,67.51,Average,Training
E0460,Prakash Gaur,54,Information Technology,DevOps Engineer,Full-Time,Permanent,B5,22.3,18.3,93.5,2,18,12,66.67,73.79,72.57,77.91,65.48,72.17,73.18,62.95,0.0,20,60.59,72.98,Good,Training
E0461,Shailendra Kayasth,51,Information Technology,DevOps Engineer,Full-Time,Permanent,B5,17.8,12.2,80.0,14,18,12,66.67,69.93,66.95,63.58,67.01,70.58,70.35,57.46,0.0,15,53.37,67.36,Average,Training
E0462,Sunaina Rastogi,25,Marketing,Digital Marketing Specialist,Full-Time,Permanent,B1,1.2,1.0,90.9,10,21,16,76.19,75.36,73.56,77.45,79.34,60.75,76.38,87.95,6.0,25,65.18,76.92,Good,Training
E0463,Gangotri Lokhande,30,AI & Data Science,ML Engineer,Full-Time,Permanent,B2,2.1,0.6,94.5,9,16,14,87.5,90.27,84.52,76.31,78.22,49.51,82.9,87.75,0.0,15,70.06,82.57,Excellent,Incentive
E0464,Saloni Pednekar,25,Information Technology,Software Engineer,Full-Time,Permanent,B2,2.0,0.9,96.3,4,27,17,62.96,59.62,67.59,67.91,78.45,50.41,71.25,84.47,3.5,25,78.97,70.44,Good,Training
E0465,Arpita Wahal,50,Marketing,Digital Marketing Specialist,Full-Time,Permanent,B5,24.4,1.6,75.3,17,18,13,72.22,76.09,74.12,78.06,68.45,84.1,77.3,70.74,0.0,40,93.2,75.72,Good,Training
E0466,Marutanjali Pednekar,56,AI & Data Science,Data Scientist,Full-Time,Permanent,B5,27.6,12.2,93.2,2,20,13,65.0,65.37,69.12,68.1,78.1,73.24,70.3,85.54,0.0,20,62.15,71.83,Good,Training
E0467,Dinesh Saha,46,Operations,Operations Manager,Full-Time,Permanent,B5,16.5,10.4,91.0,4,15,10,66.67,67.13,67.58,70.88,62.61,76.01,70.27,60.72,0.0,30,84.26,70.76,Good,Training
E0468,Vidisha Chandra,38,Human Resources,Talent Acquisition Specialist,Contract,6 Months,B4,9.3,5.8,97.1,2,45,34,75.56,75.67,71.5,73.74,71.59,56.78,73.72,61.65,7.9,15,68.2,74.36,Good,Training
E0469,Avantika Acharya,43,Operations,Operations Executive,Full-Time,Permanent,B4,13.7,3.3,93.1,6,32,24,75.0,77.08,76.19,82.85,88.14,85.19,78.09,79.48,11.1,15,69.7,80.42,Excellent,Incentive
E0470,Jyotiraditya Piramal,40,Marketing,Digital Marketing Specialist,Contract,24 Months,B5,16.8,1.0,94.0,2,26,23,88.46,92.17,91.57,87.64,71.59,79.15,91.21,84.57,4.1,15,48.54,85.71,Excellent,Incentive
E0471,Ranbir Malode,29,Information Technology,Software Engineer,Full-Time,Permanent,B3,5.9,5.2,88.4,5,39,25,64.1,72.85,66.3,72.87,76.92,53.3,70.06,69.41,5.8,10,57.53,70.47,Good,Training
E0472,Nandu Haldar,43,AI & Data Science,Data Analyst,Contract,12 Months,B3,8.3,3.6,68.2,10,27,21,77.78,75.29,78.88,82.01,67.59,70.83,79.95,78.52,6.7,15,48.92,74.58,Good,Training
E0473,Mohan Haldar,41,Information Technology,Software Engineer,Full-Time,Permanent,B4,14.1,3.4,85.5,12,36,24,66.67,62.98,62.81,62.75,70.53,72.65,65.19,70.7,11.0,30,93.54,68.99,Average,Training
E0474,Sujata Keshari,40,Operations,Operations Executive,Full-Time,Permanent,B3,5.9,2.0,94.8,9,28,17,60.71,58.33,66.86,73.55,69.83,61.68,64.04,73.59,2.2,30,89.7,69.83,Average,Training
E0475,Samar Gehlot,27,Sales,Business Development Executive,Full-Time,Permanent,B2,3.1,0.1,83.5,6,21,15,71.43,68.81,72.32,72.3,74.36,49.62,71.75,83.77,2.6,10,47.63,71.15,Good,Training
E0476,Neetoo Das,24,Sales,Sales Executive,Part-Time,12 Months,B1,1.7,1.0,91.7,8,47,34,72.34,72.0,75.05,78.39,63.66,53.44,73.51,63.68,18.4,25,83.96,73.93,Good,Training
E0477,Rimsha Srivatsa,34,Sales,Business Development Executive,Full-Time,Permanent,B4,11.6,5.4,99.2,0,28,19,67.86,75.6,76.51,68.5,71.88,64.08,73.28,66.8,0.5,25,82.06,74.69,Good,Training
E0478,Dharam Menon,52,Marketing,Marketing Executive,Full-Time,Permanent,B4,11.5,5.3,92.3,7,30,22,73.33,76.33,75.28,73.85,65.84,74.15,76.27,76.96,1.9,50,86.01,76.3,Good,Incentive
E0479,Jayshree Verma,57,Operations,Operations Executive,Full-Time,Permanent,B4,12.6,7.8,66.6,11,25,11,44.0,58.08,58.73,65.66,72.1,59.68,62.2,56.81,2.3,25,83.94,60.97,Average,PIP
E0480,Mayuri Bharadwaj,44,Marketing,Marketing Executive,Full-Time,Permanent,B4,12.8,6.5,82.9,10,36,22,61.11,64.5,66.49,75.55,67.82,74.64,65.36,63.62,11.9,20,71.3,68.97,Average,Training
E0481,Shakti Gandhi,39,AI & Data Science,ML Engineer,Full-Time,Permanent,B3,6.2,3.7,81.9,10,31,17,54.84,65.67,65.08,73.66,85.62,62.11,70.06,78.53,3.9,30,86.23,70.49,Good,Training
E0482,Kishore Kedia,45,Finance,Accountant,Full-Time,Permanent,B4,13.0,9.5,97.1,0,39,26,66.67,69.1,69.43,70.26,78.78,66.85,67.63,66.35,7.1,15,66.69,72.28,Good,Training
E0483,Sulochana Maali,39,Information Technology,DevOps Engineer,Full-Time,Permanent,B4,9.9,9.5,90.4,10,31,22,70.97,64.97,68.3,69.54,77.04,61.3,70.08,64.88,16.9,15,70.23,71.14,Good,Training
E0484,Palash Kapoor,39,Human Resources,HR Executive,Full-Time,Permanent,B4,10.7,1.6,94.4,5,20,16,80.0,84.84,75.85,71.16,73.08,74.52,78.61,67.7,0.0,10,40.85,76.61,Good,Incentive
E0485,Rajani Atlani,24,Customer Support,Support Executive,Contract,12 Months,B1,1.9,0.7,92.8,6,32,22,68.75,68.08,73.01,69.62,65.2,57.82,69.28,76.25,16.7,40,90.77,72.42,Good,Training
E0486,Hansini Kelkar,31,Sales,Business Development Executive,Full-Time,Permanent,B3,6.2,5.1,90.8,2,38,30,78.95,79.2,79.99,77.23,67.27,65.52,75.68,71.62,3.2,30,75.81,77.54,Good,Incentive
E0487,Sagarika Lakhotia,26,Marketing,Marketing Analyst,Full-Time,Permanent,B2,3.5,1.5,82.9,7,19,15,78.95,69.55,79.32,82.06,77.9,57.48,79.52,83.98,0.0,15,54.7,76.35,Good,Incentive
E0488,Sunaina Batra,51,Operations,Operations Executive,Contract,24 Months,B5,23.6,21.8,90.7,5,37,29,78.38,83.13,81.92,71.53,87.96,82.19,84.42,86.59,12.7,5,53.31,80.44,Excellent,Incentive
E0489,Tripurari Piramal,45,Information Technology,DevOps Engineer,Full-Time,Permanent,B4,13.4,1.7,94.6,3,29,20,68.97,77.89,73.23,67.78,64.57,70.65,76.33,62.85,7.2,15,49.36,72.06,Good,Training
E0490,Nihal Sisodia,28,Information Technology,Cloud Engineer,Full-Time,Permanent,B3,5.0,3.5,88.3,11,18,10,55.56,69.93,67.42,67.51,78.55,66.63,68.54,81.0,0.0,25,62.7,69.69,Average,Training
E0491,Ramdhari Ram,43,Sales,Sales Executive,Full-Time,Permanent,B5,18.1,13.3,81.8,6,50,30,60.0,65.54,67.17,64.5,70.37,75.83,69.8,69.0,22.4,25,78.28,68.44,Average,Training
E0492,Atishay Raje,56,Finance,Finance Executive,Contract,6 Months,B5,30.8,20.6,93.2,7,32,23,71.88,72.64,68.74,65.12,80.29,74.51,76.97,81.75,7.8,20,71.56,74.35,Good,Training
E0493,Sushant Khemka,47,Customer Support,Customer Success Associate,Full-Time,Permanent,B4,13.7,1.8,97.7,7,39,29,74.36,73.04,71.37,69.4,81.79,76.92,69.46,73.08,10.0,20,64.78,75.39,Good,Training
E0494,Gangotri Khattar,34,Information Technology,Software Engineer,Full-Time,Permanent,B3,5.0,3.2,71.3,17,33,22,66.67,76.16,72.02,78.99,83.44,65.68,69.46,64.69,2.6,25,86.26,73.85,Good,Training
E0495,Indrajit Sonkar,44,Operations,Operations Executive,Full-Time,Permanent,B5,18.1,1.1,67.9,16,25,17,68.0,76.37,71.28,77.67,66.29,74.03,72.29,69.15,0.0,5,53.64,70.87,Good,Training
E0496,Ankit Jaiswal,53,Operations,Operations Executive,Full-Time,Permanent,B3,8.3,5.2,90.2,3,46,29,63.04,72.2,70.19,65.92,68.57,54.1,69.96,78.38,11.8,30,89.06,71.15,Good,Training
E0497,Bhavika Nagar,56,Sales,Business Development Executive,Contract,6 Months,B5,27.3,21.6,85.5,9,45,30,66.67,66.5,68.4,61.9,61.79,69.59,69.15,64.19,8.4,10,64.17,67.6,Average,Training
E0498,Seema Nath,29,Customer Support,Customer Success Associate,Full-Time,Permanent,B1,1.8,0.9,91.9,10,42,29,69.05,64.28,65.81,76.96,68.21,53.79,68.21,70.83,11.7,25,70.81,70.61,Good,Training
E0499,Kanakpratap Gaitonde,39,Information Technology,DevOps Engineer,Full-Time,Permanent,B3,7.4,1.0,92.4,5,16,12,75.0,79.68,74.16,72.53,64.95,58.16,75.55,69.76,0.0,25,81.38,75.18,Good,Training
E0500,Kriti Kanetkar,50,Information Technology,Cloud Engineer,Full-Time,Permanent,B5,21.9,11.3,98.0,1,18,12,66.67,68.29,64.68,62.67,66.81,68.22,63.4,56.48,0.0,40,77.84,69.12,Average,Training
E0501,Shilpi Bajaj,24,Marketing,Digital Marketing Specialist,Full-Time,Permanent,B1,1.8,0.8,66.6,19,38,25,65.79,76.4,73.11,74.99,72.94,59.29,72.63,77.78,5.7,25,80.36,72.0,Good,Training
E0502,Yashika Narayan,23,Information Technology,Software Engineer,Full-Time,Permanent,B1,1.0,0.9,86.4,12,15,13,86.67,79.4,78.58,77.02,68.82,58.9,78.28,89.79,0.0,10,51.46,77.69,Good,Incentive
E0503,Anmol Khera,48,Finance,Financial Analyst,Full-Time,Permanent,B5,17.4,3.9,94.6,6,24,21,87.5,88.74,89.11,85.56,80.48,78.49,82.25,75.12,0.0,10,43.81,84.13,Excellent,Incentive
E0504,Pallav Gupta,33,Information Technology,Software Engineer,Part-Time,12 Months,B3,5.5,4.2,91.4,9,21,16,76.19,69.97,76.61,82.95,81.13,58.48,69.75,66.07,0.0,40,83.08,76.98,Good,Incentive
E0505,Akshit Hazari,57,Operations,Process Analyst,Full-Time,Permanent,B5,16.7,12.7,83.5,11,42,23,54.76,61.4,59.25,65.68,79.9,80.43,67.89,70.36,19.9,30,91.0,67.99,Average,Training
E0506,Antima Rathi,46,Sales,Business Development Executive,Full-Time,Permanent,B4,12.3,0.3,92.3,7,43,26,60.47,64.23,65.86,75.24,71.05,67.13,73.78,84.8,8.3,50,79.9,71.49,Good,Training
E0507,Mandavi Jadhav,27,AI & Data Science,ML Engineer,Full-Time,Permanent,B2,2.6,0.7,97.2,0,35,26,74.29,70.6,72.93,65.09,67.71,56.32,76.99,77.48,11.9,40,99.93,74.46,Good,Training
E0508,Kumud Dasgupta,42,Finance,Finance Executive,Part-Time,6 Months,B3,5.6,0.2,96.3,2,19,16,84.21,73.69,82.03,70.82,78.33,58.03,79.51,73.8,0.0,15,68.81,78.08,Good,Incentive
E0509,Shambhu Gautam,39,Operations,Operations Executive,Full-Time,Permanent,B5,15.8,9.3,97.0,6,33,24,72.73,79.43,77.23,69.39,76.03,77.42,75.59,82.98,2.7,15,60.14,76.93,Good,Training
E0510,Ashirwad Poddar,56,Information Technology,Software Engineer,Full-Time,Permanent,B5,23.0,16.0,92.3,3,17,12,70.59,66.58,65.93,66.07,61.8,68.93,65.52,74.44,0.0,25,74.01,69.93,Average,Training
E0511,Ram Bhat,24,Sales,Account Manager,Full-Time,Permanent,B1,1.6,0.2,74.9,15,23,17,73.91,68.0,70.21,66.54,78.02,49.43,67.36,63.35,0.2,20,69.47,69.57,Average,PIP
E0512,Tara Kamble,31,Operations,Process Analyst,Full-Time,Permanent,B3,8.7,5.1,85.1,11,31,22,70.97,74.94,74.99,71.28,83.03,67.23,75.75,69.73,1.8,15,60.33,74.29,Good,Training
E0513,Omkar Bhawsar,23,Finance,Financial Analyst,Full-Time,Permanent,B1,0.7,0.1,85.3,10,33,22,66.67,67.45,69.49,62.75,75.26,59.26,67.39,76.37,2.5,25,65.01,69.41,Average,Training
E0514,Ruchika Khajuria,47,Finance,Financial Analyst,Full-Time,Permanent,B5,21.4,9.8,92.2,8,30,23,76.67,81.93,75.7,74.79,77.65,76.63,79.98,70.63,7.1,40,94.08,79.41,Good,Incentive
E0515,Lokendra Jindal,25,Operations,Operations Manager,Full-Time,Permanent,B1,0.8,0.4,97.8,8,21,18,85.71,89.86,85.7,76.69,84.03,49.95,81.54,82.06,1.2,20,64.9,82.8,Excellent,Incentive
E0516,Stuti Paswan,52,AI & Data Science,AI Engineer,Full-Time,Permanent,B4,9.3,2.2,80.8,8,19,17,89.47,87.64,89.39,81.72,74.37,67.4,86.02,78.93,0.0,25,85.32,83.63,Excellent,Incentive
E0517,Kajol Mohapatra,34,Operations,Operations Executive,Full-Time,Permanent,B4,9.9,1.3,97.8,6,39,30,76.92,74.39,71.37,73.19,78.12,62.29,75.45,80.43,10.0,20,75.58,76.66,Good,Training
E0518,Aparajita Srivastava,39,Information Technology,System Administrator,Full-Time,Permanent,B3,8.1,0.8,90.9,4,29,16,55.17,58.8,62.16,65.48,79.4,57.61,62.58,63.48,0.0,25,65.16,65.71,Average,Training
E0519,Aditya Dutt,34,Sales,Business Development Executive,Full-Time,Permanent,B4,10.3,1.7,84.6,15,34,23,67.65,61.68,68.57,72.08,63.0,63.14,69.74,70.85,13.8,40,87.55,69.82,Average,Training
E0520,Shraddha Chopra,46,Customer Support,Support Executive,Full-Time,Permanent,B4,13.6,10.3,96.2,0,46,32,69.57,79.31,76.14,72.3,76.89,78.15,76.2,74.96,19.0,20,56.0,76.17,Good,Incentive
E0521,Sudevi Agnihotri,53,AI & Data Science,Data Analyst,Full-Time,Permanent,B5,17.6,11.9,90.1,6,25,16,64.0,64.23,65.45,67.56,59.89,64.88,68.3,65.67,0.0,15,60.87,67.17,Average,Training
E0522,Chanchal Chaudhari,45,Finance,Finance Executive,Full-Time,Permanent,B4,13.7,8.5,97.8,8,33,23,69.7,70.83,66.92,68.5,80.22,73.77,71.19,62.04,5.5,20,79.51,73.52,Good,Training
E0523,Gangesh Goenka,38,Sales,Sales Executive,Full-Time,Permanent,B5,15.4,4.0,94.4,8,50,33,66.0,62.44,63.47,63.07,69.12,76.22,63.13,64.3,16.5,20,74.02,68.48,Average,Training
E0524,Vividha Pradhan,47,Information Technology,Cloud Engineer,Full-Time,Permanent,B5,23.3,15.8,83.7,5,40,23,57.5,62.13,58.92,61.27,81.1,74.26,62.64,71.08,5.4,5,40.62,64.88,Average,Training
E0525,Prateek Das,34,Operations,Process Analyst,Full-Time,Permanent,B3,6.0,2.3,96.0,5,30,24,80.0,75.56,76.89,75.23,70.68,65.0,78.55,82.11,5.0,40,99.19,79.06,Good,Incentive
E0526,Pratima Kamat,48,Information Technology,DevOps Engineer,Full-Time,Permanent,B4,12.2,3.8,90.1,4,34,28,82.35,77.18,78.39,85.58,85.36,75.73,74.82,65.22,8.3,15,70.53,80.39,Excellent,Incentive
E0527,Natwar Reddy,48,Customer Support,Support Executive,Full-Time,Permanent,B4,10.6,1.2,87.8,11,60,47,78.33,75.56,79.21,75.39,72.14,65.06,74.42,78.67,29.5,30,77.94,77.07,Good,Incentive
E0528,Natasha Dadhich,32,Finance,Accountant,Part-Time,12 Months,B2,3.7,3.2,90.0,7,44,30,68.18,69.94,66.88,77.61,77.84,69.13,69.13,70.82,3.6,25,77.97,73.53,Good,Training
E0529,Bhagwat Malhotra,39,Marketing,Digital Marketing Specialist,Contract,12 Months,B4,12.0,2.0,93.4,7,15,12,80.0,82.5,83.71,83.06,86.75,80.42,78.8,80.19,0.0,15,70.93,82.92,Excellent,Incentive
E0530,Govind Maurya,43,Information Technology,DevOps Engineer,Full-Time,Permanent,B4,12.5,3.1,94.9,4,29,21,72.41,73.32,69.36,74.14,82.44,65.51,71.04,69.02,12.0,50,75.17,75.16,Good,Training
E0531,Anshuman Sood,29,Customer Support,Support Analyst,Full-Time,Permanent,B2,3.9,1.0,90.6,10,42,35,83.33,72.08,77.53,79.24,72.53,65.99,76.2,70.87,5.8,25,78.74,77.73,Good,Incentive
E0532,Ritu Vats,29,AI & Data Science,Data Scientist,Part-Time,6 Months,B3,5.5,2.0,90.7,5,30,22,73.33,68.84,68.06,73.17,79.46,61.91,66.1,61.44,11.0,15,54.88,71.74,Good,Training
E0533,Mahadevi Kamble,30,Sales,Business Development Executive,Full-Time,Permanent,B3,6.6,1.0,82.0,10,38,19,50.0,56.35,55.13,70.17,72.43,60.83,59.08,60.42,6.7,25,66.16,62.52,Average,Training
E0534,Ragini Maheshwari,45,Marketing,Marketing Executive,Full-Time,Permanent,B4,11.0,6.4,86.5,13,27,16,59.26,64.37,68.2,77.89,78.68,69.98,70.27,78.32,11.4,20,78.15,71.81,Good,Training
E0535,Saket Kamal,53,Information Technology,DevOps Engineer,Full-Time,Permanent,B5,29.8,10.2,82.0,9,34,19,55.88,67.44,66.64,72.39,71.55,85.84,71.6,68.73,12.2,30,83.1,70.17,Good,Training
E0536,Jeetu Mathur,57,Sales,Sales Executive,Full-Time,Permanent,B5,17.4,1.2,92.7,10,47,35,74.47,67.3,75.05,72.16,68.52,79.84,70.31,74.93,5.3,40,96.44,75.54,Good,Incentive
E0537,Apoorv Bachchan,39,AI & Data Science,Data Analyst,Full-Time,Permanent,B3,5.4,1.0,96.1,2,36,25,69.44,67.93,67.1,65.59,73.11,51.54,73.63,78.26,16.4,10,51.96,70.2,Good,Training
E0538,Aparna Prakash,46,Information Technology,System Administrator,Full-Time,Permanent,B4,14.8,8.4,94.3,3,43,33,76.74,82.9,81.32,74.16,80.2,73.29,77.73,84.46,14.3,30,85.03,80.74,Excellent,Incentive
E0539,Sameeksha Jahagirdar,56,Finance,Accountant,Contract,12 Months,B5,15.2,8.1,86.1,13,29,17,58.62,66.56,60.79,71.7,59.35,76.88,65.08,62.59,1.4,30,86.82,67.76,Average,Training
E0540,Anadi Goswami,48,Marketing,Digital Marketing Specialist,Full-Time,Permanent,B5,21.7,16.6,84.5,10,39,25,64.1,68.45,63.83,65.4,73.71,70.87,66.22,73.38,9.6,30,89.65,70.09,Good,Training
E0541,Anand More,37,Customer Support,Support Analyst,Full-Time,Permanent,B4,12.6,9.8,88.4,12,49,31,63.27,73.61,67.27,65.35,66.74,70.85,69.79,66.47,10.0,20,74.06,70.0,Good,Training
E0542,Moni Shastry,26,Human Resources,Talent Acquisition Specialist,Contract,12 Months,B1,1.1,0.8,86.5,9,31,19,61.29,57.75,62.07,63.46,76.33,58.86,65.41,71.13,7.8,20,61.85,65.83,Average,Training
E0543,Banshidhar Bhatt,47,Information Technology,System Administrator,Full-Time,Permanent,B5,15.1,14.7,74.2,25,27,15,55.56,58.52,61.55,63.31,70.25,65.72,61.06,58.43,5.7,10,58.75,62.48,Average,PIP
E0544,Anushree Thackeray,55,Operations,Process Analyst,Full-Time,Permanent,B5,22.2,9.7,84.9,15,28,16,57.14,64.38,66.42,72.23,76.69,86.07,67.85,62.7,2.9,30,93.93,70.71,Good,Training
E0545,Arunita Singh,24,Information Technology,System Administrator,Full-Time,Permanent,B1,1.0,0.7,91.3,2,24,21,87.5,76.46,80.24,75.65,65.25,54.72,80.54,75.84,1.1,20,55.8,76.98,Good,Incentive
E0546,Sudha Guru,56,Information Technology,Software Engineer,Full-Time,Permanent,B4,10.4,1.0,90.6,4,40,34,85.0,81.74,85.37,82.13,81.06,65.18,78.05,77.99,9.9,25,82.94,82.51,Excellent,Incentive
E0547,Shivanshi Thackeray,35,Sales,Sales Executive,Full-Time,Permanent,B3,6.6,3.5,94.1,8,48,34,70.83,63.92,69.99,61.59,62.22,52.15,70.31,79.67,13.8,25,70.67,69.22,Average,Training
E0548,Deepa Vaidya,54,Customer Support,Support Analyst,Full-Time,Permanent,B5,21.8,4.1,82.8,6,20,10,50.0,59.33,62.71,58.11,62.29,65.23,65.39,58.07,3.5,40,91.45,63.04,Average,Training
E0549,Shailesh Khajuria,51,Human Resources,HR Executive,Contract,6 Months,B5,24.0,0.7,97.9,1,27,18,66.67,61.28,70.12,75.82,62.43,76.33,65.16,66.22,4.4,10,64.23,70.71,Good,Training
E0550,Karan Mehta,51,AI & Data Science,ML Engineer,Full-Time,Permanent,B5,23.6,7.5,88.9,13,26,22,84.62,80.87,81.47,86.84,72.55,80.78,80.68,65.95,0.0,10,49.01,80.04,Excellent,Incentive
E0551,Himanshi Saha,38,Customer Support,Customer Success Associate,Full-Time,Permanent,B4,12.4,8.1,97.8,0,50,33,66.0,77.27,74.04,82.14,81.33,67.49,69.48,64.09,12.3,20,55.97,75.68,Good,Training
E0552,Abhigyan Rajawat,32,Marketing,Marketing Analyst,Full-Time,Permanent,B2,3.8,2.0,87.3,15,20,16,80.0,75.89,81.81,82.96,67.46,58.25,74.79,65.43,0.0,30,85.55,77.78,Good,Incentive
E0553,Bahadur Ahuja,42,AI & Data Science,ML Engineer,Full-Time,Permanent,B3,7.2,2.9,93.8,10,20,13,65.0,62.52,61.28,73.34,81.26,57.61,63.4,60.62,9.8,25,65.86,69.2,Average,Training
E0554,Dheeraj Prakash,52,Finance,Finance Executive,Full-Time,Permanent,B5,22.3,8.2,93.6,9,30,28,93.33,91.27,92.46,80.74,67.27,87.6,83.38,72.21,4.0,10,42.37,84.03,Excellent,Incentive
E0555,Hema Atrey,36,AI & Data Science,Data Scientist,Full-Time,Permanent,B4,10.4,3.4,97.3,8,31,24,77.42,77.92,80.95,82.66,73.05,72.18,77.15,67.98,6.7,40,84.63,79.97,Good,Incentive
E0556,Monu Seth,26,AI & Data Science,Data Analyst,Part-Time,6 Months,B1,1.5,0.5,92.4,7,26,17,65.38,71.0,72.44,74.33,67.82,57.21,72.85,73.0,2.5,10,46.98,71.0,Good,Training
E0557,Kalavati Pradhan,47,Information Technology,DevOps Engineer,Full-Time,Permanent,B5,16.5,10.9,91.7,10,23,18,78.26,69.47,73.19,75.38,70.44,69.65,74.89,87.51,6.3,15,69.33,75.73,Good,Training
E0558,Yashodhara Anand,37,Marketing,Marketing Analyst,Contract,24 Months,B3,5.8,4.8,97.0,2,36,27,75.0,70.13,68.46,75.25,75.76,55.95,72.9,69.74,12.1,25,82.51,74.66,Good,Training
E0559,Vasundhara Rai,46,Sales,Account Manager,Full-Time,Permanent,B3,8.9,6.1,94.3,5,39,31,79.49,81.7,79.77,86.55,71.71,59.98,82.55,76.75,5.5,25,73.03,80.34,Excellent,Incentive
E0560,Pooja Gaharwar,28,AI & Data Science,AI Engineer,Full-Time,Permanent,B2,2.6,1.4,88.3,14,34,18,52.94,68.7,58.46,65.24,75.15,60.35,66.52,59.46,9.9,50,81.06,66.52,Average,Training
E0561,Amogh Shekhawat,46,Marketing,Marketing Executive,Full-Time,Permanent,B4,10.1,9.6,83.6,14,36,24,66.67,63.49,66.66,71.8,64.6,57.61,68.15,79.7,13.6,20,71.51,68.96,Average,Training
E0562,Ritu Desai,35,Sales,Business Development Executive,Full-Time,Permanent,B4,12.8,11.7,82.4,5,32,15,46.88,62.64,55.57,66.36,62.96,69.96,65.62,66.92,10.2,20,62.28,62.49,Average,Training
E0563,Niranjan Saxena,29,Customer Support,Support Analyst,Full-Time,Permanent,B3,6.2,3.1,92.2,2,40,21,52.5,53.47,60.04,69.62,83.38,65.36,62.43,77.06,8.1,20,55.32,65.91,Average,Training
E0564,Anisha Raina,30,Finance,Accountant,Full-Time,Permanent,B2,2.6,2.0,92.8,8,39,23,58.97,64.91,68.51,67.83,75.15,61.52,73.05,74.71,6.2,25,65.44,69.56,Average,Training
E0565,Shashinath Hatwal,32,Sales,Account Manager,Full-Time,Permanent,B3,5.5,4.1,87.1,12,33,27,81.82,85.79,77.22,76.81,83.74,62.6,83.93,84.29,7.2,25,70.72,80.41,Excellent,Incentive
E0566,Parthivi Garg,48,Sales,Account Manager,Full-Time,Permanent,B5,22.5,7.7,96.5,7,40,34,85.0,73.59,78.59,84.68,83.02,78.54,77.19,71.63,13.1,25,70.55,81.13,Excellent,Incentive
E0567,Mahua Dasgupta,25,Operations,Operations Manager,Full-Time,Permanent,B2,2.1,1.6,96.5,4,18,11,61.11,73.22,64.03,68.52,76.38,60.65,68.3,74.54,2.6,20,65.94,70.79,Good,Training
E0568,Ahilya Jain,27,Information Technology,Software Engineer,Full-Time,Permanent,B2,4.7,3.3,93.8,10,20,17,85.0,79.71,83.1,74.14,74.03,67.0,76.56,65.14,0.0,15,65.4,78.78,Good,Incentive
E0569,Anugya Unadkat,45,Customer Support,Support Executive,Contract,12 Months,B5,16.3,15.8,82.0,5,40,23,57.5,64.46,65.11,64.45,78.43,81.87,65.51,70.23,11.1,15,47.81,67.04,Average,Training
E0570,Jagdeesh Awasthi,57,Finance,Accountant,Full-Time,Permanent,B5,35.0,6.7,84.7,11,40,26,65.0,69.82,72.71,70.81,78.21,76.9,73.3,66.94,17.1,20,64.11,72.1,Good,Training
E0571,Arush Shah,57,Human Resources,Talent Acquisition Specialist,Full-Time,Permanent,B5,31.3,30.9,84.8,7,23,14,60.87,74.23,71.21,73.42,69.86,83.86,73.86,73.18,0.0,25,76.35,72.79,Good,Training
E0572,Amar Mangeshkar,39,Marketing,Marketing Executive,Full-Time,Permanent,B4,10.6,4.6,96.3,8,29,24,82.76,81.08,76.2,74.33,69.96,70.1,76.02,85.18,0.0,30,84.24,79.56,Good,Incentive
E0573,Sudhir Sahani,54,Sales,Account Manager,Contract,6 Months,B5,23.9,7.4,91.5,5,33,24,72.73,78.75,75.37,74.46,87.85,83.75,80.43,82.26,8.1,30,84.69,79.69,Good,Incentive
E0574,Kanakprasad Vishwakarma,35,Human Resources,HR Executive,Full-Time,Permanent,B4,12.8,9.9,99.8,0,35,28,80.0,85.75,83.3,78.06,70.97,74.33,80.77,66.26,7.2,30,79.53,81.19,Excellent,Incentive
E0575,Vrinda Goswami,47,Information Technology,Software Engineer,Full-Time,Permanent,B4,14.3,3.6,68.6,16,22,13,59.09,62.05,64.78,60.35,60.09,61.62,68.98,67.97,6.9,25,64.89,62.98,Average,PIP
E0576,Vivek Trivedi,36,AI & Data Science,ML Engineer,Full-Time,Permanent,B4,13.0,7.3,97.9,3,35,23,65.71,71.08,66.27,65.6,78.52,76.78,69.85,66.65,9.9,25,84.79,72.84,Good,Training
E0577,Nihal Hajariya,33,Operations,Process Analyst,Full-Time,Permanent,B4,10.5,9.3,96.2,4,29,18,62.07,59.73,65.67,69.03,60.75,58.01,62.07,62.49,1.1,20,71.46,66.87,Average,Training
E0578,Apoorva Phogat,25,Sales,Sales Executive,Full-Time,Permanent,B1,1.1,1.1,94.0,2,31,24,77.42,68.85,78.76,74.62,81.53,61.92,77.18,85.11,2.5,30,72.27,77.32,Good,Incentive
E0579,Prerna Dwivedi,51,Marketing,Digital Marketing Specialist,Full-Time,Permanent,B5,19.1,3.8,84.0,8,24,13,54.17,69.23,62.87,67.57,57.7,66.19,66.33,59.23,0.0,50,94.27,66.55,Average,Training
E0580,Uddhav Deewan,47,Information Technology,Software Engineer,Contract,24 Months,B5,23.1,12.5,93.7,10,15,9,60.0,57.33,60.09,59.16,62.72,79.19,68.45,80.82,0.0,30,83.1,66.71,Average,Training
E0581,Mithilesh Rana,31,Sales,Sales Executive,Full-Time,Permanent,B3,5.3,1.0,82.9,8,35,25,71.43,67.55,72.19,63.54,67.97,60.51,76.6,83.18,11.2,30,90.78,71.85,Good,Training
E0582,Adyashankar Dhanuka,47,Human Resources,Talent Acquisition Specialist,Full-Time,Permanent,B3,8.9,2.2,94.4,8,41,29,70.73,73.46,76.18,77.3,81.91,72.09,71.79,67.7,10.6,25,72.9,76.51,Good,Incentive
E0583,Abhilasha Mondal,56,Operations,Operations Executive,Part-Time,12 Months,B5,23.8,14.9,93.5,9,24,18,75.0,77.85,73.23,77.41,81.55,81.46,70.79,64.67,0.0,15,64.52,77.1,Good,Training
E0584,Pramila Bharati,37,Information Technology,DevOps Engineer,Full-Time,Permanent,B4,12.3,4.9,96.4,1,32,29,90.62,91.22,84.71,83.26,73.96,64.99,78.05,66.24,16.6,20,57.09,82.83,Excellent,Incentive
E0585,Ameya Anand,27,Marketing,Digital Marketing Specialist,Full-Time,Permanent,B2,3.5,0.1,97.5,3,39,33,84.62,76.19,77.92,77.67,76.17,68.13,82.26,88.59,7.5,25,72.28,80.39,Excellent,Incentive
E0586,Sarvesh Dave,40,AI & Data Science,Data Scientist,Full-Time,Permanent,B4,13.4,5.9,96.1,3,34,28,82.35,80.28,80.72,72.37,68.34,72.84,80.56,88.25,9.7,25,77.96,79.78,Good,Incentive
E0587,Bipin Rana,35,AI & Data Science,AI Engineer,Full-Time,Permanent,B2,3.3,0.0,70.4,13,22,10,45.45,60.38,51.94,62.92,73.02,55.03,58.91,54.16,0.0,20,77.76,59.74,Needs Improvement,PIP
E0588,Sudhir Awasthi,35,Information Technology,DevOps Engineer,Full-Time,Permanent,B3,7.9,7.1,94.4,5,19,12,63.16,63.57,67.98,77.44,68.99,57.92,70.14,71.14,4.5,20,62.5,70.25,Good,Training
E0589,Arijit Bendre,54,Sales,Business Development Executive,Full-Time,Permanent,B5,17.7,14.9,94.7,8,48,35,72.92,72.21,75.42,73.49,70.54,72.47,72.88,71.64,13.4,15,52.27,74.09,Good,Training
E0590,Somesh Khemka,25,Marketing,Marketing Analyst,Full-Time,Permanent,B2,2.2,0.5,81.0,15,29,20,68.97,67.59,73.02,77.16,66.5,51.25,73.18,78.54,1.2,15,57.11,70.77,Good,Training
E0591,Kirti Bhatnagar,56,AI & Data Science,Data Scientist,Full-Time,Permanent,B4,12.9,12.7,93.8,8,33,24,72.73,78.46,72.17,73.18,82.26,65.22,77.9,73.11,1.8,25,80.88,76.94,Good,Training
E0592,Pranav Mantri,35,AI & Data Science,Data Scientist,Contract,6 Months,B3,6.5,0.6,96.7,2,21,17,80.95,75.5,73.51,76.69,83.04,63.94,72.43,70.05,11.1,15,55.08,77.05,Good,Training
E0593,Kashinath Khajuria,28,Human Resources,HR Analyst,Full-Time,Permanent,B2,2.2,1.2,94.9,5,18,13,72.22,76.06,70.59,72.54,67.84,53.31,73.98,80.53,0.0,25,82.95,74.52,Good,Training
E0594,Lavisha Negi,38,Operations,Operations Manager,Contract,24 Months,B3,8.1,2.8,70.2,15,19,11,57.89,66.05,65.94,76.43,81.5,74.82,64.44,62.85,0.4,25,69.81,68.71,Average,PIP
E0595,Aviral Saxena,55,Customer Support,Support Executive,Full-Time,Permanent,B5,22.9,22.7,91.3,10,42,33,78.57,85.76,84.42,73.12,65.96,80.16,82.31,71.42,9.6,20,61.82,78.79,Good,Incentive
E0596,Ranjana Pawar,35,Marketing,Marketing Executive,Contract,24 Months,B2,3.4,2.0,81.8,12,27,15,55.56,60.41,63.1,62.57,66.22,54.36,68.38,66.08,20.1,20,72.68,64.12,Average,Training
E0597,Aditya Giri,47,Marketing,Digital Marketing Specialist,Full-Time,Permanent,B5,23.4,21.5,74.3,20,42,21,50.0,58.9,54.25,68.11,65.2,68.41,62.47,77.55,16.1,30,91.59,63.64,Average,PIP
E0598,Dharmendra Raj,49,Operations,Process Analyst,Full-Time,Permanent,B5,19.4,16.9,94.4,3,39,26,66.67,62.97,69.08,64.37,63.8,66.75,73.29,77.93,16.9,5,52.29,68.8,Average,Training
E0599,Indrasen Sinha,29,Sales,Sales Executive,Full-Time,Permanent,B2,2.8,2.3,92.5,4,35,22,62.86,63.4,67.24,75.38,63.95,47.25,63.67,61.48,8.4,25,86.82,68.94,Average,Training
E0600,Yashwant Deshmukh,53,Information Technology,Software Engineer,Contract,6 Months,B5,16.9,14.1,83.7,15,24,14,58.33,59.23,59.49,62.14,56.66,76.02,63.53,61.55,4.6,15,51.53,62.55,Average,Training
E0601,Roshan Javdekar,32,Human Resources,HR Analyst,Full-Time,Permanent,B3,8.6,0.7,93.6,2,17,11,64.71,65.13,69.63,77.64,79.54,75.34,71.68,80.03,0.0,20,75.27,74.0,Good,Training
E0602,Ratnesh Bind,52,Operations,Operations Executive,Contract,6 Months,B4,12.6,2.1,92.0,9,30,18,60.0,72.66,70.9,81.04,85.4,73.23,70.12,74.69,0.7,30,80.49,75.36,Good,Training
E0603,Jyotiraditya Modi,40,Human Resources,Talent Acquisition Specialist,Full-Time,Permanent,B4,9.4,4.1,97.8,2,38,26,68.42,78.53,70.44,65.6,66.29,56.97,73.64,70.98,14.1,40,81.94,73.03,Good,Training
E0604,Virendra Reddy,36,Sales,Sales Executive,Contract,6 Months,B3,8.6,5.7,90.5,7,42,27,64.29,67.63,65.49,64.72,81.58,62.74,67.35,82.72,18.9,20,58.97,70.12,Good,Training
E0605,Kaavya Awasthi,34,AI & Data Science,Data Scientist,Full-Time,Permanent,B4,9.5,7.7,96.7,7,17,16,94.12,78.99,83.7,75.03,83.43,75.7,85.06,88.97,0.0,20,62.01,83.38,Excellent,Incentive
E0606,Padmaja Jadhav,54,Customer Support,Support Analyst,Part-Time,6 Months,B5,25.0,15.2,96.5,7,48,39,81.25,70.65,76.4,67.4,77.46,70.81,75.17,80.26,6.0,25,84.77,77.3,Good,Training
E0607,Gunjan Kamble,49,Human Resources,HR Executive,Part-Time,6 Months,B4,14.1,11.0,91.1,2,25,13,52.0,57.53,59.74,65.61,83.65,71.48,63.5,77.4,5.0,30,74.7,67.06,Average,Training
E0608,Vipul Lalwani,39,Sales,Sales Executive,Part-Time,12 Months,B3,7.4,2.8,94.3,6,28,23,82.14,74.47,75.99,67.02,71.89,59.02,77.69,77.16,1.8,50,86.17,76.56,Good,Training
E0609,Indumati Roy,56,Finance,Financial Analyst,Contract,12 Months,B5,15.5,10.9,90.8,4,25,17,68.0,78.43,69.29,80.01,73.77,71.81,76.0,76.56,0.0,25,72.39,75.65,Good,Training
E0610,Pushpa Rout,46,Information Technology,Cloud Engineer,Full-Time,Permanent,B5,21.9,1.2,90.7,3,17,10,58.82,58.18,57.85,58.04,61.04,70.2,62.52,73.21,0.0,10,48.59,62.83,Average,Training
E0611,Devang Gavaskar,28,Marketing,Digital Marketing Specialist,Full-Time,Permanent,B2,3.3,0.5,97.6,7,20,16,80.0,71.52,80.15,72.0,75.44,59.25,71.02,68.11,2.0,5,37.98,74.67,Good,Training
E0612,Tejpratap Kannaujiya,29,Finance,Financial Analyst,Part-Time,12 Months,B1,1.9,1.5,93.3,8,32,23,71.88,65.41,67.24,61.38,67.68,49.54,63.78,62.6,3.0,40,87.73,69.17,Average,Training
E0613,Sameer Dhoundial,54,AI & Data Science,Data Scientist,Full-Time,Permanent,B5,22.9,6.1,91.9,5,34,21,61.76,62.13,61.5,73.35,76.15,78.7,64.79,68.93,14.3,30,75.11,69.99,Average,Training
E0614,Pavan Gujjar,50,Operations,Process Analyst,Contract,6 Months,B5,23.0,16.9,86.2,8,38,25,65.79,74.58,69.32,64.82,73.9,83.9,70.99,74.79,7.5,25,70.25,72.18,Good,Training
E0615,Uttam Pawar,52,Information Technology,DevOps Engineer,Full-Time,Permanent,B4,14.9,14.7,90.8,9,30,19,63.33,68.48,65.32,78.02,72.69,75.76,74.27,83.65,9.2,40,98.67,74.24,Good,Training
E0616,Shailesh Azad,44,Human Resources,HR Analyst,Full-Time,Permanent,B3,6.4,1.4,83.8,10,17,8,47.06,52.99,56.26,58.46,56.12,48.39,57.38,54.33,0.0,40,99.58,59.19,Needs Improvement,PIP
E0617,Shatrughna Gujral,54,Sales,Business Development Executive,Full-Time,Permanent,B5,30.3,14.4,66.2,17,34,18,52.94,67.13,63.12,69.29,75.1,77.98,68.19,64.87,8.0,25,63.25,65.72,Average,PIP
E0618,Arushi Chandravanshi,26,Human Resources,Talent Acquisition Specialist,Full-Time,Permanent,B1,1.1,0.1,91.4,6,43,32,74.42,74.26,77.5,67.49,79.2,50.31,73.73,67.35,13.0,5,48.75,73.12,Good,Training
E0619,Shubhi Sethi,39,Sales,Business Development Executive,Full-Time,Permanent,B3,5.4,2.0,97.1,5,41,28,68.29,77.67,75.18,76.45,77.14,60.62,75.56,70.47,0.6,30,73.69,76.08,Good,Incentive
E0620,Indrani Bhattacharya,39,Human Resources,HR Executive,Full-Time,Permanent,B5,15.5,5.2,92.3,10,20,14,70.0,78.57,72.43,82.18,73.18,72.71,79.08,89.56,10.3,30,91.28,78.66,Good,Training
E0621,Nagendra Ojha,23,AI & Data Science,ML Engineer,Full-Time,Permanent,B1,0.6,0.0,80.0,13,20,16,80.0,82.44,81.69,84.57,74.49,63.85,79.31,78.43,5.6,30,75.48,79.61,Good,Incentive
E0622,Niharika Gambhir,40,Information Technology,Cloud Engineer,Full-Time,Permanent,B4,13.9,10.5,94.5,10,40,26,65.0,61.64,62.27,59.08,66.97,64.85,70.15,80.85,7.7,25,64.91,67.38,Average,Training
E0623,Prabhakar Dikshit,51,AI & Data Science,Data Scientist,Full-Time,Permanent,B5,24.1,1.7,88.6,11,26,18,69.23,74.08,67.19,73.35,69.89,74.78,71.63,68.71,9.2,25,79.48,73.16,Good,Training
E0624,Soham Rawat,57,Human Resources,HR Executive,Full-Time,Permanent,B5,29.7,22.4,92.1,7,30,21,70.0,80.41,73.44,83.83,70.62,76.62,74.82,84.02,1.6,15,68.27,77.61,Good,Training
E0625,Abhilash Chouhan,34,Sales,Sales Executive,Contract,6 Months,B3,5.9,3.3,92.3,8,23,20,86.96,74.2,76.39,81.7,89.38,65.68,77.2,84.68,0.0,20,78.12,81.34,Excellent,Incentive
E0626,Bharadwaj Raina,33,AI & Data Science,ML Engineer,Full-Time,Permanent,B3,6.5,5.5,73.4,23,18,9,50.0,62.02,63.89,59.91,63.63,54.8,67.75,68.51,0.8,25,66.92,61.98,Average,PIP
E0627,Madhurima Saini,37,Information Technology,Software Engineer,Full-Time,Permanent,B4,13.3,3.0,93.5,3,18,11,61.11,60.1,59.85,73.59,63.78,68.71,67.34,74.51,0.0,40,84.21,68.66,Average,Training
E0628,Premprakash Bhaskar,33,AI & Data Science,ML Engineer,Full-Time,Permanent,B2,3.3,0.3,97.3,7,27,19,70.37,72.11,69.34,79.5,62.43,50.04,67.81,65.03,6.8,15,64.0,72.02,Good,Training
E0629,Vijaya Kelkar,48,AI & Data Science,Data Analyst,Full-Time,Permanent,B4,14.6,8.2,81.3,7,43,31,72.09,76.63,69.37,65.46,65.22,71.65,75.04,79.41,21.8,10,63.02,71.64,Good,Training
E0630,Tanu Deshmukh,56,Sales,Business Development Executive,Full-Time,Permanent,B4,12.9,7.1,94.3,3,24,11,45.83,58.96,59.84,58.72,70.45,74.71,61.69,75.06,2.6,15,63.17,63.71,Average,Training
E0631,Jwala Chakraborty,39,Operations,Process Analyst,Part-Time,6 Months,B5,15.4,12.0,74.4,21,32,23,71.88,72.09,75.94,69.83,76.27,81.05,76.55,85.1,0.0,25,68.53,74.09,Good,Training
E0632,Chetana Narula,37,Human Resources,HR Executive,Full-Time,Permanent,B2,4.7,4.2,85.8,10,23,14,60.87,63.95,64.42,73.37,72.86,60.42,68.48,83.95,7.1,20,78.71,69.84,Average,Training
E0633,Anushka Guha,51,Sales,Account Manager,Full-Time,Permanent,B5,21.6,12.4,90.5,9,25,19,76.0,76.22,77.04,68.47,83.84,86.63,77.25,77.33,4.1,20,60.99,77.2,Good,Training
E0634,Ranjan Modanwal,54,Information Technology,Software Engineer,Full-Time,Permanent,B4,14.7,8.8,90.9,4,40,32,80.0,82.97,77.99,81.46,77.1,71.94,80.35,73.4,21.3,25,66.84,79.79,Good,Incentive
E0635,Vaishali Jhunjhunwala,36,Marketing,Digital Marketing Specialist,Full-Time,Permanent,B4,12.8,10.4,92.0,6,44,33,75.0,76.19,75.79,69.42,68.54,76.46,78.32,76.68,12.4,15,70.85,75.63,Good,Training
E0636,Pratigya Dixit,33,Marketing,Marketing Executive,Full-Time,Permanent,B2,4.4,0.2,94.9,3,30,23,76.67,74.99,73.88,68.24,75.48,67.55,68.71,62.72,5.0,10,42.69,73.19,Good,Training
E0637,Meena Nair,39,Customer Support,Customer Success Associate,Full-Time,Permanent,B5,15.6,8.8,69.7,18,29,13,44.83,54.16,51.43,62.43,64.84,70.02,61.87,69.09,8.2,20,60.5,58.46,Needs Improvement,PIP
E0638,Sudeeksha Desai,50,Marketing,Marketing Analyst,Full-Time,Permanent,B5,22.5,22.0,84.4,6,22,13,59.09,70.7,63.55,68.64,62.14,70.55,64.14,61.93,6.2,15,55.21,66.54,Average,Training
E0639,Arunita Singh,38,Information Technology,DevOps Engineer,Full-Time,Permanent,B4,9.3,1.4,97.7,6,15,9,60.0,65.97,62.81,74.55,80.57,67.81,66.13,72.22,0.0,30,85.16,71.89,Good,Training
E0640,Palak Shorey,42,Marketing,Digital Marketing Specialist,Full-Time,Permanent,B5,16.8,3.5,83.6,8,37,26,70.27,68.26,67.82,72.2,62.71,80.43,67.95,72.03,8.5,25,73.81,71.12,Good,Training
E0641,Arpan Misra,27,Human Resources,HR Executive,Full-Time,Permanent,B2,4.0,3.6,68.6,17,23,9,39.13,49.35,54.85,60.15,74.19,58.49,57.62,58.14,5.1,50,84.11,57.72,Needs Improvement,PIP
E0642,Pratap Talwar,23,AI & Data Science,Data Analyst,Full-Time,Permanent,B1,0.3,0.3,91.5,8,28,21,75.0,81.49,74.13,74.69,62.35,59.21,75.67,65.58,0.0,25,82.08,75.31,Good,Training
E0643,Shubhendu Dadlani,37,Finance,Accountant,Full-Time,Permanent,B2,3.9,3.7,90.4,3,28,18,64.29,73.59,66.47,64.66,76.69,61.4,67.92,69.68,7.4,5,53.89,69.71,Average,Training
E0644,Saloni Priyadarshini,57,Finance,Finance Executive,Full-Time,Permanent,B4,13.1,6.1,96.5,5,33,29,87.88,88.33,85.09,81.58,84.28,68.54,85.21,84.44,4.9,5,57.07,84.27,Excellent,Incentive
E0645,Shalabh Tomar,47,Finance,Finance Executive,Full-Time,Permanent,B4,13.7,7.4,92.6,10,26,17,65.38,73.76,71.01,79.0,69.68,79.67,70.25,72.59,4.6,5,34.34,72.44,Good,Training
E0646,Shubhangi Phogat,40,Marketing,Digital Marketing Specialist,Full-Time,Permanent,B4,9.5,3.0,80.1,11,39,22,56.41,65.34,59.73,72.87,81.4,70.06,66.15,79.4,7.5,15,47.91,67.48,Average,Training
E0647,Vibhor Agrawal,38,Finance,Accountant,Full-Time,Permanent,B4,14.6,6.8,90.3,4,40,28,70.0,79.15,72.16,67.08,69.41,72.66,74.05,71.49,6.2,25,74.43,73.86,Good,Training
E0648,Barkha Chandra,47,Information Technology,Software Engineer,Full-Time,Permanent,B3,6.5,0.7,92.8,2,15,9,60.0,65.42,66.2,66.83,67.66,61.4,66.85,69.78,0.0,20,64.2,67.92,Average,Training
E0649,Munna Goel,30,Human Resources,HR Analyst,Full-Time,Permanent,B3,5.3,4.0,95.0,4,27,18,66.67,66.61,70.46,75.14,67.88,64.7,69.19,77.85,0.5,15,48.6,71.14,Good,Training
E0650,Prasoon Jadhav,29,Human Resources,HR Executive,Part-Time,6 Months,B2,4.0,2.3,99.2,1,20,14,70.0,78.03,71.47,74.04,70.18,67.21,75.28,62.12,0.0,20,57.0,74.05,Good,Training
E0651,Madhulika Mazumdar,46,Sales,Sales Executive,Full-Time,Permanent,B5,23.2,13.4,94.5,7,40,25,62.5,69.76,67.81,73.75,78.95,83.51,74.7,82.47,10.7,30,80.85,74.49,Good,Training
E0652,Nandini Mahto,25,Information Technology,DevOps Engineer,Contract,6 Months,B2,2.9,0.9,96.2,2,32,26,81.25,74.23,80.38,83.62,85.17,70.23,77.4,71.32,2.3,25,72.82,80.65,Excellent,Incentive
E0653,Akshara Athawale,37,Information Technology,Software Engineer,Full-Time,Permanent,B4,9.2,8.5,69.4,11,28,17,60.71,64.07,64.07,66.39,71.75,61.11,68.22,83.82,0.0,40,84.91,67.3,Average,PIP
E0654,Indraneel Sahani,36,Operations,Operations Executive,Full-Time,Permanent,B3,5.2,0.8,83.4,6,23,15,65.22,61.33,68.78,60.49,70.08,49.3,71.5,71.24,3.0,30,86.2,67.63,Average,Training
E0655,Kedar Tandon,42,Information Technology,Software Engineer,Contract,12 Months,B5,15.2,14.0,93.3,3,16,12,75.0,69.14,71.05,64.95,66.2,61.19,70.18,85.35,5.8,40,95.6,73.59,Good,Training
E0656,Kiran Naik,44,Marketing,Digital Marketing Specialist,Full-Time,Permanent,B5,19.2,5.5,73.5,18,20,12,60.0,67.76,67.72,63.21,75.86,67.55,72.63,73.52,0.0,25,79.87,68.42,Average,PIP
E0657,Varuna Mahto,24,Information Technology,Cloud Engineer,Part-Time,12 Months,B1,1.7,0.4,99.3,5,21,14,66.67,65.05,64.26,62.18,68.69,45.53,61.93,58.08,0.0,10,59.26,66.76,Average,Training
E0658,Kalyani Kamal,33,Human Resources,HR Executive,Full-Time,Permanent,B4,10.5,5.8,94.7,5,30,16,53.33,63.65,59.92,64.22,59.16,68.15,66.6,65.03,5.9,20,75.31,65.31,Average,Training
E0659,Aanchal Wahal,39,Finance,Finance Executive,Full-Time,Permanent,B4,13.3,8.8,97.5,2,15,14,93.33,93.38,86.32,79.76,82.32,71.05,79.5,67.27,1.3,20,61.95,84.89,Excellent,Incentive
E0660,Manjunath Puri,40,AI & Data Science,Data Scientist,Full-Time,Permanent,B4,9.1,5.6,80.9,13,21,13,61.9,61.43,62.68,69.46,74.53,65.2,70.07,77.66,5.1,50,90.31,69.03,Average,Training
E0661,Rajan Dholakia,40,Finance,Accountant,Full-Time,Permanent,B4,11.8,8.9,69.7,23,38,23,60.53,67.82,68.89,70.32,85.89,77.96,73.13,83.01,9.5,25,73.73,71.08,Good,Training
E0662,Pratibha Rai,53,Sales,Business Development Executive,Full-Time,Permanent,B3,7.8,1.8,87.4,8,32,20,62.5,58.16,58.96,56.96,71.47,66.47,67.76,75.62,10.3,5,54.21,64.58,Average,Training
E0663,Neha Sahu,33,Customer Support,Support Executive,Full-Time,Permanent,B3,5.1,0.6,88.9,13,46,30,65.22,62.99,67.96,60.68,65.49,51.06,67.4,68.07,22.4,30,74.23,67.0,Average,Training
E0664,Shikha Tendulkar,55,Information Technology,System Administrator,Full-Time,Permanent,B5,17.2,13.2,89.0,13,40,23,57.5,56.08,65.33,72.93,65.49,69.14,69.48,82.26,16.8,30,93.61,68.95,Average,Training
E0665,Lav Thakkar,30,Information Technology,System Administrator,Part-Time,12 Months,B3,5.1,2.5,93.9,7,45,31,68.89,63.89,65.13,73.64,68.72,50.86,71.1,73.93,15.5,10,41.59,68.87,Average,Training
E0666,Krish Bhatt,46,Finance,Accountant,Full-Time,Permanent,B5,23.8,18.0,91.7,8,45,35,77.78,81.3,74.49,76.59,71.59,73.89,79.52,83.87,4.1,30,88.69,79.15,Good,Training
E0667,Prajjwal Rastogi,34,Customer Support,Customer Success Associate,Full-Time,Permanent,B3,7.1,2.3,94.5,2,34,19,55.88,57.11,60.84,56.41,66.6,54.39,65.96,72.05,11.3,20,58.35,63.18,Average,Training
E0668,Rishabh Gaitonde,54,Operations,Process Analyst,Full-Time,Permanent,B5,21.3,11.7,90.6,2,45,38,84.44,87.0,81.62,77.36,74.17,86.63,79.73,85.77,12.7,20,79.1,82.6,Excellent,Incentive
E0669,Omkar Chouhan,44,Customer Support,Support Executive,Part-Time,6 Months,B5,21.6,7.9,93.7,8,26,21,80.77,70.46,73.86,67.89,61.1,75.64,71.35,61.8,5.0,50,94.2,74.58,Good,Training
E0670,Shuchi Seth,55,Marketing,Digital Marketing Specialist,Full-Time,Permanent,B4,9.5,3.0,93.8,3,40,28,70.0,75.47,77.27,82.51,87.1,73.76,73.66,78.6,11.4,20,78.27,79.09,Good,Incentive
E0671,Marutanjali Tripathi,54,Sales,Sales Executive,Full-Time,Permanent,B4,9.6,9.1,90.5,9,21,11,52.38,59.76,58.1,65.16,70.89,64.57,64.25,62.68,3.1,25,76.73,64.86,Average,Training
E0672,Brijesh Chaubey,55,Information Technology,Cloud Engineer,Full-Time,Permanent,B5,31.9,27.6,94.9,2,36,26,72.22,73.6,70.99,78.2,71.05,80.62,71.39,82.6,9.5,15,64.17,75.79,Good,Training
E0673,Uddhav Parmar,55,Human Resources,HR Executive,Full-Time,Permanent,B5,30.8,8.9,87.7,6,28,16,57.14,59.1,62.45,57.28,67.35,78.23,63.76,57.46,0.0,25,86.68,65.21,Average,Training
E0674,Aryabhatta Dholakia,52,Information Technology,Software Engineer,Full-Time,Permanent,B4,9.1,3.6,96.6,1,33,29,87.88,74.67,77.78,69.22,72.96,61.42,76.38,79.51,2.3,10,56.2,77.06,Good,Training
E0675,Kapil More,48,Customer Support,Support Executive,Full-Time,Permanent,B4,11.9,7.9,96.3,6,47,35,74.47,69.2,74.39,81.12,74.58,67.0,68.53,69.33,19.1,10,62.22,75.32,Good,Training
E0676,Navneet Scindia,24,Information Technology,System Administrator,Contract,6 Months,B1,0.9,0.2,92.4,10,22,11,50.0,60.26,57.07,66.67,75.04,49.76,62.72,67.94,1.1,20,59.01,63.82,Average,Training
E0677,Munna Unadkat,48,AI & Data Science,Data Scientist,Full-Time,Permanent,B4,10.8,10.2,94.7,3,23,16,69.57,75.34,72.9,77.57,77.39,74.76,75.01,68.95,7.9,40,81.03,76.5,Good,Training
E0678,Lalita Bahl,37,Sales,Business Development Executive,Full-Time,Permanent,B4,10.7,8.5,90.9,9,36,28,77.78,68.12,78.43,71.63,76.89,68.88,71.41,80.06,8.8,15,50.21,74.7,Good,Training
E0679,Gangotri Rathi,33,Sales,Sales Executive,Full-Time,Permanent,B3,6.1,5.1,92.8,3,32,26,81.25,78.57,76.02,71.84,66.6,59.39,71.87,61.92,4.2,50,75.41,75.52,Good,Incentive
E0680,Rajat Kedia,28,Operations,Operations Executive,Contract,6 Months,B2,3.6,1.9,90.5,10,34,23,67.65,74.05,68.57,67.19,60.58,45.62,71.76,68.21,10.1,10,47.01,68.36,Average,Training
E0681,Nirmala Tripathi,31,Human Resources,HR Executive,Full-Time,Permanent,B3,7.7,6.1,93.1,5,16,14,87.5,82.71,81.09,73.54,82.16,73.11,80.95,82.93,6.9,40,77.5,81.98,Excellent,Incentive
E0682,Drupad Dabral,54,Human Resources,HR Executive,Full-Time,Permanent,B5,18.9,13.2,66.4,10,23,15,65.22,63.26,69.71,65.3,60.56,78.95,64.16,59.01,1.1,15,49.03,64.78,Average,PIP
E0683,Jaya Umrao,34,AI & Data Science,Data Scientist,Contract,6 Months,B3,6.3,4.8,94.2,8,19,11,57.89,67.17,67.9,64.24,62.68,49.1,66.24,67.54,2.4,10,43.94,65.61,Average,Training
E0684,Himesh Tendulkar,50,AI & Data Science,Data Scientist,Part-Time,12 Months,B5,22.0,15.7,97.1,5,29,19,65.52,62.84,71.45,71.11,84.28,79.28,70.98,75.17,0.1,30,76.98,73.9,Good,Training
E0685,Kamala Priyadarshini,29,Information Technology,Software Engineer,Part-Time,12 Months,B3,6.6,5.8,86.3,5,22,14,63.64,71.76,69.09,78.08,73.77,66.22,73.8,76.24,1.7,15,69.39,72.67,Good,Training
E0686,Shivesh Sinha,38,Finance,Accountant,Contract,6 Months,B4,10.5,0.9,90.5,6,30,21,70.0,72.61,75.19,66.5,79.77,60.22,76.05,72.65,3.5,25,64.73,73.35,Good,Training
E0687,Ajeet Oberoi,44,Human Resources,HR Analyst,Full-Time,Permanent,B5,18.0,8.3,95.0,7,15,11,73.33,65.74,66.12,60.86,60.53,76.39,65.44,74.22,0.0,30,84.65,70.5,Good,Training
E0688,Jeetendra Kamal,25,Customer Support,Support Executive,Part-Time,12 Months,B1,0.9,0.6,96.1,2,47,39,82.98,76.91,80.98,83.03,73.27,53.79,75.77,78.31,21.1,25,66.2,79.23,Good,Incentive
E0689,Veena Guru,36,Finance,Finance Executive,Full-Time,Permanent,B4,12.2,3.5,90.2,8,30,24,80.0,70.21,74.92,65.48,61.53,60.63,71.69,75.33,2.4,20,67.9,72.54,Good,Training
E0690,Sundar Nayak,34,Marketing,Marketing Executive,Full-Time,Permanent,B3,5.4,1.2,86.0,10,24,18,75.0,80.63,79.82,76.15,76.7,64.38,72.75,63.65,5.8,15,57.75,75.94,Good,Incentive
E0691,Sumukhi Dikshit,35,Operations,Operations Manager,Contract,24 Months,B3,5.1,0.3,80.4,6,27,18,66.67,65.26,68.13,76.65,83.92,59.03,73.52,85.46,10.5,25,74.34,72.56,Good,Training
E0692,Rishikesh Jadhav,41,Human Resources,Talent Acquisition Specialist,Full-Time,Permanent,B3,5.7,1.5,80.6,11,39,19,48.72,61.03,60.54,66.1,76.2,56.42,64.01,73.88,7.8,5,54.49,63.58,Average,Training
E0693,Kapil Basu,30,Human Resources,HR Executive,Contract,12 Months,B2,2.5,2.2,96.6,6,20,12,60.0,62.71,66.45,73.02,66.57,53.95,67.86,82.87,0.0,25,69.85,69.37,Average,Training
E0694,Prakash Chaubey,54,Human Resources,HR Executive,Full-Time,Permanent,B5,15.0,8.6,97.0,0,22,16,72.73,77.56,73.56,76.05,68.03,81.05,74.0,75.0,0.0,50,86.64,77.32,Good,Training
E0695,Ritesh Sharma,40,Information Technology,Cloud Engineer,Contract,12 Months,B3,7.7,7.1,86.9,10,21,18,85.71,87.71,81.85,77.68,75.64,60.17,80.08,82.78,2.3,25,75.66,81.13,Excellent,Incentive
E0696,Harshvardhan Lakhotia,41,Marketing,Marketing Executive,Full-Time,Permanent,B4,13.7,2.7,83.6,10,22,16,72.73,65.46,69.71,62.36,57.72,69.76,69.08,59.15,2.3,20,79.04,68.52,Average,Training
E0697,Sharda Narayan,54,Customer Support,Support Analyst,Part-Time,6 Months,B3,8.3,1.5,98.0,0,38,28,73.68,67.26,74.48,66.07,71.18,69.77,68.06,62.43,4.9,30,76.6,72.98,Good,Training
E0698,Manisha Tendulkar,25,Customer Support,Support Analyst,Full-Time,Permanent,B1,1.6,1.0,88.0,6,29,23,79.31,79.62,81.64,85.3,81.58,53.6,78.7,82.73,8.4,15,60.75,79.63,Good,Incentive
E0699,Niyati Gunji,57,AI & Data Science,AI Engineer,Full-Time,Permanent,B5,30.1,4.7,85.4,7,17,13,76.47,71.41,72.16,70.13,64.24,68.04,72.09,61.57,0.0,25,86.02,72.88,Good,Training
E0700,Anupam Kher,37,AI & Data Science,Data Analyst,Full-Time,Permanent,B4,14.3,6.1,97.5,8,42,33,78.57,70.25,77.41,73.49,87.39,82.71,79.16,84.63,8.4,10,62.12,78.88,Good,Incentive
E0701,Shivani Jaiswal,34,Operations,Operations Executive,Contract,6 Months,B3,6.5,4.5,78.2,16,23,17,73.91,82.22,79.71,74.38,63.69,59.19,78.47,71.4,0.0,25,74.63,74.91,Good,Training
E0702,Indrasen Scindia,43,Operations,Operations Executive,Contract,6 Months,B4,9.1,8.2,72.4,24,44,25,56.82,57.83,58.79,63.82,72.9,70.0,61.16,73.56,12.9,5,38.34,62.27,Average,PIP
E0703,Ritu Bala,46,AI & Data Science,ML Engineer,Full-Time,Permanent,B3,6.3,5.2,95.0,3,24,18,75.0,71.25,70.51,63.79,86.24,63.56,71.78,84.92,2.3,25,78.15,75.13,Good,Training
E0704,Rashmi Khanna,26,Sales,Business Development Executive,Full-Time,Permanent,B2,3.0,2.3,96.2,8,29,20,68.97,64.87,71.58,72.49,76.65,51.85,71.74,77.45,0.0,15,66.81,72.36,Good,Training
E0705,Akanksha Kashyap,42,Operations,Operations Executive,Part-Time,6 Months,B4,9.4,1.3,96.8,8,50,37,74.0,82.01,76.08,80.68,80.34,67.15,77.64,90.11,16.2,5,43.55,78.55,Good,Incentive
E0706,Raghavendra Gaitonde,54,Customer Support,Customer Success Associate,Full-Time,Permanent,B4,13.3,8.9,91.8,5,48,33,68.75,78.81,69.91,80.87,86.28,83.76,78.33,82.52,0.7,40,99.0,79.74,Good,Training
E0707,Sahdev Kedia,56,Marketing,Marketing Executive,Full-Time,Permanent,B5,30.1,4.4,91.8,4,28,20,71.43,75.5,69.5,73.81,71.39,81.08,76.52,75.61,5.3,30,72.46,75.14,Good,Training
E0708,Jeetendra Basu,24,Information Technology,Software Engineer,Contract,6 Months,B1,0.9,0.2,84.9,8,33,22,66.67,74.77,69.28,72.81,64.65,44.79,76.73,76.77,12.8,20,60.59,70.43,Good,Training
E0709,Tejprakash Saha,28,Marketing,Marketing Analyst,Full-Time,Permanent,B3,6.0,0.7,96.8,3,17,12,70.59,64.8,66.38,70.96,83.11,54.32,73.5,81.16,0.0,25,64.5,72.57,Good,Training
E0710,Bipin Bala,34,Finance,Finance Executive,Contract,24 Months,B2,4.8,2.8,92.1,4,16,12,75.0,79.02,73.61,71.6,69.72,57.81,71.2,60.58,0.0,15,65.36,73.81,Good,Training
E0711,Sadhana Dadhich,40,Operations,Process Analyst,Full-Time,Permanent,B3,6.4,0.1,97.5,7,43,31,72.09,75.3,73.54,72.47,62.73,63.25,72.67,61.64,12.0,20,68.1,73.32,Good,Training
E0712,Gunjan Jadhav,37,Information Technology,System Administrator,Full-Time,Permanent,B3,5.2,4.8,94.7,5,31,24,77.42,83.85,78.2,77.92,78.86,57.44,85.12,88.12,1.6,40,91.95,81.1,Excellent,Incentive
E0713,Harihar Dabral,48,Human Resources,HR Executive,Full-Time,Permanent,B5,22.6,22.1,84.2,13,33,21,63.64,75.95,68.98,67.41,80.54,79.77,70.82,70.45,0.0,15,61.97,72.02,Good,Training
E0714,Gyanendra Ojha,52,Information Technology,Software Engineer,Part-Time,12 Months,B4,13.7,13.6,81.8,9,18,14,77.78,75.03,76.6,83.13,86.5,76.2,78.37,88.49,0.0,40,76.88,79.71,Good,Incentive
E0715,Abhinesh Guru,36,Operations,Process Analyst,Part-Time,6 Months,B4,10.1,2.6,96.8,8,30,17,56.67,67.19,63.93,72.67,68.47,64.15,71.26,75.13,9.4,40,96.2,70.93,Good,Training
E0716,Ambar Bhat,27,Customer Support,Support Executive,Full-Time,Permanent,B2,3.4,1.5,92.5,10,52,42,80.77,77.05,82.59,71.88,64.39,62.59,78.27,75.14,11.6,40,87.96,77.73,Good,Incentive
E0717,Ranveer Mathur,36,Operations,Operations Executive,Full-Time,Permanent,B4,10.4,1.8,83.1,15,25,17,68.0,63.21,66.66,75.25,79.71,69.46,67.09,69.71,5.6,25,80.81,71.6,Good,Training
E0718,Neel Misra,47,AI & Data Science,Data Analyst,Contract,24 Months,B5,24.2,13.5,93.4,5,33,23,69.7,73.72,72.59,78.67,89.28,76.81,79.02,85.56,8.9,40,94.96,79.29,Good,Training
E0719,Chandrama Bedi,28,Customer Support,Customer Success Associate,Full-Time,Permanent,B2,3.8,1.1,87.9,10,47,31,65.96,73.24,70.44,75.0,71.07,57.85,73.85,78.14,4.7,40,92.38,73.7,Good,Training
E0720,Anupama Gond,47,Customer Support,Support Executive,Full-Time,Permanent,B4,14.6,7.0,94.9,4,26,14,53.85,68.85,62.85,66.51,70.6,73.95,66.9,58.84,5.4,20,70.26,67.86,Average,Training
E0721,Ragini Desai,24,AI & Data Science,Data Analyst,Contract,24 Months,B1,1.2,1.0,96.3,8,38,25,65.79,63.7,71.84,62.83,67.95,52.24,69.8,75.27,11.7,15,48.8,68.35,Average,Training
E0722,Rashika Tanwar,27,Operations,Operations Executive,Contract,12 Months,B2,4.0,1.3,90.2,3,25,19,76.0,71.79,74.74,78.97,72.15,55.69,76.52,71.61,9.0,20,69.84,75.14,Good,Training
E0723,Jagannath Chandra,34,Operations,Process Analyst,Full-Time,Permanent,B3,5.2,4.9,93.7,6,45,36,80.0,76.35,81.39,84.3,86.25,73.45,79.94,70.2,10.9,10,57.01,80.33,Excellent,Incentive
E0724,Pratyusha Mittal,45,Operations,Process Analyst,Contract,6 Months,B5,21.5,7.4,85.2,11,38,26,68.42,65.85,70.78,68.28,77.65,71.44,73.57,75.44,11.5,40,77.66,72.19,Good,Training
E0725,Dhwani Agnihotri,33,AI & Data Science,Data Analyst,Full-Time,Permanent,B4,10.6,10.1,90.1,7,44,27,61.36,65.92,67.49,75.41,65.53,68.51,65.0,66.02,9.3,25,85.66,70.35,Good,Training
E0726,Devesh Advani,36,Finance,Financial Analyst,Full-Time,Permanent,B4,10.9,6.3,80.3,10,21,15,71.43,70.83,67.82,67.47,76.26,61.39,66.29,60.89,0.0,15,62.98,69.87,Average,Training
E0727,Amogh Prakash,51,Sales,Account Manager,Full-Time,Permanent,B5,24.6,11.0,80.1,14,23,16,69.57,79.39,70.59,80.71,74.21,85.88,73.45,83.86,2.0,20,68.23,76.04,Good,Training
E0728,Dhananjay Bhaskar,52,Marketing,Digital Marketing Specialist,Part-Time,12 Months,B3,7.7,2.8,84.6,13,42,31,73.81,78.9,74.85,82.74,82.39,75.22,80.96,88.87,7.9,20,78.89,79.44,Good,Training
E0729,Anubhuti Kadam,27,Finance,Financial Analyst,Full-Time,Permanent,B2,3.1,1.0,86.7,15,23,17,73.91,75.02,72.91,75.71,85.61,57.64,78.38,87.53,0.0,10,63.95,76.24,Good,Training
E0730,Nishant Bandopadhyay,34,Customer Support,Support Executive,Contract,6 Months,B4,10.9,0.5,96.7,3,39,27,69.23,63.77,65.84,71.02,86.9,62.84,68.35,81.13,7.5,20,60.21,72.47,Good,Training
E0731,Saumya Kamal,42,AI & Data Science,Data Scientist,Full-Time,Permanent,B4,13.3,2.4,82.7,13,31,21,67.74,72.33,69.66,74.3,68.23,78.18,74.7,79.72,10.3,40,94.72,74.06,Good,Training
E0732,Anushree Hajariya,34,Sales,Sales Executive,Part-Time,6 Months,B4,11.3,3.3,96.1,3,45,33,73.33,79.4,77.86,82.63,66.16,75.07,72.85,66.64,10.5,25,84.47,78.16,Good,Incentive
E0733,Rajeshwar Khera,50,AI & Data Science,ML Engineer,Full-Time,Permanent,B3,8.9,2.2,81.4,13,29,16,55.17,59.4,60.94,70.15,76.43,67.92,61.64,68.34,6.5,20,61.51,65.6,Average,Training
E0734,Monika Raje,28,AI & Data Science,Data Scientist,Full-Time,Permanent,B1,1.6,0.2,76.4,24,27,19,70.37,78.98,74.85,79.95,76.82,52.62,75.34,73.25,7.7,10,51.72,73.59,Good,Training
E0735,Shekhar Dutt,42,Information Technology,System Administrator,Full-Time,Permanent,B3,8.3,4.7,90.9,2,30,23,76.67,70.52,70.74,80.14,73.36,64.5,72.04,86.7,9.3,20,76.35,76.12,Good,Training
E0736,Shailesh Bansal,24,Marketing,Marketing Executive,Contract,12 Months,B1,1.5,1.1,85.2,13,21,17,80.95,75.72,82.33,74.03,77.06,56.13,77.77,65.83,3.6,20,59.04,76.12,Good,Incentive
E0737,Hansini Balyan,42,Customer Support,Customer Success Associate,Full-Time,Permanent,B3,8.8,7.1,97.2,1,25,22,88.0,90.33,87.25,89.82,70.04,69.74,85.12,83.42,4.9,25,77.4,85.82,Excellent,Incentive
E0738,Bhagvati Singh,23,Finance,Finance Executive,Full-Time,Permanent,B1,0.7,0.4,96.5,2,15,13,86.67,88.05,87.35,76.18,76.23,61.4,88.13,85.83,1.3,25,66.83,83.12,Excellent,Incentive
E0739,Preyash Gurjar,28,Finance,Finance Executive,Full-Time,Permanent,B2,3.6,1.8,96.9,3,37,30,81.08,83.15,82.64,77.86,69.41,61.32,79.85,77.64,17.3,30,94.94,81.03,Excellent,Incentive
E0740,Amish Dikshit,27,Information Technology,Software Engineer,Contract,24 Months,B1,1.6,0.9,96.6,7,17,15,88.24,80.93,86.75,89.13,84.95,69.99,81.07,91.11,2.1,30,86.07,86.32,Excellent,Incentive
E0741,Ranjan Tanwar,36,AI & Data Science,ML Engineer,Full-Time,Permanent,B4,10.4,7.6,85.5,8,15,9,60.0,66.59,70.23,63.69,72.57,66.39,68.19,76.35,0.0,30,72.89,69.07,Average,Training
E0742,Anish Dutt,42,Customer Support,Support Analyst,Full-Time,Permanent,B5,16.3,2.3,86.9,15,22,10,45.45,49.07,51.45,52.18,59.27,68.39,55.66,75.95,5.2,10,48.57,56.77,Needs Improvement,PIP
E0743,Khyati Mistry,46,Customer Support,Customer Success Associate,Full-Time,Permanent,B4,11.3,2.2,91.0,2,41,28,68.29,65.02,69.99,73.39,73.01,61.77,71.02,68.14,11.5,5,46.46,70.27,Good,Training
E0744,Rati Rathore,56,Customer Support,Support Analyst,Full-Time,Permanent,B5,16.8,2.3,91.9,2,46,34,73.91,79.95,73.18,81.58,77.73,75.79,81.01,89.88,14.9,30,88.4,80.01,Excellent,Training
E0745,Madhavrao Mandal,51,Marketing,Marketing Executive,Part-Time,12 Months,B5,25.2,19.6,84.1,7,23,13,56.52,57.58,64.94,67.49,69.75,81.55,62.92,72.2,3.7,10,58.57,66.13,Average,Training
E0746,Bahadur Soman,53,Customer Support,Support Analyst,Full-Time,Permanent,B5,16.2,2.6,84.5,5,25,18,72.0,74.78,69.19,76.45,77.4,82.36,71.71,86.96,0.0,15,50.66,74.64,Good,Training
E0747,Akriti Ahale,45,Customer Support,Support Executive,Full-Time,Permanent,B5,22.2,3.5,97.3,0,39,28,71.79,76.43,77.72,68.26,58.46,72.29,76.76,61.72,15.7,30,81.29,74.31,Good,Training
E0748,Adhya Gandhi,42,AI & Data Science,ML Engineer,Full-Time,Permanent,B5,20.0,7.4,90.9,5,23,19,82.61,79.59,76.1,82.48,73.96,74.4,76.22,70.25,0.0,30,89.93,80.14,Excellent,Incentive
E0749,Amrit Bhogle,38,AI & Data Science,AI Engineer,Part-Time,6 Months,B3,5.2,2.1,90.4,4,28,16,57.14,63.68,63.44,67.84,78.39,59.2,65.82,79.49,11.8,50,92.61,69.55,Average,Training
E0750,Priyanshi Bishnoi,30,Finance,Accountant,Full-Time,Permanent,B2,2.3,1.6,88.7,9,31,17,54.84,70.12,68.76,71.14,68.65,48.45,66.98,64.52,7.0,5,43.38,66.63,Average,Training
E0751,Runjhun Basu,23,Sales,Sales Executive,Full-Time,Permanent,B1,0.7,0.3,85.1,10,26,16,61.54,75.0,71.98,78.64,69.16,60.94,77.88,78.25,11.4,40,85.92,73.65,Good,Training
E0752,Milind Chandra,51,Marketing,Digital Marketing Specialist,Part-Time,12 Months,B3,7.7,0.4,83.7,6,24,16,66.67,77.72,73.47,66.75,60.03,58.36,72.32,60.75,0.0,20,77.85,70.53,Good,Training
E0753,Dilip Sardana,27,Information Technology,Software Engineer,Part-Time,6 Months,B2,4.3,2.4,93.5,6,33,19,57.58,54.98,57.65,71.76,75.72,51.22,60.51,58.78,0.0,15,68.25,65.16,Average,Training
E0754,Deepshikha Reddy,56,Finance,Accountant,Full-Time,Permanent,B4,10.2,4.7,90.6,8,32,21,65.62,70.71,71.78,65.68,85.39,60.92,74.12,83.25,5.9,50,87.13,73.94,Good,Training
E0755,Khyati Parekh,48,Operations,Operations Manager,Full-Time,Permanent,B4,10.6,7.3,93.0,6,33,24,72.73,74.72,70.02,74.87,67.45,72.26,72.89,82.41,13.7,50,78.49,75.2,Good,Training
E0756,Ramprasad Yadav,52,Finance,Finance Executive,Full-Time,Permanent,B4,11.4,1.0,67.2,10,35,21,60.0,70.56,67.97,63.99,84.38,76.11,74.99,82.69,1.0,15,64.61,69.46,Average,PIP
E0757,Shweta Chaurasiya,39,AI & Data Science,ML Engineer,Full-Time,Permanent,B4,14.9,7.5,91.4,10,15,9,60.0,70.77,70.28,80.29,88.84,73.94,71.8,87.15,0.0,40,83.9,76.06,Good,Training
E0758,Shashwat Malode,34,Human Resources,Talent Acquisition Specialist,Full-Time,Permanent,B2,3.6,0.1,92.1,7,35,28,80.0,81.17,82.7,74.02,74.0,55.2,77.37,67.74,2.0,30,86.7,78.64,Good,Incentive
E0759,Akshay Kanetkar,47,Sales,Business Development Executive,Part-Time,12 Months,B5,16.7,8.4,93.8,9,41,28,68.29,73.01,68.96,73.64,63.37,80.24,67.4,66.01,8.4,20,67.36,72.35,Good,Training
E0760,Kaushik Goel,55,Information Technology,DevOps Engineer,Full-Time,Permanent,B5,22.1,7.4,90.5,9,33,23,69.7,76.77,76.28,78.93,70.85,71.72,76.45,73.44,5.3,20,70.99,76.02,Good,Incentive
E0761,Abhishree Nautiyal,53,Information Technology,Software Engineer,Full-Time,Permanent,B3,8.3,3.8,80.6,5,19,12,63.16,68.37,63.37,62.43,70.94,65.85,72.94,82.77,0.0,10,52.56,67.46,Average,Training
E0762,Baldev Chopra,27,Human Resources,HR Analyst,Full-Time,Permanent,B1,1.4,0.6,99.4,2,31,23,74.19,73.51,74.87,73.26,65.62,50.59,72.95,77.93,9.0,30,84.66,75.18,Good,Training
E0763,Shreyash Dutta,50,Sales,Business Development Executive,Part-Time,6 Months,B5,22.0,2.4,86.5,5,30,23,76.67,70.6,71.7,79.9,75.17,79.22,73.75,70.65,1.6,20,78.9,76.12,Good,Training
E0764,Shilpi Bhati,28,Information Technology,Cloud Engineer,Full-Time,Permanent,B2,4.4,3.8,91.4,8,27,20,74.07,80.44,76.19,81.04,90.01,56.94,79.7,87.65,0.0,30,84.86,80.36,Excellent,Incentive
E0765,Aniket Desai,55,Customer Support,Customer Success Associate,Contract,12 Months,B5,28.9,4.2,84.0,11,36,25,69.44,77.47,69.41,68.59,64.06,74.06,71.36,67.51,7.5,25,77.94,72.09,Good,Training
E0766,Jamunadas Umrao,35,Marketing,Marketing Executive,Full-Time,Permanent,B3,8.8,6.1,96.7,4,25,17,68.0,75.76,67.61,65.66,70.74,56.81,72.46,61.14,7.7,30,94.87,72.56,Good,Training
E0767,Atulanand Bharadwaj,35,Human Resources,HR Executive,Full-Time,Permanent,B4,9.9,0.6,97.1,8,27,21,77.78,71.68,73.23,71.9,67.19,65.05,72.51,79.63,2.3,20,56.23,74.29,Good,Training
E0768,Vaishnavi Shukla,33,Finance,Accountant,Full-Time,Permanent,B3,5.2,2.0,94.3,10,39,25,64.1,66.78,67.19,61.95,67.32,47.71,72.61,78.13,10.7,20,65.59,68.37,Average,Training
E0769,Antima Bhatnagar,26,Information Technology,DevOps Engineer,Full-Time,Permanent,B2,3.3,1.0,82.0,13,40,25,62.5,68.78,66.45,65.52,68.29,53.44,69.99,78.68,14.8,30,78.41,68.54,Average,Training
E0770,Hansika Damani,28,Human Resources,HR Executive,Full-Time,Permanent,B2,2.5,0.1,93.4,4,20,12,60.0,58.57,59.02,58.92,69.9,61.19,64.31,74.99,5.2,25,70.27,65.34,Average,Training
E0771,Rajyawardhan Awasthi,35,AI & Data Science,Data Scientist,Full-Time,Permanent,B3,6.0,5.9,77.8,18,32,18,56.25,68.01,65.51,78.09,80.46,64.78,63.7,60.29,0.0,20,67.36,68.81,Average,Training
E0772,Jayesh Banerjee,41,Information Technology,Cloud Engineer,Contract,12 Months,B5,18.0,16.2,96.5,2,37,24,64.86,66.81,65.2,63.15,63.6,76.16,72.99,78.66,1.0,10,53.22,69.06,Average,Training
E0773,Anshul Goswami,23,Information Technology,Software Engineer,Full-Time,Permanent,B1,0.5,0.4,72.8,15,26,19,73.08,82.21,81.14,73.57,75.7,58.66,75.43,65.64,1.3,30,94.5,76.06,Good,Incentive
E0774,Padma Mumukshu,29,Sales,Sales Executive,Full-Time,Permanent,B2,3.7,2.4,81.3,8,47,39,82.98,86.84,78.85,87.28,81.16,62.73,80.79,69.33,16.9,25,80.91,81.33,Excellent,Incentive
E0775,Priyanshi Kamble,37,Human Resources,Talent Acquisition Specialist,Part-Time,6 Months,B4,11.2,7.2,90.8,4,20,13,65.0,63.1,69.66,70.57,81.96,76.19,69.05,77.91,6.2,30,71.68,72.27,Good,Training
E0776,Vaishali Deewan,29,Information Technology,Cloud Engineer,Full-Time,Permanent,B2,3.8,3.8,96.6,8,31,22,70.97,78.15,71.96,81.46,69.44,56.5,70.67,71.36,6.0,40,92.5,76.54,Good,Training
E0777,Hritik Purohit,41,Sales,Sales Executive,Full-Time,Permanent,B3,8.8,8.0,96.7,2,28,21,75.0,70.7,77.66,82.96,74.15,73.44,71.66,70.97,0.0,10,55.07,76.59,Good,Incentive
E0778,Abhay Khanna,47,AI & Data Science,Data Analyst,Full-Time,Permanent,B5,23.3,16.9,85.8,6,24,16,66.67,70.23,74.19,73.7,73.39,77.05,72.76,67.79,1.0,25,87.2,73.88,Good,Training
E0779,Anmol Modanwal,54,Customer Support,Support Executive,Full-Time,Permanent,B4,11.2,5.4,84.0,7,41,28,68.29,68.48,65.06,62.21,74.35,69.88,68.9,76.11,10.4,40,95.79,70.98,Good,Training
E0780,Nityanand Khajuria,48,Finance,Financial Analyst,Part-Time,6 Months,B5,25.5,25.1,92.5,8,20,14,70.0,79.51,74.99,84.58,78.58,74.75,77.51,77.86,3.9,40,79.19,78.94,Good,Training
E0781,Yash Phogat,30,AI & Data Science,Data Scientist,Contract,6 Months,B2,2.4,1.3,91.9,2,15,10,66.67,69.72,70.72,74.97,82.01,58.8,71.21,75.73,0.0,15,56.82,72.83,Good,Training
E0782,Shubhendu Lalwani,32,Customer Support,Support Executive,Full-Time,Permanent,B4,9.5,6.2,90.4,10,28,18,64.29,73.05,67.26,76.37,78.31,61.12,71.54,81.12,4.1,20,79.56,73.68,Good,Training
E0783,Juhi Roshan,31,AI & Data Science,Data Analyst,Contract,12 Months,B3,7.9,3.2,83.3,9,30,21,70.0,79.67,75.27,75.18,60.75,65.22,73.69,63.4,12.3,20,57.3,72.4,Good,Training
E0784,Ishan Rana,48,Information Technology,Software Engineer,Full-Time,Permanent,B5,22.9,22.7,82.5,12,32,17,53.12,57.7,58.09,69.48,70.43,79.59,61.79,81.69,4.7,25,71.68,65.79,Average,Training
E0785,Avnish Sampla,24,Marketing,Marketing Executive,Full-Time,Permanent,B1,1.3,0.7,90.8,9,40,28,70.0,63.27,65.99,67.3,81.36,56.91,67.68,72.8,17.3,20,70.36,70.59,Good,Training
E0786,Nimisha Rana,51,Operations,Process Analyst,Full-Time,Permanent,B5,25.6,14.6,96.0,3,24,18,75.0,66.64,67.94,68.89,85.24,79.45,74.02,77.6,1.8,25,76.48,75.27,Good,Training
E0787,Dinkar Nagar,34,Information Technology,Software Engineer,Contract,24 Months,B3,6.3,0.9,71.5,20,31,22,70.97,69.13,75.71,73.13,78.72,65.98,70.47,73.49,3.5,30,72.41,72.48,Good,Training
E0788,Karn Tripathi,37,Marketing,Digital Marketing Specialist,Contract,12 Months,B3,6.7,1.1,92.4,10,33,23,69.7,64.11,64.34,71.64,86.0,68.46,69.13,85.66,13.0,40,77.63,73.35,Good,Training
E0789,Mahalakshmi Rajawat,37,Finance,Finance Executive,Full-Time,Permanent,B4,12.5,1.6,96.3,5,30,23,76.67,81.87,80.26,70.39,65.93,65.6,83.36,81.34,9.1,50,86.48,78.44,Good,Incentive
E0790,Jayprakash Mondal,45,Operations,Process Analyst,Full-Time,Permanent,B3,8.6,4.8,86.5,9,20,12,60.0,57.52,61.99,68.09,75.75,57.82,64.82,82.01,0.0,20,57.25,66.46,Average,Training
E0791,Shreya Suryavanshi,43,Customer Support,Customer Success Associate,Contract,12 Months,B3,5.3,0.3,97.9,0,22,18,81.82,72.72,75.99,66.09,68.69,63.42,76.09,64.12,0.0,20,73.69,75.02,Good,Training
E0792,Sheshnath Dhanuka,38,Customer Support,Support Analyst,Full-Time,Permanent,B4,13.8,1.9,71.5,23,38,22,57.89,60.62,57.41,72.37,75.6,80.25,59.26,64.13,5.4,25,82.13,66.24,Average,PIP
E0793,Mahalakshmi Dhanuka,37,Operations,Operations Executive,Full-Time,Permanent,B4,9.0,5.3,94.3,8,31,24,77.42,70.12,71.95,80.55,76.87,71.95,77.53,83.09,7.1,10,51.85,76.34,Good,Training
E0794,Sudha Kamat,33,Information Technology,DevOps Engineer,Part-Time,6 Months,B2,4.9,0.2,92.8,8,22,16,72.73,76.76,70.28,80.42,82.7,69.0,71.33,67.53,0.0,15,66.6,76.3,Good,Training
E0795,Gangesh Thackeray,26,Human Resources,HR Executive,Contract,24 Months,B2,2.3,1.7,92.9,5,23,13,56.52,69.83,69.18,71.44,84.4,55.34,69.22,74.24,9.4,25,83.75,71.9,Good,Training
E0796,Vrinda Shah,44,AI & Data Science,ML Engineer,Full-Time,Permanent,B4,12.8,3.5,70.0,20,26,18,69.23,63.9,73.13,65.52,77.5,60.06,67.33,74.03,0.0,40,97.56,70.47,Good,Training
E0797,Mohini Deewan,36,Finance,Accountant,Full-Time,Permanent,B4,10.5,6.3,96.2,1,23,17,73.91,73.64,74.11,72.34,79.12,61.6,76.96,76.94,0.0,20,72.17,76.02,Good,Training
E0798,Prashant Chaudhari,49,AI & Data Science,Data Analyst,Full-Time,Permanent,B4,11.5,9.4,97.4,1,41,26,63.41,61.82,60.18,58.47,64.33,59.51,64.64,57.87,5.3,25,84.3,66.07,Average,Training
E0799,Chandrashekhar Ghoshal,50,Operations,Operations Manager,Full-Time,Permanent,B3,8.1,2.6,87.8,7,26,18,69.23,79.42,75.5,79.57,77.54,68.64,71.92,69.63,0.5,20,74.12,76.31,Good,Incentive
E0800,Vimal Khemka,38,Marketing,Marketing Executive,Full-Time,Permanent,B4,12.9,8.7,94.6,3,16,14,87.5,74.55,79.39,84.65,89.98,81.2,74.07,81.65,10.2,25,76.97,83.07,Excellent,Incentive
E0801,Drupad Som,52,AI & Data Science,Data Scientist,Full-Time,Permanent,B3,8.5,5.2,96.6,1,32,22,68.75,67.44,70.68,64.27,72.42,69.03,69.85,63.79,8.9,20,73.75,71.39,Good,Training
E0802,Saumya Lokhande,35,AI & Data Science,ML Engineer,Full-Time,Permanent,B3,7.2,3.5,96.0,0,27,20,74.07,75.64,79.23,84.01,68.98,62.76,77.1,79.4,9.1,15,66.96,77.75,Good,Incentive
E0803,Anshul Pathak,47,Information Technology,Cloud Engineer,Full-Time,Permanent,B5,24.2,16.0,91.4,7,22,16,72.73,65.13,69.45,69.59,82.84,76.98,67.34,79.65,3.5,5,44.83,72.4,Good,Training
E0804,Arpana Mahajan,29,AI & Data Science,ML Engineer,Full-Time,Permanent,B2,4.2,1.1,93.1,4,22,15,68.18,75.63,70.23,79.48,77.96,53.29,67.73,63.33,4.9,40,85.54,74.63,Good,Training
E0805,Chhotelal Bahl,32,AI & Data Science,Data Analyst,Full-Time,Permanent,B4,9.4,4.8,81.4,6,22,13,59.09,62.63,62.95,72.24,63.24,70.59,65.85,75.1,11.9,20,76.91,67.42,Average,Training
E0806,Rekha Kedia,53,Operations,Operations Executive,Full-Time,Permanent,B5,21.6,9.1,80.4,8,33,20,60.61,68.64,70.12,76.66,70.35,76.9,73.54,85.02,4.8,10,51.55,70.83,Good,Training
E0807,Foolkumari Dubey,42,AI & Data Science,AI Engineer,Full-Time,Permanent,B5,17.0,14.3,86.8,5,20,14,70.0,66.31,71.71,65.71,75.43,76.65,68.21,76.06,5.1,10,54.32,71.04,Good,Training
E0808,Sarika Dutt,29,Human Resources,HR Executive,Full-Time,Permanent,B2,2.3,1.0,91.7,10,17,10,58.82,68.51,69.25,72.28,84.11,52.78,71.9,72.17,0.0,20,67.92,71.15,Good,Training
E0809,Ridheekaran Govil,35,Finance,Finance Executive,Full-Time,Permanent,B4,11.6,0.8,97.2,2,31,22,70.97,79.53,74.57,70.23,69.71,73.88,78.75,73.97,0.0,10,58.06,75.22,Good,Training
E0810,Chandrakanti Dabral,43,AI & Data Science,Data Analyst,Full-Time,Permanent,B4,13.7,8.6,96.5,2,21,13,61.9,62.14,62.38,66.51,63.17,60.76,66.45,64.27,0.0,25,65.24,66.74,Average,Training
E0811,Sandhya Bindra,31,Marketing,Marketing Executive,Full-Time,Permanent,B2,3.1,1.9,65.5,16,16,8,50.0,54.85,58.84,57.36,62.89,50.69,62.65,77.05,5.0,10,49.32,57.98,Needs Improvement,PIP
E0812,Pavan Joshi,37,Finance,Accountant,Contract,12 Months,B3,6.6,1.3,94.1,7,42,30,71.43,77.81,71.69,80.12,72.87,71.11,71.54,74.43,7.7,25,65.8,76.0,Good,Training
E0813,Piyush Tiwari,30,Information Technology,Cloud Engineer,Full-Time,Permanent,B3,7.3,5.0,92.3,8,34,22,64.71,60.28,69.67,70.62,70.67,69.91,67.26,85.37,7.2,25,69.4,70.69,Good,Training
E0814,Shanta Khajuria,48,AI & Data Science,Data Scientist,Contract,6 Months,B4,14.7,0.2,70.7,21,28,19,67.86,76.33,76.33,75.17,86.02,73.27,78.82,82.27,17.0,40,77.1,75.6,Good,Incentive
E0815,Jwala Kakkar,26,AI & Data Science,Data Analyst,Part-Time,12 Months,B1,1.9,0.1,96.8,3,41,32,78.05,73.59,78.58,79.88,73.84,54.55,77.37,78.79,12.1,30,79.63,78.1,Good,Incentive
E0816,Anusha Chaturvedi,41,Information Technology,Software Engineer,Full-Time,Permanent,B4,10.6,1.5,96.7,8,37,24,64.86,65.27,68.77,63.1,71.18,71.21,65.68,71.18,11.3,30,93.73,71.18,Good,Training
E0817,Parmeshwar Lokhande,32,Marketing,Digital Marketing Specialist,Contract,24 Months,B2,3.1,1.9,91.3,5,32,20,62.5,64.05,62.94,61.03,84.59,65.1,72.43,81.9,7.8,10,53.29,68.8,Average,Training
E0818,Vishal Giri,41,Customer Support,Support Analyst,Full-Time,Permanent,B4,14.6,1.1,91.8,10,35,24,68.57,69.17,68.8,74.89,72.77,76.63,73.23,70.15,11.9,25,69.21,73.13,Good,Training
E0819,Sonia Gavaskar,55,Marketing,Marketing Analyst,Part-Time,12 Months,B5,26.1,24.6,96.7,3,26,20,76.92,84.42,78.53,79.89,75.7,79.07,83.86,90.43,3.8,30,80.77,81.91,Excellent,Incentive
E0820,Aishwarya Banerjee,27,Information Technology,Software Engineer,Full-Time,Permanent,B2,3.9,0.0,87.5,14,24,19,79.17,77.85,81.02,72.61,65.71,62.33,76.56,72.83,0.0,20,62.55,75.63,Good,Incentive
E0821,Lavisha Chaurasiya,57,Operations,Operations Executive,Full-Time,Permanent,B5,34.5,4.7,93.6,3,28,17,60.71,60.14,59.59,70.61,72.73,73.96,62.19,58.52,7.0,15,57.89,66.92,Average,Training
E0822,Shailendra Modi,55,Operations,Operations Executive,Part-Time,12 Months,B5,22.3,4.9,96.5,0,20,16,80.0,78.85,80.46,71.53,85.08,88.45,77.85,87.33,8.4,10,49.21,79.93,Good,Incentive
E0823,Naina Pandit,39,Information Technology,Software Engineer,Full-Time,Permanent,B5,16.6,4.6,96.9,8,40,32,80.0,77.56,75.82,79.12,79.57,70.47,76.15,86.93,19.8,40,91.92,80.8,Excellent,Incentive
E0824,Sagarika Lokhande,37,Information Technology,System Administrator,Full-Time,Permanent,B4,10.2,4.1,81.7,12,20,15,75.0,68.2,76.73,76.54,77.78,72.05,73.58,63.26,0.0,30,93.31,75.53,Good,Incentive
E0825,Murlidhar Kushwaha,29,Information Technology,System Administrator,Contract,6 Months,B1,1.9,0.3,96.4,2,22,16,72.73,70.19,70.49,74.84,69.8,47.52,72.75,86.31,8.5,10,62.96,73.33,Good,Training
E0826,Anju Kayasth,32,Sales,Business Development Executive,Full-Time,Permanent,B2,2.8,0.3,91.7,4,36,27,75.0,79.82,73.45,79.45,70.13,62.46,79.29,78.58,6.5,30,78.6,77.29,Good,Training
E0827,Kaushalya Paswan,35,Sales,Account Manager,Full-Time,Permanent,B2,4.7,3.3,96.5,3,31,22,70.97,74.19,69.65,68.94,79.92,66.0,76.42,82.12,6.3,10,50.58,73.96,Good,Training
E0828,Nihal Runthla,47,Customer Support,Support Executive,Full-Time,Permanent,B3,7.2,7.0,67.6,25,32,12,37.5,55.25,54.28,67.55,58.48,49.84,56.16,60.74,10.6,20,63.86,56.32,Needs Improvement,PIP
E0829,Arjun Ghosh,57,Marketing,Marketing Analyst,Full-Time,Permanent,B5,34.0,16.8,97.3,4,32,23,71.88,79.26,77.88,76.84,80.03,74.57,74.35,71.2,9.4,25,66.32,77.93,Good,Incentive
E0830,Mithilesh Dikshit,40,Marketing,Marketing Analyst,Full-Time,Permanent,B5,18.0,6.2,99.9,2,37,28,75.68,80.97,82.3,81.71,80.28,77.35,74.91,69.45,7.8,15,69.71,80.69,Excellent,Incentive
E0831,Ruchi Rajawat,33,Sales,Account Manager,Full-Time,Permanent,B4,10.2,8.1,94.0,3,35,19,54.29,54.8,54.16,59.81,66.18,67.84,57.96,75.09,5.7,25,70.12,63.03,Average,Training
E0832,Sohan Wahal,41,AI & Data Science,AI Engineer,Full-Time,Permanent,B5,15.8,2.8,92.5,6,27,19,70.37,67.25,73.49,72.0,63.0,75.5,73.38,70.25,0.4,5,40.46,71.0,Good,Training
E0833,Harsh Singhi,54,Sales,Sales Executive,Full-Time,Permanent,B5,25.3,1.8,94.6,7,30,23,76.67,74.83,70.86,80.89,78.27,83.54,69.22,64.41,2.3,20,59.62,76.61,Good,Training
E0834,Stuti Kannaujiya,55,AI & Data Science,Data Scientist,Contract,24 Months,B3,8.6,5.4,90.5,3,19,13,68.42,67.35,73.77,73.85,75.05,73.26,72.83,81.39,5.2,25,78.68,74.37,Good,Training
E0835,Sonam Kedia,31,Customer Support,Support Executive,Full-Time,Permanent,B3,5.1,4.6,87.2,7,33,24,72.73,72.44,71.98,77.78,71.78,62.56,73.2,74.0,1.3,20,60.93,73.67,Good,Training
E0836,Raghavendra Jalan,28,AI & Data Science,Data Scientist,Part-Time,12 Months,B2,2.9,0.1,93.6,7,20,15,75.0,70.33,69.81,65.78,69.07,46.31,70.45,74.02,0.0,30,76.81,71.78,Good,Training
E0837,Anita Nath,26,Finance,Accountant,Full-Time,Permanent,B2,2.3,1.3,91.5,8,35,25,71.43,70.95,72.7,74.7,86.92,52.54,77.57,86.11,4.0,25,63.34,75.29,Good,Training
E0838,Shakuntala Soni,24,Human Resources,HR Executive,Full-Time,Permanent,B1,1.2,0.0,94.9,8,34,24,70.59,66.65,69.74,63.44,75.56,50.92,72.49,81.58,10.0,20,63.03,71.01,Good,Training
E0839,Kalloo Kaushik,49,Finance,Financial Analyst,Full-Time,Permanent,B4,9.0,4.8,93.4,8,24,16,66.67,64.94,63.51,64.63,69.76,68.66,68.38,64.33,2.6,20,62.04,68.45,Average,Training
E0840,Komal Shukla,30,Customer Support,Customer Success Associate,Contract,12 Months,B3,6.5,2.0,80.7,9,39,22,56.41,56.29,60.78,66.45,71.68,66.08,65.34,62.99,2.6,15,61.96,64.05,Average,Training
E0841,Jaya Vaidya,25,Operations,Operations Manager,Full-Time,Permanent,B1,1.9,1.3,92.8,4,22,16,72.73,65.61,68.97,68.84,72.99,63.02,73.76,75.15,0.0,30,83.06,72.75,Good,Training
E0842,Mitali Thakur,25,AI & Data Science,AI Engineer,Contract,24 Months,B1,1.8,0.1,87.7,5,30,23,76.67,73.05,79.06,76.46,76.12,62.71,73.41,67.73,0.0,20,69.64,75.84,Good,Incentive
E0843,Shravan Bahl,24,AI & Data Science,ML Engineer,Full-Time,Permanent,B1,1.8,0.7,75.1,17,33,14,42.42,46.03,45.47,62.9,63.54,56.7,54.03,76.37,9.5,20,63.91,55.94,Needs Improvement,PIP
E0844,Mahima Ahuja,24,Marketing,Digital Marketing Specialist,Part-Time,6 Months,B1,1.3,0.6,97.8,3,45,34,75.56,67.82,74.8,74.04,76.52,54.58,68.92,66.17,9.1,10,63.36,73.92,Good,Training
E0845,Arunima Piramal,57,Information Technology,Software Engineer,Part-Time,6 Months,B5,33.2,24.6,68.5,19,29,16,55.17,58.48,57.95,58.94,61.05,75.88,62.04,56.79,0.0,25,78.95,61.22,Average,PIP
E0846,Ramdev Khanna,52,Operations,Operations Manager,Full-Time,Permanent,B5,23.5,21.1,91.4,2,19,14,73.68,80.9,78.01,80.25,79.39,78.09,80.55,89.9,3.7,15,48.44,78.85,Good,Incentive
E0847,Mithun Ranaut,44,AI & Data Science,ML Engineer,Part-Time,12 Months,B5,21.1,3.4,97.2,4,28,20,71.43,70.77,68.72,75.83,82.5,86.12,70.33,80.27,14.7,25,68.34,76.24,Good,Training
E0848,Chirag Unadkat,27,Information Technology,Cloud Engineer,Full-Time,Permanent,B2,2.0,0.0,67.8,23,29,20,68.97,70.05,72.89,66.32,81.73,54.0,76.83,83.43,16.4,20,65.67,70.68,Good,Training
E0849,Ishika Prajapati,53,Information Technology,Cloud Engineer,Full-Time,Permanent,B5,22.7,4.8,77.6,17,38,22,57.89,65.31,66.6,74.75,61.1,72.78,70.13,64.2,9.4,25,73.96,67.61,Average,Training
E0850,Sudheendra Tagore,38,Sales,Account Manager,Full-Time,Permanent,B3,5.6,0.3,92.2,8,23,17,73.91,77.1,75.71,79.83,87.86,65.1,79.69,88.96,0.0,20,75.62,79.46,Good,Incentive
E0851,Parinita Gandhi,52,Operations,Process Analyst,Contract,12 Months,B3,8.6,3.1,92.7,9,24,17,70.83,77.34,73.63,68.88,82.68,59.74,73.52,73.36,14.1,30,78.58,75.4,Good,Training
E0852,Rupali Sengupta,38,Sales,Account Manager,Full-Time,Permanent,B3,5.8,1.4,81.7,14,39,34,87.18,90.63,88.9,77.46,83.99,57.56,82.63,66.97,12.6,25,68.39,81.97,Excellent,Incentive
E0853,Purvi Atrey,38,AI & Data Science,AI Engineer,Contract,6 Months,B4,9.5,0.5,96.6,0,35,25,71.43,80.25,76.21,74.22,78.23,62.61,76.4,77.46,0.9,40,77.73,77.51,Good,Incentive
E0854,Kishan Kashyap,42,AI & Data Science,ML Engineer,Full-Time,Permanent,B3,8.8,1.9,90.8,7,24,17,70.83,66.16,66.16,63.59,76.41,58.87,72.16,75.31,0.0,20,78.95,71.0,Good,Training
E0855,Govinda Shah,52,Operations,Operations Executive,Full-Time,Permanent,B4,14.3,12.5,96.6,8,35,28,80.0,78.4,79.24,74.58,62.45,64.0,79.09,69.44,3.8,25,71.23,76.93,Good,Incentive
E0856,Mahima Kejriwal,50,Finance,Financial Analyst,Full-Time,Permanent,B4,10.8,4.6,90.8,7,28,15,53.57,56.4,55.7,70.0,78.64,61.61,60.44,69.18,0.8,15,57.96,64.75,Average,Training
E0857,Supriya Desai,27,AI & Data Science,Data Analyst,Full-Time,Permanent,B2,3.7,2.1,96.3,4,23,16,69.57,63.97,72.94,79.38,72.18,53.64,71.22,83.07,1.9,20,65.9,73.42,Good,Training
E0858,Apurva Srivastava,23,Human Resources,Talent Acquisition Specialist,Full-Time,Permanent,B1,0.7,0.7,70.3,20,41,22,53.66,56.92,59.21,66.72,62.72,45.78,60.34,71.18,2.7,25,81.51,61.72,Average,PIP
E0859,Brijbhushan Jaitley,43,Marketing,Marketing Analyst,Full-Time,Permanent,B5,18.7,1.2,90.9,4,18,15,83.33,88.29,80.13,72.96,76.96,85.42,79.35,82.37,0.0,20,65.43,81.12,Excellent,Incentive
E0860,Hamsika Shukla,44,Operations,Operations Executive,Full-Time,Permanent,B4,14.3,3.7,91.9,6,44,35,79.55,71.54,79.2,67.08,67.86,76.92,79.94,81.96,14.1,20,70.96,76.07,Good,Training
E0861,Sujata Kothari,54,Finance,Finance Executive,Contract,24 Months,B5,17.6,16.6,91.6,3,34,27,79.41,76.74,73.89,71.42,73.62,79.45,72.67,65.09,8.2,15,55.14,75.36,Good,Training
E0862,Divakar Nath,38,Information Technology,Software Engineer,Full-Time,Permanent,B5,15.7,4.4,92.6,3,17,12,70.59,71.63,72.99,67.29,76.5,74.44,75.1,79.83,0.1,25,75.67,74.54,Good,Training
E0863,Tejprakash Mistry,56,AI & Data Science,ML Engineer,Full-Time,Permanent,B5,30.8,13.0,74.6,15,15,12,80.0,70.59,74.18,68.26,66.29,77.11,68.82,63.84,1.1,5,52.74,71.17,Good,Training
E0864,Sujata Vishwakarma,55,Operations,Process Analyst,Full-Time,Permanent,B5,17.0,11.7,97.7,2,41,32,78.05,81.85,81.44,71.63,74.65,73.87,81.55,74.1,13.0,30,93.34,80.32,Excellent,Incentive
E0865,Kaushik Sagar,24,Customer Support,Support Executive,Contract,24 Months,B1,1.8,1.2,96.4,7,51,38,74.51,81.68,72.95,72.98,73.99,57.05,76.32,63.47,17.9,20,57.62,75.08,Good,Training
E0866,Reeta Modanwal,24,Customer Support,Support Executive,Contract,6 Months,B1,0.7,0.4,88.1,14,34,19,55.88,55.56,60.0,64.28,71.11,46.53,67.15,82.27,2.5,30,71.58,64.66,Average,Training
E0867,Garima Priyadarshini,31,Human Resources,Talent Acquisition Specialist,Full-Time,Permanent,B2,2.9,0.1,93.6,4,20,14,70.0,74.11,76.78,75.89,85.38,56.13,74.24,85.38,4.8,50,77.92,77.1,Good,Incentive
E0868,Kanhaiya Kaushik,25,Human Resources,Talent Acquisition Specialist,Full-Time,Permanent,B2,2.0,0.6,90.9,2,42,30,71.43,78.31,71.06,72.34,83.01,56.37,72.73,69.93,15.9,15,69.25,74.78,Good,Training
E0869,Gautam Wahal,45,Finance,Financial Analyst,Full-Time,Permanent,B5,15.5,14.8,82.0,9,28,14,50.0,60.99,53.94,62.1,59.7,74.35,57.24,62.0,3.4,30,80.3,61.92,Average,Training
E0870,Prabha Haldar,40,Marketing,Marketing Executive,Full-Time,Permanent,B2,4.6,3.6,93.4,9,23,16,69.57,72.51,73.54,79.93,69.69,68.84,70.45,70.01,7.1,25,75.1,74.86,Good,Training
E0871,Bhagvati Bendre,57,Finance,Financial Analyst,Full-Time,Permanent,B5,33.5,11.5,92.9,10,18,11,61.11,74.67,66.56,73.02,65.23,68.48,69.7,59.84,0.0,20,55.25,69.78,Average,Training
E0872,Nakul Mumukshu,37,Information Technology,Software Engineer,Full-Time,Permanent,B3,8.2,2.4,90.3,10,20,9,45.0,51.48,56.6,59.28,59.26,58.94,58.1,56.51,0.0,25,84.37,59.71,Needs Improvement,PIP
E0873,Sonu Raje,34,Information Technology,DevOps Engineer,Full-Time,Permanent,B3,8.6,6.3,87.7,6,32,18,56.25,60.15,66.21,63.16,78.08,68.35,67.71,60.64,9.3,25,80.51,67.3,Average,Training
E0874,Shalini Kaushik,40,Operations,Operations Manager,Full-Time,Permanent,B3,7.2,6.6,96.8,1,32,23,71.88,68.79,72.08,77.98,83.46,73.34,73.24,88.33,7.0,20,56.29,76.2,Good,Training
E0875,Swaranjali Pratap,52,AI & Data Science,ML Engineer,Full-Time,Permanent,B5,22.0,0.8,86.8,11,26,15,57.69,70.55,61.88,63.93,69.64,84.35,67.54,81.13,1.8,20,71.63,68.98,Average,Training
E0876,Aditi Nahar,52,Information Technology,DevOps Engineer,Full-Time,Permanent,B5,25.2,3.2,83.1,14,28,17,60.71,72.23,63.97,77.46,70.24,85.8,68.65,80.78,3.2,5,38.4,70.17,Good,Training
E0877,Samanata Bhandari,25,Information Technology,Software Engineer,Contract,12 Months,B2,2.0,1.4,85.4,14,28,17,60.71,62.67,60.22,71.68,64.64,45.46,66.37,63.84,8.0,30,75.45,65.85,Average,Training
E0878,Ramchandra Kumar,36,Sales,Sales Executive,Full-Time,Permanent,B4,13.4,12.5,75.0,25,27,20,74.07,81.8,78.36,80.38,68.93,76.53,78.69,76.01,2.7,25,68.66,76.58,Good,Incentive
E0879,Madri Rathod,43,Information Technology,Software Engineer,Full-Time,Permanent,B5,15.8,2.7,96.3,5,18,17,94.44,85.99,92.37,81.68,67.77,66.92,83.45,76.52,8.2,5,40.21,82.93,Excellent,Incentive
E0880,Omkar Negi,49,Finance,Financial Analyst,Full-Time,Permanent,B4,14.2,3.1,96.6,8,24,17,70.83,65.5,72.69,71.02,67.89,75.59,70.79,69.59,5.1,15,54.73,71.99,Good,Training
E0881,Digvijay Pawar,40,Information Technology,System Administrator,Full-Time,Permanent,B3,7.1,3.8,94.4,3,42,25,59.52,59.71,65.94,67.92,65.84,67.88,67.18,74.19,0.5,30,83.92,68.65,Average,Training
E0882,Sushma Choudhuri,40,Marketing,Marketing Executive,Full-Time,Permanent,B4,12.0,2.2,91.6,3,29,20,68.97,74.43,71.17,79.13,69.86,64.83,74.3,67.37,4.1,30,71.25,74.09,Good,Training
E0883,Chhotelal Dalal,47,Sales,Sales Executive,Full-Time,Permanent,B4,13.4,1.2,93.7,4,38,27,71.05,77.84,75.11,68.15,64.69,65.85,75.17,68.1,0.0,25,73.25,73.78,Good,Training
E0884,Ikshita Pal,55,Marketing,Digital Marketing Specialist,Full-Time,Permanent,B4,9.2,0.4,91.7,5,33,20,60.61,57.19,66.35,72.91,71.73,57.79,64.08,77.8,1.7,25,79.09,68.84,Average,Training
E0885,Veena Bajaj,36,Sales,Sales Executive,Full-Time,Permanent,B3,8.9,4.6,94.7,9,38,30,78.95,75.3,73.59,81.7,82.22,68.82,75.18,72.84,1.4,10,52.96,77.61,Good,Training
E0886,Satyaprakash Gupta,38,AI & Data Science,ML Engineer,Full-Time,Permanent,B4,12.8,7.8,97.7,1,19,13,68.42,67.21,69.72,73.38,76.43,63.11,69.12,84.74,0.0,20,69.51,73.55,Good,Training
E0887,Gautami Jahagirdar,25,Operations,Operations Manager,Part-Time,6 Months,B1,1.7,1.3,89.0,13,18,9,50.0,51.45,57.77,64.64,68.27,57.47,61.72,60.99,0.6,15,72.15,61.92,Average,Training
E0888,Sudha Banerjee,28,Information Technology,DevOps Engineer,Full-Time,Permanent,B3,5.5,0.1,97.3,2,18,15,83.33,79.46,81.08,76.28,81.01,70.79,77.48,66.85,0.4,15,67.23,79.97,Good,Incentive
E0889,Debashish Dave,56,Finance,Financial Analyst,Full-Time,Permanent,B5,33.0,0.4,96.6,2,27,23,85.19,73.22,81.41,70.5,73.69,69.55,78.76,68.04,0.0,50,82.68,78.53,Good,Incentive
E0890,Supriya Chandrachud,56,Information Technology,System Administrator,Full-Time,Permanent,B5,26.1,8.6,90.5,10,42,30,71.43,66.08,68.11,62.33,60.99,73.08,66.25,60.43,9.0,40,98.32,70.25,Good,Training
E0891,Mihika Chouhan,37,Sales,Sales Executive,Full-Time,Permanent,B3,6.2,2.2,92.0,5,26,14,53.85,58.68,62.76,58.33,61.04,52.33,64.59,54.83,3.1,10,55.82,61.73,Average,Training
E0892,Navya Gadkari,34,Information Technology,Cloud Engineer,Contract,12 Months,B3,5.2,2.5,83.1,6,18,8,44.44,53.03,51.02,67.9,75.79,65.72,62.41,71.55,0.0,20,59.54,61.31,Average,Training
E0893,Tarun Rawal,54,Marketing,Marketing Analyst,Full-Time,Permanent,B5,17.8,6.1,81.6,6,27,17,62.96,72.55,66.29,76.45,66.93,82.83,72.87,78.65,0.0,20,77.29,72.17,Good,Training
E0894,Nalini Gujral,53,Customer Support,Support Executive,Full-Time,Permanent,B5,30.4,29.3,74.4,10,33,21,63.64,67.45,64.39,64.74,64.36,68.47,70.69,69.94,0.0,40,81.58,67.44,Average,PIP
E0895,Uma Tagore,40,AI & Data Science,Data Analyst,Full-Time,Permanent,B3,8.8,1.9,70.8,11,33,22,66.67,69.5,66.93,74.88,86.03,70.21,73.93,84.84,9.6,25,81.59,72.91,Good,Training
E0896,Dipanshi Tagore,28,Operations,Operations Manager,Part-Time,12 Months,B2,2.0,1.4,97.5,8,29,28,96.55,82.63,87.28,81.01,70.12,66.2,86.81,89.64,4.6,50,99.63,86.0,Excellent,Incentive
E0897,Niladri Bisht,24,Operations,Operations Manager,Full-Time,Permanent,B1,1.0,0.2,92.6,3,31,21,67.74,70.17,70.53,71.01,85.87,52.18,70.97,79.91,0.0,20,75.74,73.7,Good,Training
E0898,Suhas Goyal,41,Marketing,Digital Marketing Specialist,Full-Time,Permanent,B5,18.3,3.5,97.7,0,20,15,75.0,75.79,74.24,72.25,87.01,86.97,73.14,82.07,4.8,30,91.56,79.75,Good,Training
E0899,Vilasrao Pal,27,AI & Data Science,Data Analyst,Full-Time,Permanent,B1,1.8,0.5,80.2,12,42,25,59.52,66.54,67.11,62.72,63.03,60.5,65.26,62.52,9.1,25,80.36,66.14,Average,Training
E0900,Prashansa Chaudhari,32,Customer Support,Support Executive,Full-Time,Permanent,B4,9.6,0.3,92.8,4,49,38,77.55,85.11,83.34,82.16,68.13,59.57,79.99,70.34,13.9,15,51.1,78.37,Good,Incentive
E0901,Deepti Bhatia,33,Operations,Process Analyst,Full-Time,Permanent,B2,4.2,0.4,93.1,2,26,17,65.38,65.34,67.55,62.59,59.42,45.0,68.27,67.15,0.0,10,63.25,66.56,Average,Training
E0902,Shivshankar Roy,53,Information Technology,DevOps Engineer,Full-Time,Permanent,B5,26.4,19.0,70.0,23,32,18,56.25,64.27,57.91,64.87,60.97,67.14,63.26,71.93,8.3,20,74.95,63.46,Average,PIP
E0903,Bahadur Narayan,31,Information Technology,System Administrator,Full-Time,Permanent,B3,7.5,4.9,80.8,8,37,25,67.57,75.65,72.55,78.44,66.2,61.24,71.58,74.62,15.1,15,69.25,72.67,Good,Training
E0904,Niharika Chaurasiya,31,Customer Support,Support Executive,Full-Time,Permanent,B3,7.7,7.4,90.0,6,44,34,77.27,72.01,70.51,80.83,85.15,64.14,76.58,84.5,18.2,40,79.59,77.85,Good,Training
E0905,Nagesh Ambedkar,31,Human Resources,HR Executive,Full-Time,Permanent,B3,8.4,2.3,78.4,10,33,19,57.58,59.68,64.22,65.91,82.85,62.31,64.05,79.99,4.1,25,70.4,67.07,Average,Training
E0906,Kavindra Chaubey,29,Human Resources,HR Analyst,Full-Time,Permanent,B2,3.3,1.8,97.4,4,26,18,69.23,76.97,71.68,74.87,61.14,48.97,72.72,63.63,0.0,10,63.88,72.23,Good,Training
E0907,Sagar Sahani,55,Marketing,Digital Marketing Specialist,Part-Time,12 Months,B5,26.4,21.2,96.5,8,28,21,75.0,80.1,80.87,78.86,69.52,77.45,75.27,74.97,10.1,20,61.47,78.28,Good,Incentive
E0908,Munna Rastogi,39,Marketing,Marketing Executive,Full-Time,Permanent,B4,11.5,5.6,92.8,3,28,22,78.57,73.83,71.7,74.63,77.2,75.3,77.54,80.47,4.4,50,84.83,77.72,Good,Training
E0909,Monu More,51,Customer Support,Support Executive,Full-Time,Permanent,B5,16.8,7.5,97.0,1,39,28,71.79,74.21,73.56,71.05,65.15,79.19,71.14,71.85,12.8,30,87.16,75.27,Good,Training
E0910,Lavkush Nishad,57,Customer Support,Support Executive,Full-Time,Permanent,B4,14.5,0.9,72.3,17,43,27,62.79,71.33,73.16,72.53,77.38,63.79,73.73,76.59,11.5,30,84.2,71.85,Good,Training
E0911,Kashyap Agrawal,50,AI & Data Science,Data Analyst,Full-Time,Permanent,B5,27.1,23.0,93.8,4,27,20,74.07,68.08,72.1,79.7,80.19,82.54,75.41,82.25,2.3,25,72.21,77.11,Good,Training
E0912,Jagriti Rawal,29,Customer Support,Support Analyst,Contract,24 Months,B2,4.0,4.0,90.2,2,49,32,65.31,70.39,72.44,74.39,66.49,56.72,74.29,68.21,6.4,30,76.11,71.81,Good,Training
E0913,Babita Nair,44,Finance,Financial Analyst,Full-Time,Permanent,B5,15.5,10.0,91.6,4,33,19,57.58,71.78,64.12,78.12,67.39,79.64,64.58,65.05,3.6,15,57.82,69.99,Average,Training
E0914,Amarendra Gaharwar,24,Human Resources,HR Analyst,Full-Time,Permanent,B1,0.9,0.8,83.6,12,19,15,78.95,81.35,74.95,77.45,77.11,48.2,73.02,69.19,2.9,30,92.76,77.13,Good,Training
E0915,Gautam Pratap,43,Information Technology,System Administrator,Contract,12 Months,B5,20.5,3.1,96.3,8,31,27,87.1,82.88,78.9,74.37,65.39,72.76,80.98,70.8,3.4,20,78.78,79.82,Good,Incentive
E0916,Ishwar Tagore,37,AI & Data Science,Data Scientist,Full-Time,Permanent,B2,4.8,3.7,97.1,5,18,13,72.22,74.05,75.28,82.54,84.97,73.17,74.75,80.47,0.0,5,49.14,77.7,Good,Incentive
E0917,Tripti Mumukshu,45,AI & Data Science,Data Analyst,Full-Time,Permanent,B4,10.3,4.2,66.8,17,36,24,66.67,63.34,63.04,60.12,81.74,59.86,71.21,79.31,0.0,25,64.22,66.56,Average,PIP
E0918,Sushil Bhandari,27,Sales,Sales Executive,Full-Time,Permanent,B2,2.7,1.3,93.8,5,50,38,76.0,81.16,81.52,86.38,76.96,65.42,84.89,86.13,8.7,20,59.44,80.63,Excellent,Incentive
E0919,Shashwat Sampla,43,Customer Support,Support Analyst,Full-Time,Permanent,B5,18.2,0.5,91.7,2,31,20,64.52,68.17,70.33,73.63,77.06,77.42,66.81,65.61,6.1,20,67.28,72.23,Good,Training
E0920,Megha Jain,43,Information Technology,Software Engineer,Full-Time,Permanent,B5,16.0,13.2,90.9,9,15,12,80.0,78.41,81.92,82.18,73.47,79.82,77.71,75.08,3.9,15,50.75,78.98,Good,Incentive
E0921,Ajeet Shastry,54,Operations,Process Analyst,Contract,12 Months,B5,27.0,7.9,90.4,4,38,27,71.05,64.73,66.7,60.63,78.85,82.44,66.01,67.35,0.0,50,78.14,71.09,Good,Training
E0922,Prabhavati Mehta,57,Information Technology,Software Engineer,Full-Time,Permanent,B5,28.1,10.6,81.0,6,25,18,72.0,78.14,74.08,71.09,72.41,75.68,77.26,80.39,0.0,15,71.75,74.89,Good,Training
E0923,Hema Rout,33,Operations,Operations Manager,Full-Time,Permanent,B3,8.6,4.2,85.0,13,19,13,68.42,70.09,65.35,72.86,65.35,66.22,70.36,65.21,0.0,30,88.1,71.04,Good,Training
E0924,Akshara Bharati,48,AI & Data Science,ML Engineer,Full-Time,Permanent,B5,21.6,7.5,66.4,11,20,14,70.0,64.59,72.26,69.05,76.01,70.95,70.54,64.61,0.0,15,48.23,68.34,Average,PIP
E0925,Neha Poddar,56,Marketing,Marketing Analyst,Full-Time,Permanent,B5,29.5,7.1,86.4,15,31,22,70.97,70.37,76.44,69.21,74.07,71.01,71.08,61.81,8.8,40,76.24,73.1,Good,Training
E0926,Vikas Mumukshu,40,Customer Support,Support Executive,Contract,12 Months,B5,15.5,3.7,92.5,3,54,39,72.22,77.78,75.27,67.85,83.4,78.66,79.83,80.12,10.8,15,72.19,77.1,Good,Training
E0927,Neha Malode,51,Information Technology,Cloud Engineer,Full-Time,Permanent,B5,28.5,13.3,94.3,2,35,26,74.29,67.9,69.26,69.84,71.38,81.45,65.27,64.96,13.1,25,83.43,73.52,Good,Training
E0928,Jalaj Kannaujiya,43,Operations,Process Analyst,Full-Time,Permanent,B3,8.8,1.0,92.1,10,42,25,59.52,65.15,67.38,68.96,67.01,57.29,71.33,81.17,8.0,30,85.84,69.84,Average,Training
E0929,Tanvi Kamal,39,Finance,Financial Analyst,Full-Time,Permanent,B3,8.6,1.9,92.1,3,15,10,66.67,64.02,65.28,59.88,72.44,66.33,68.13,75.4,0.0,15,53.92,68.02,Average,Training
E0930,Raghavi Supriyo,23,Information Technology,Software Engineer,Full-Time,Permanent,B1,1.0,0.1,93.9,8,34,22,64.71,71.27,67.89,68.64,69.86,52.88,69.72,70.78,6.8,20,72.07,70.52,Good,Training
E0931,Pradyuman Munda,51,Sales,Sales Executive,Part-Time,12 Months,B5,22.4,21.0,96.2,0,43,33,76.74,69.4,72.89,69.22,60.45,75.04,66.58,63.38,12.0,40,95.33,73.92,Good,Training
E0932,Indumati Sengupta,43,Operations,Process Analyst,Full-Time,Permanent,B5,15.0,13.0,91.4,6,36,23,63.89,60.18,60.05,61.84,64.9,73.76,58.71,57.92,9.5,5,53.95,64.74,Average,Training
E0933,Shankar Fadnavis,56,Human Resources,HR Executive,Full-Time,Permanent,B5,17.8,14.4,91.9,6,27,20,74.07,78.12,73.12,77.96,87.6,75.45,78.12,87.35,7.2,30,92.01,80.09,Excellent,Training
E0934,Suneeti Patel,44,Information Technology,DevOps Engineer,Full-Time,Permanent,B5,19.0,11.1,94.8,7,30,21,70.0,67.32,68.43,74.73,69.19,78.1,69.22,85.01,7.5,20,67.32,73.45,Good,Training
E0935,Kesari Parekh,37,Marketing,Marketing Analyst,Full-Time,Permanent,B2,4.9,1.8,87.7,15,16,9,56.25,67.4,67.02,69.24,67.77,51.75,69.97,64.46,0.0,50,94.29,68.56,Average,Training
E0936,Menaka Meena,45,AI & Data Science,ML Engineer,Full-Time,Permanent,B3,6.2,1.3,96.9,5,27,20,74.07,79.74,78.79,77.36,85.76,64.9,82.41,89.96,6.7,15,59.67,79.61,Good,Incentive
E0937,Priyanka Vishwakarma,41,AI & Data Science,Data Scientist,Full-Time,Permanent,B5,16.5,13.9,91.6,9,20,17,85.0,79.46,77.68,71.46,77.69,78.36,75.16,68.04,3.3,25,83.35,79.21,Good,Incentive
E0938,Divyanshu Puri,23,Human Resources,HR Executive,Full-Time,Permanent,B1,0.9,0.6,88.5,8,25,18,72.0,67.94,71.66,79.26,80.3,55.45,68.85,74.73,6.9,40,85.78,74.75,Good,Training
E0939,Ikshita Bhattacharya,30,Operations,Process Analyst,Part-Time,12 Months,B3,5.5,1.3,69.7,21,44,32,72.73,68.89,66.9,75.28,86.13,65.79,68.39,78.6,13.6,10,62.62,71.92,Good,Training
E0940,Kaavya Maheshwari,45,Operations,Operations Executive,Full-Time,Permanent,B5,18.5,7.6,71.6,24,35,20,57.14,67.08,62.63,62.1,74.91,81.16,67.14,78.94,12.4,30,76.49,67.18,Average,PIP
E0941,Aishwaran Mehta,46,Operations,Process Analyst,Full-Time,Permanent,B5,19.1,3.4,90.9,4,35,28,80.0,71.31,78.57,81.38,83.42,81.73,78.22,86.39,9.8,15,66.99,79.79,Good,Incentive
E0942,Ambar Rajawat,39,AI & Data Science,Data Scientist,Full-Time,Permanent,B4,11.6,2.7,94.7,8,33,19,57.58,55.06,61.03,69.79,78.85,73.16,65.3,62.3,6.0,50,94.87,68.66,Average,Training
E0943,Kanakpratap Naik,43,Information Technology,Software Engineer,Full-Time,Permanent,B3,6.5,2.7,66.0,24,39,24,61.54,57.84,60.1,73.46,65.9,67.64,59.96,68.89,9.1,5,47.08,63.31,Average,PIP
E0944,Nitish Chawla,53,Operations,Operations Executive,Contract,12 Months,B5,21.2,18.1,96.9,4,45,35,77.78,75.82,81.33,85.01,68.31,82.05,77.31,65.17,13.1,30,78.13,79.64,Good,Incentive
E0945,Anand Runthla,33,Marketing,Digital Marketing Specialist,Contract,12 Months,B2,3.6,2.2,91.1,9,37,21,56.76,57.16,63.13,60.2,64.81,54.82,68.68,78.86,9.8,15,66.81,64.64,Average,Training
E0946,Mansi Kaul,41,Operations,Process Analyst,Full-Time,Permanent,B4,14.0,11.5,90.8,6,31,21,67.74,78.63,73.88,71.34,77.74,63.3,78.51,80.71,12.7,25,76.15,75.53,Good,Training
E0947,Harini Sampla,50,Sales,Account Manager,Part-Time,6 Months,B4,10.6,5.8,94.6,4,34,26,76.47,68.02,70.08,63.9,77.35,62.08,72.08,67.7,4.0,25,85.35,73.33,Good,Training
E0948,Shwetank Ghoshal,27,Human Resources,HR Executive,Full-Time,Permanent,B1,1.3,0.2,90.2,7,35,24,68.57,76.16,70.95,81.95,82.48,54.68,70.77,65.3,4.7,20,72.95,75.1,Good,Training
E0949,Shriram Dhoni,54,Marketing,Marketing Analyst,Part-Time,12 Months,B5,24.7,5.1,87.0,8,20,17,85.0,77.9,77.98,84.25,70.67,86.81,74.45,80.44,0.0,50,80.76,80.66,Excellent,Incentive
E0950,Keshav Bisht,32,AI & Data Science,AI Engineer,Full-Time,Permanent,B3,8.4,6.3,94.5,4,16,15,93.75,80.5,82.79,79.43,73.99,62.72,77.29,69.36,0.0,15,70.16,81.3,Excellent,Incentive
E0951,Lavisha Roy,54,Operations,Operations Executive,Full-Time,Permanent,B4,12.9,5.8,94.0,4,25,18,72.0,71.22,68.09,66.55,65.66,65.11,73.98,71.0,5.0,20,71.69,71.73,Good,Training
E0952,Tanvi Bahuguna,39,AI & Data Science,AI Engineer,Full-Time,Permanent,B5,15.6,6.6,93.8,2,15,12,80.0,79.49,75.4,80.51,71.88,81.75,75.24,77.37,0.0,15,65.13,78.85,Good,Incentive
E0953,Sacchidanand Rai,47,Operations,Operations Executive,Full-Time,Permanent,B4,11.3,8.1,85.2,6,29,14,48.28,53.04,58.7,63.29,79.13,66.07,58.45,67.21,0.0,20,73.53,63.19,Average,Training
E0954,Himesh Tripathi,37,Finance,Financial Analyst,Part-Time,12 Months,B4,11.6,6.3,81.6,5,24,18,75.0,79.75,76.49,68.76,70.35,68.1,80.12,73.54,4.8,40,93.94,75.98,Good,Training
E0955,Vineeta Pandey,26,Human Resources,HR Analyst,Full-Time,Permanent,B2,2.0,1.4,94.8,6,16,10,62.5,73.58,67.21,71.59,81.06,58.16,75.4,80.41,0.0,20,65.93,72.81,Good,Training
E0956,Aarohi Dhoni,47,Operations,Operations Executive,Full-Time,Permanent,B4,13.7,1.7,90.8,6,49,34,69.39,66.4,72.27,78.32,68.42,72.93,70.34,81.8,11.0,15,52.09,72.74,Good,Training
E0957,Nishi Gambhir,32,Finance,Financial Analyst,Part-Time,12 Months,B2,3.8,3.4,81.5,11,21,12,57.14,64.95,60.97,61.28,73.58,49.84,60.62,55.36,2.4,25,66.88,63.79,Average,Training
E0958,Dharmendra Reddy,34,Sales,Sales Executive,Full-Time,Permanent,B4,9.2,0.4,90.0,7,46,32,69.57,77.41,78.03,74.39,62.71,69.69,76.29,67.04,12.0,5,38.29,72.75,Good,Training
E0959,Govardhan Deol,24,Marketing,Marketing Executive,Part-Time,6 Months,B1,0.7,0.2,90.4,5,27,18,66.67,75.75,73.46,73.17,71.01,53.67,73.09,61.07,1.8,10,57.13,71.75,Good,Training
E0960,Moni Bhaskar,54,Customer Support,Support Analyst,Full-Time,Permanent,B4,13.2,6.9,96.0,5,27,18,66.67,68.94,66.13,68.6,70.26,62.34,67.02,70.11,7.2,10,64.58,70.38,Good,Training
E0961,Sangeet Khaitan,54,AI & Data Science,AI Engineer,Full-Time,Permanent,B4,14.8,1.4,90.7,5,18,12,66.67,67.64,66.44,75.29,77.01,73.0,67.09,62.81,0.0,20,78.78,72.26,Good,Training
E0962,Atharva Bhogle,56,Operations,Process Analyst,Full-Time,Permanent,B5,33.4,27.3,97.6,7,30,25,83.33,86.69,78.84,80.34,63.7,85.06,78.53,63.9,0.8,25,66.81,80.23,Excellent,Incentive
E0963,Pavan Jain,37,Information Technology,Software Engineer,Full-Time,Permanent,B4,12.4,1.0,91.1,7,28,23,82.14,84.56,84.52,81.22,71.17,72.3,85.01,75.4,9.2,30,79.24,81.69,Excellent,Incentive
E0964,Natwar Kannaujiya,40,Human Resources,HR Analyst,Full-Time,Permanent,B4,10.8,2.1,93.5,3,35,27,77.14,67.85,78.03,76.1,81.71,72.13,71.19,68.38,16.3,30,76.7,76.81,Good,Incentive
E0965,Vinod Mondal,47,Information Technology,DevOps Engineer,Full-Time,Permanent,B5,21.9,0.7,97.0,1,23,18,78.26,80.13,73.76,75.59,74.32,72.45,74.81,78.96,0.0,15,52.81,77.24,Good,Training
E0966,Jamunadas Shaw,36,AI & Data Science,Data Analyst,Part-Time,12 Months,B4,12.7,3.3,92.3,8,44,32,72.73,68.87,72.37,77.83,69.86,73.17,77.7,87.96,11.6,10,49.32,74.39,Good,Training
E0967,Rajnath Hajariya,47,Finance,Finance Executive,Full-Time,Permanent,B5,22.1,0.2,91.7,9,35,27,77.14,82.36,79.16,70.11,74.52,82.98,80.67,87.71,6.8,30,81.11,79.56,Good,Incentive
E0968,Dipanshi Bahl,52,Information Technology,Software Engineer,Full-Time,Permanent,B5,22.5,0.5,93.5,3,32,19,59.38,72.42,63.9,64.37,78.19,85.13,69.94,67.66,7.2,30,85.36,71.58,Good,Training
E0969,Vimala Ambedkar,54,Finance,Financial Analyst,Full-Time,Permanent,B5,15.9,9.5,96.8,3,33,24,72.73,72.03,70.99,78.13,81.75,83.39,73.81,80.38,1.5,30,77.87,77.71,Good,Training
E0970,Geetika Maken,43,Marketing,Digital Marketing Specialist,Full-Time,Permanent,B3,7.1,3.2,87.7,11,39,29,74.36,78.09,71.57,80.78,76.89,63.78,73.68,80.79,10.1,30,89.06,77.54,Good,Training
E0971,Chandrakanti Bindra,54,Customer Support,Customer Success Associate,Contract,12 Months,B4,12.6,10.2,93.8,10,46,35,76.09,77.73,78.18,78.12,68.85,63.21,74.82,77.42,9.2,30,89.32,78.02,Good,Incentive
E0972,Sheetalaprasad Sonkar,34,Finance,Finance Executive,Full-Time,Permanent,B3,6.8,5.6,90.9,6,20,11,55.0,53.78,60.75,65.59,76.34,69.67,60.54,74.94,0.0,30,93.94,66.95,Average,Training
E0973,Swaranjali Chaurasiya,40,Information Technology,DevOps Engineer,Full-Time,Permanent,B4,10.2,0.3,90.9,7,32,22,68.75,69.87,65.41,65.65,64.67,72.08,67.83,73.69,13.0,15,67.16,70.05,Good,Training
E0974,Shankar Ghosh,43,Operations,Operations Executive,Full-Time,Permanent,B3,7.0,3.3,96.0,6,50,30,60.0,67.72,67.34,73.23,75.94,64.68,70.8,68.73,10.7,40,76.3,71.46,Good,Training
E0975,Lalita Hatwal,29,Customer Support,Customer Success Associate,Contract,24 Months,B2,4.4,1.4,84.0,5,23,17,73.91,73.87,78.48,84.46,73.02,61.25,72.62,75.65,8.4,5,48.52,75.21,Good,Incentive
E0976,Abhilash Talwar,54,Human Resources,HR Analyst,Full-Time,Permanent,B5,18.0,3.1,96.6,4,31,25,80.65,75.63,82.23,80.86,65.44,76.94,76.25,64.69,6.9,20,69.12,78.46,Good,Incentive
E0977,Jayshree Chaturvedi,44,AI & Data Science,ML Engineer,Full-Time,Permanent,B5,15.3,1.7,94.5,3,20,13,65.0,73.75,69.12,65.9,72.85,77.3,70.24,73.13,1.2,30,74.38,72.55,Good,Training
E0978,Akanksha Gautam,47,Customer Support,Support Executive,Full-Time,Permanent,B4,12.4,7.4,90.9,6,46,28,60.87,74.54,70.29,79.56,70.08,61.6,77.3,86.2,14.2,30,93.26,74.8,Good,Training
E0979,Krishna Khajuria,51,Sales,Sales Executive,Full-Time,Permanent,B3,7.7,0.7,97.9,7,31,21,67.74,65.88,65.37,76.03,73.2,69.97,70.48,75.25,5.5,30,70.02,72.65,Good,Training
E0980,Anisha Shaw,24,Information Technology,DevOps Engineer,Contract,12 Months,B1,0.6,0.2,92.1,10,39,31,79.49,70.55,75.79,73.15,83.29,59.93,76.68,71.04,14.4,40,95.68,77.55,Good,Incentive
E0981,Ishani Nautiyal,37,AI & Data Science,ML Engineer,Full-Time,Permanent,B3,8.8,4.4,91.4,8,28,23,82.14,73.56,74.68,67.99,69.43,68.41,74.48,71.2,0.0,15,49.34,74.01,Good,Training
E0982,Anuja Athawale,53,Operations,Operations Manager,Contract,24 Months,B5,28.8,3.9,68.6,22,20,12,60.0,59.4,61.9,67.96,66.02,68.5,61.82,57.17,0.0,40,89.59,64.7,Average,PIP
E0983,Anirudh Biswas,45,Human Resources,Talent Acquisition Specialist,Contract,24 Months,B5,17.1,2.6,97.2,8,27,18,66.67,64.6,70.13,74.56,75.32,76.34,73.54,83.96,0.4,40,85.85,74.63,Good,Training
E0984,Urjita Balyan,35,Information Technology,Software Engineer,Full-Time,Permanent,B4,11.7,2.9,91.2,7,21,15,71.43,74.48,75.67,83.47,70.85,63.93,72.4,79.99,1.5,5,34.16,74.49,Good,Training
E0985,Anveshita Pratap,55,Customer Support,Customer Success Associate,Contract,6 Months,B5,29.0,21.0,97.9,4,43,32,74.42,77.28,72.81,66.53,80.14,70.93,71.72,66.51,17.5,25,70.53,75.44,Good,Training
E0986,Sunanda Mumukshu,41,Marketing,Digital Marketing Specialist,Full-Time,Permanent,B5,16.6,6.4,87.1,7,24,19,79.17,84.86,78.62,87.13,70.39,71.9,79.57,82.85,2.6,15,61.76,80.02,Excellent,Incentive
E0987,Chhaya Bandopadhyay,52,Marketing,Marketing Analyst,Full-Time,Permanent,B4,13.4,12.1,94.6,10,16,10,62.5,69.48,71.02,70.32,59.05,66.67,68.52,62.91,0.0,25,72.73,69.9,Average,Training
E0988,Radha Choudhuri,47,AI & Data Science,Data Analyst,Contract,24 Months,B5,24.3,7.1,96.6,4,35,24,68.57,66.58,71.27,68.22,79.93,78.72,74.12,85.33,7.2,40,77.42,74.63,Good,Training
E0989,Ranbir Mukhopadhyay,30,Finance,Accountant,Full-Time,Permanent,B3,7.9,2.8,80.8,14,44,29,65.91,71.95,74.5,67.85,74.02,68.69,73.35,68.53,15.0,20,60.25,71.05,Good,Training
E0990,Jeetendra Shukla,38,Sales,Account Manager,Contract,12 Months,B3,7.3,3.3,90.0,6,30,19,63.33,66.21,66.11,77.27,66.16,57.73,72.2,71.48,6.4,40,97.12,71.48,Good,Training
E0991,Anushree Gaharwar,27,AI & Data Science,Data Analyst,Full-Time,Permanent,B2,3.0,0.1,97.1,5,22,14,63.64,67.32,64.59,71.67,78.39,50.76,69.36,82.09,2.4,25,64.33,70.96,Good,Training
E0992,Dipanshi Dabral,26,Human Resources,HR Analyst,Full-Time,Permanent,B2,3.2,0.3,96.9,4,34,28,82.35,77.89,77.98,78.7,70.94,61.5,77.52,65.99,10.6,5,39.63,76.55,Good,Incentive
E0993,Vallabh Poddar,54,Information Technology,Software Engineer,Full-Time,Permanent,B5,31.6,31.4,88.3,13,19,11,57.89,58.25,64.48,58.28,63.89,78.19,65.44,60.71,0.0,25,85.38,65.54,Average,Training
E0994,Malti Kayasth,56,Customer Support,Customer Success Associate,Full-Time,Permanent,B5,22.1,0.3,90.8,7,22,17,77.27,84.71,78.24,82.08,72.62,75.71,78.71,83.17,0.0,30,73.3,80.23,Excellent,Incentive
E0995,Jeetendra Surana,32,Customer Support,Support Executive,Contract,24 Months,B4,9.3,8.4,94.2,9,27,18,66.67,69.68,74.04,74.31,68.49,58.93,79.3,88.18,2.1,25,76.02,74.1,Good,Training
E0996,Anshika Banerjee,49,AI & Data Science,Data Analyst,Contract,12 Months,B4,14.4,1.4,92.8,10,21,17,80.95,76.12,81.07,73.17,67.33,73.57,74.98,80.11,0.0,50,94.97,78.89,Good,Incentive
E0997,Shankar Mehra,35,Information Technology,Cloud Engineer,Full-Time,Permanent,B2,3.3,1.6,86.4,9,30,20,66.67,73.55,75.33,67.01,81.5,63.08,77.61,73.94,6.6,30,77.23,73.77,Good,Training
E0998,Ridheekaran Mohapatra,44,Marketing,Digital Marketing Specialist,Part-Time,12 Months,B5,22.0,2.9,91.2,8,44,28,63.64,58.91,61.58,57.1,60.84,73.07,61.79,74.69,10.8,20,75.32,65.63,Average,Training
E0999,Kokila Bhandarkar,34,Customer Support,Customer Success Associate,Full-Time,Permanent,B4,11.4,0.6,83.6,8,33,20,60.61,71.41,65.98,64.01,74.32,68.76,69.49,71.3,10.2,25,62.77,68.71,Average,Training
E1000,Brijbhushan Kaushik,36,AI & Data Science,Data Scientist,Part-Time,6 Months,B4,10.2,1.5,85.5,10,20,12,60.0,68.55,68.67,70.16,71.25,67.29,67.63,68.98,0.0,10,56.23,68.79,Average,Training
E1001,Devdutt Deewan,42,AI & Data Science,Data Analyst,Full-Time,Permanent,B3,7.0,6.8,87.3,12,29,21,72.41,76.14,71.81,70.04,84.44,55.94,72.96,76.7,0.0,25,85.64,75.3,Good,Training
E1002,Tejprakash Sonkar,53,AI & Data Science,Data Scientist,Full-Time,Permanent,B5,24.5,14.6,83.2,8,24,17,70.83,79.05,77.99,81.8,74.44,87.94,77.89,74.5,0.0,25,66.24,77.54,Good,Incentive
E1003,Sunidhi Yadav,41,Information Technology,System Administrator,Full-Time,Permanent,B5,18.6,7.6,97.7,4,37,20,54.05,60.04,59.81,61.62,64.96,71.24,69.08,78.62,11.8,30,71.57,66.12,Average,Training
E1004,Niyati Oberoi,26,Human Resources,HR Executive,Full-Time,Permanent,B2,2.3,1.6,90.5,9,18,13,72.22,69.97,67.53,71.22,71.07,50.12,69.3,74.54,0.0,15,62.27,71.11,Good,Training
E1005,Purva Athawale,26,Information Technology,Cloud Engineer,Contract,24 Months,B2,3.2,0.7,91.6,9,33,22,66.67,61.79,68.85,62.64,64.74,56.18,70.59,82.6,2.0,50,98.42,70.02,Good,Training
E1006,Kamala Bandopadhyay,46,Information Technology,DevOps Engineer,Full-Time,Permanent,B4,9.5,3.1,91.3,10,29,22,75.86,73.74,79.49,74.28,80.9,76.1,79.87,74.86,2.2,25,83.69,78.45,Good,Incentive
E1007,Chandrama Bhatia,48,Information Technology,Software Engineer,Full-Time,Permanent,B5,17.5,2.9,92.2,5,21,16,76.19,70.34,77.08,78.0,76.48,82.82,72.38,79.02,0.0,15,48.5,76.25,Good,Incentive
E1008,Bipin Kulkarni,43,Operations,Operations Manager,Contract,12 Months,B4,11.2,9.6,91.3,9,30,28,93.33,94.24,91.2,89.95,79.34,70.44,83.62,74.38,1.0,10,57.15,86.65,Excellent,Incentive
E1009,Hanuman Rathi,43,Sales,Sales Executive,Full-Time,Permanent,B3,8.2,6.2,82.5,7,26,22,84.62,89.33,84.29,74.78,68.35,65.56,85.66,79.31,0.0,40,83.21,80.73,Excellent,Incentive
E1010,Madhulika Kaul,26,Operations,Operations Executive,Contract,12 Months,B2,2.3,1.6,91.0,5,23,18,78.26,68.88,76.49,72.2,66.68,58.38,70.05,68.67,2.5,30,94.82,74.74,Good,Training
E1011,Sunil Javdekar,42,Finance,Accountant,Full-Time,Permanent,B3,6.1,5.4,94.8,8,32,24,75.0,82.5,79.93,70.59,65.19,60.36,77.26,83.21,5.0,25,66.74,76.58,Good,Incentive
E1012,Aarohi Kher,29,Information Technology,Cloud Engineer,Full-Time,Permanent,B2,4.2,3.0,90.7,9,23,16,69.57,63.04,69.85,68.8,72.0,51.86,70.29,80.16,2.4,10,54.23,69.79,Average,Training
E1013,Avnish Talwar,36,AI & Data Science,Data Scientist,Full-Time,Permanent,B3,5.5,2.8,99.6,6,23,16,69.57,79.27,76.34,72.8,69.77,59.77,77.05,73.28,10.5,50,92.47,76.76,Good,Incentive
E1014,Sulabha Mondal,38,Operations,Process Analyst,Full-Time,Permanent,B4,11.2,7.9,92.9,7,30,23,76.67,67.58,70.98,75.08,68.09,65.89,74.89,78.67,12.0,15,50.69,73.15,Good,Training
E1015,Naveen Ketkar,26,AI & Data Science,Data Scientist,Full-Time,Permanent,B2,2.8,2.6,93.3,3,25,21,84.0,82.88,82.43,77.13,62.93,48.69,80.39,70.18,0.0,40,79.08,78.51,Good,Incentive
E1016,Raushan Rajpurohit,46,Customer Support,Support Executive,Part-Time,6 Months,B4,12.1,8.7,93.5,3,57,39,68.42,75.52,72.48,81.28,72.71,73.56,73.56,65.86,21.5,10,56.43,74.75,Good,Training
E1017,Barkha Gujjar,40,Finance,Financial Analyst,Full-Time,Permanent,B4,14.4,10.0,85.8,11,24,16,66.67,69.02,73.95,74.83,89.32,73.62,77.28,87.74,0.0,20,61.73,75.2,Good,Training
E1018,Lipi Ghosh,41,Marketing,Marketing Analyst,Contract,12 Months,B3,6.9,2.7,87.6,5,33,23,69.7,78.21,72.91,72.94,62.15,57.1,76.03,63.96,11.2,30,87.11,73.25,Good,Training
E1019,Kaveri Ahuja,41,Finance,Finance Executive,Contract,12 Months,B4,9.4,7.1,96.7,2,23,20,86.96,82.25,80.67,70.45,71.72,65.08,80.85,71.87,5.0,15,48.94,78.23,Good,Incentive
E1020,Manu Ketkar,34,Human Resources,HR Executive,Full-Time,Permanent,B4,11.0,9.5,86.9,14,34,21,61.76,65.91,63.82,62.02,66.27,64.04,72.27,79.09,0.0,50,75.42,67.88,Average,Training
E1021,Ansh Chaubey,53,Operations,Process Analyst,Full-Time,Permanent,B5,30.0,12.2,73.7,18,24,13,54.17,68.75,63.57,67.31,75.81,74.98,63.1,61.81,0.0,5,47.72,65.4,Average,PIP
E1022,Malini Dhoundial,41,Information Technology,Cloud Engineer,Full-Time,Permanent,B4,10.9,0.7,93.0,9,19,14,73.68,80.1,74.56,70.02,64.92,63.12,73.12,67.31,0.0,5,40.44,72.75,Good,Training
E1023,Rajeev Piramal,52,Human Resources,Talent Acquisition Specialist,Part-Time,12 Months,B4,14.2,7.2,99.6,7,40,31,77.5,79.06,74.77,71.57,66.23,75.8,75.27,60.86,17.0,20,59.21,75.58,Good,Training
E1024,Manorama Lokhande,55,Sales,Account Manager,Full-Time,Permanent,B4,14.0,1.3,97.2,2,25,21,84.0,81.21,82.33,85.98,86.5,71.06,78.05,78.35,4.6,25,73.5,83.45,Excellent,Incentive
E1025,Rashi Kapoor,50,Finance,Accountant,Full-Time,Permanent,B5,27.1,3.1,84.6,11,43,27,62.79,62.99,69.39,70.15,59.11,75.76,68.77,63.29,13.8,25,84.34,68.78,Average,Training
E1026,Parinita Misra,33,Human Resources,HR Executive,Part-Time,6 Months,B4,10.8,4.6,91.8,10,27,18,66.67,73.37,73.25,68.04,71.54,73.52,70.86,70.71,0.0,30,81.09,73.34,Good,Training
E1027,Narayan Dadhich,55,Information Technology,Cloud Engineer,Full-Time,Permanent,B5,24.1,16.4,94.9,10,40,30,75.0,79.63,76.31,76.69,65.98,76.24,74.82,70.04,7.7,25,77.34,77.15,Good,Incentive
E1028,Pushkar Didwania,26,Information Technology,System Administrator,Full-Time,Permanent,B2,3.0,0.4,94.7,2,24,17,70.83,79.01,71.81,77.86,65.9,63.02,77.48,77.09,5.7,20,75.6,75.65,Good,Training
E1029,Moni Maken,49,Operations,Operations Executive,Full-Time,Permanent,B5,15.8,5.1,85.6,12,33,21,63.64,67.55,65.42,70.94,76.79,80.41,66.81,60.45,2.7,30,81.57,70.83,Good,Training
E1030,Anuj Deshpande,36,AI & Data Science,ML Engineer,Full-Time,Permanent,B4,9.6,3.5,99.8,6,20,14,70.0,70.09,71.53,72.48,73.11,60.44,68.75,75.06,0.0,15,47.92,72.51,Good,Training
E1031,Bhawna Banerjee,31,AI & Data Science,Data Analyst,Full-Time,Permanent,B2,3.5,3.3,97.2,5,43,27,62.79,59.86,67.99,69.23,71.36,62.16,65.71,62.66,6.0,30,82.77,69.5,Average,Training
E1032,Rishi Ahale,27,Operations,Operations Executive,Full-Time,Permanent,B2,3.9,3.3,94.4,2,34,27,79.41,79.37,75.71,81.26,69.81,61.11,80.34,79.17,11.8,15,70.13,78.32,Good,Incentive
E1033,Ritika Das,32,Customer Support,Support Analyst,Full-Time,Permanent,B2,4.9,2.1,84.6,11,47,33,70.21,72.21,74.16,69.16,73.33,62.51,72.5,86.42,9.8,10,44.27,71.94,Good,Training
E1034,Markandeya Wahal,35,Information Technology,Cloud Engineer,Full-Time,Permanent,B4,10.7,4.7,96.7,1,31,22,70.97,72.0,73.17,80.12,69.18,74.04,70.34,68.29,5.8,20,79.55,75.64,Good,Training
E1035,Jatashankar Shorey,52,Information Technology,Software Engineer,Full-Time,Permanent,B3,8.7,8.0,81.4,8,35,20,57.14,68.52,68.2,65.38,70.5,59.16,72.0,72.22,11.1,25,81.09,68.3,Average,Training
E1036,Navya Umrao,28,Finance,Financial Analyst,Contract,6 Months,B2,4.4,1.3,96.5,6,31,23,74.19,70.83,72.3,72.41,65.86,62.48,72.26,82.34,0.0,30,88.14,74.96,Good,Training
E1037,Shubhangi Soni,41,AI & Data Science,Data Scientist,Full-Time,Permanent,B4,9.3,2.0,93.3,3,26,20,76.92,77.69,76.79,75.57,81.02,71.38,76.18,86.97,0.8,20,68.99,78.65,Good,Incentive
E1038,Shravan Supriyo,48,Marketing,Marketing Executive,Full-Time,Permanent,B5,24.5,16.2,95.0,5,22,14,63.64,61.93,61.22,72.42,65.59,74.47,68.67,78.1,1.9,25,77.08,69.86,Average,Training
E1039,Rajani Chandravanshi,51,Customer Support,Support Executive,Part-Time,12 Months,B5,22.7,8.8,91.7,7,59,42,71.19,68.73,66.91,72.42,81.48,88.12,65.67,66.35,19.9,5,36.54,72.04,Good,Training
E1040,Kalicharan Valmiki,42,Sales,Sales Executive,Full-Time,Permanent,B4,14.7,13.9,96.2,4,46,31,67.39,66.09,68.25,73.56,72.53,77.98,64.97,61.15,13.1,20,66.24,71.68,Good,Training
E1041,Sunil Singhal,32,Operations,Operations Manager,Full-Time,Permanent,B2,4.7,3.0,81.8,5,19,9,47.37,55.72,59.35,61.26,62.58,58.77,65.45,80.34,0.0,25,67.22,61.58,Average,Training
E1042,Yashodhara Lohia,28,AI & Data Science,Data Analyst,Contract,12 Months,B2,3.5,0.3,82.8,11,27,17,62.96,63.29,68.6,76.89,80.07,53.92,68.43,64.14,0.4,50,81.72,70.46,Good,Training
E1043,Neel Bhogle,57,Sales,Account Manager,Full-Time,Permanent,B5,32.1,15.7,90.1,9,29,21,72.41,75.32,72.22,76.34,71.25,75.27,69.3,68.62,6.4,40,76.57,75.07,Good,Training
E1044,Deepshikha Patnaik,28,Human Resources,HR Executive,Contract,12 Months,B3,5.2,0.6,92.4,4,27,23,85.19,76.69,80.85,82.7,85.77,63.19,78.23,74.15,6.7,20,69.57,80.89,Excellent,Incentive
E1045,Sanjeev Barjatya,53,Sales,Sales Executive,Contract,6 Months,B4,14.7,0.7,87.7,13,30,17,56.67,54.38,56.32,67.65,75.34,79.97,62.79,65.12,5.8,15,64.58,65.18,Average,Training
E1046,Tulika Soman,47,Information Technology,DevOps Engineer,Full-Time,Permanent,B3,6.3,3.0,82.1,9,26,13,50.0,54.83,59.0,66.98,69.99,61.06,59.35,66.32,0.0,20,57.86,62.06,Average,Training
E1047,Mandavi Prasad,52,Finance,Finance Executive,Full-Time,Permanent,B4,10.5,7.2,85.2,9,22,16,72.73,72.49,74.61,72.9,64.32,65.72,73.12,74.78,3.2,25,74.51,73.27,Good,Training
E1048,Vilasrao Poddar,52,Information Technology,Software Engineer,Full-Time,Permanent,B4,9.0,2.1,92.1,3,40,33,82.5,71.38,80.09,68.74,62.68,65.06,76.33,73.25,10.7,20,62.53,74.74,Good,Training
E1049,Pratigya Bala,29,Human Resources,HR Analyst,Part-Time,6 Months,B3,6.3,5.2,91.2,3,26,20,76.92,83.98,75.8,81.82,62.74,56.2,72.32,63.45,8.1,20,71.18,76.33,Good,Incentive
E1050,Swaranjali Rathod,50,Information Technology,DevOps Engineer,Full-Time,Permanent,B5,22.6,2.2,96.1,6,30,20,66.67,61.48,64.67,63.22,74.01,67.95,71.26,76.55,3.6,20,77.32,70.07,Good,Training
E1051,Tushar Soman,32,AI & Data Science,AI Engineer,Full-Time,Permanent,B2,2.7,0.9,97.2,2,20,16,80.0,70.33,74.39,76.3,75.72,60.65,67.8,64.08,7.5,15,55.17,74.83,Good,Training
E1052,Lalit Baghel,53,Information Technology,Software Engineer,Full-Time,Permanent,B5,16.6,16.1,96.3,4,25,19,76.0,81.47,76.83,73.56,67.16,73.58,74.02,64.73,6.3,30,85.24,77.4,Good,Incentive
E1053,Durga Dasgupta,35,Information Technology,System Administrator,Full-Time,Permanent,B3,5.9,4.4,92.9,7,27,21,77.78,75.71,76.04,78.57,85.51,60.48,77.7,79.54,0.0,15,59.3,77.91,Good,Incentive
E1054,Chhotelal Dhoni,31,Operations,Operations Executive,Full-Time,Permanent,B4,9.0,8.8,94.1,3,28,20,71.43,72.47,76.48,83.02,70.91,69.7,71.21,73.72,1.8,40,85.41,77.01,Good,Incentive
E1055,Baldev Bhaskar,42,Operations,Operations Executive,Full-Time,Permanent,B5,17.7,12.4,87.9,9,49,33,67.35,74.66,70.78,70.04,64.37,74.96,72.96,65.58,16.8,25,81.65,72.41,Good,Training
E1056,Archita Didwania,43,Information Technology,DevOps Engineer,Full-Time,Permanent,B5,20.8,10.3,91.5,7,30,21,70.0,64.43,70.46,76.9,75.14,74.79,72.18,80.01,3.8,40,83.1,74.44,Good,Training
E1057,Mukund Bendre,55,Marketing,Digital Marketing Specialist,Full-Time,Permanent,B5,24.8,0.6,96.8,8,19,13,68.42,67.15,69.0,73.07,80.64,85.06,73.0,76.51,1.5,40,91.85,75.71,Good,Training
E1058,Lalit Pujari,28,Operations,Process Analyst,Full-Time,Permanent,B2,3.6,0.1,76.3,25,24,12,50.0,56.64,57.04,57.38,59.76,44.51,63.69,76.08,3.0,20,67.05,59.33,Needs Improvement,PIP
E1059,Kartikeya Rathore,40,Human Resources,HR Executive,Full-Time,Permanent,B3,6.3,0.8,87.1,14,24,15,62.5,71.83,67.69,65.75,80.34,65.86,75.2,75.14,0.0,30,78.61,71.65,Good,Training
E1060,Mihika Ambani,33,Marketing,Digital Marketing Specialist,Full-Time,Permanent,B3,7.6,6.1,91.5,5,27,15,55.56,67.98,61.42,73.88,74.13,58.06,64.58,60.45,0.0,40,92.97,69.19,Average,Training
E1061,Kanak Munda,37,Human Resources,Talent Acquisition Specialist,Full-Time,Permanent,B4,11.4,6.3,82.0,6,21,11,52.38,53.38,56.15,56.28,71.74,56.71,63.87,74.39,0.6,30,70.85,61.39,Average,Training
E1062,Angad Chakraborty,43,Information Technology,DevOps Engineer,Full-Time,Permanent,B5,19.7,8.3,94.0,6,32,27,84.38,86.25,80.97,85.9,83.58,76.41,78.21,80.17,12.8,10,50.85,82.66,Excellent,Incentive
E1063,Shravan Khosla,36,Customer Support,Support Analyst,Full-Time,Permanent,B3,7.7,7.5,93.6,3,44,30,68.18,62.25,70.95,72.93,86.43,57.84,72.04,85.3,14.5,20,57.98,72.81,Good,Training
E1064,Neel Munda,43,Marketing,Marketing Executive,Full-Time,Permanent,B5,20.3,15.6,88.1,10,24,18,75.0,75.94,79.21,85.61,69.5,79.96,77.32,70.51,0.0,25,79.28,78.48,Good,Incentive
E1065,Mitali Jhunjhunwala,25,Customer Support,Support Executive,Full-Time,Permanent,B2,2.5,0.2,90.4,9,32,21,65.62,63.71,63.18,71.04,69.4,62.02,63.63,73.93,13.2,25,62.61,68.62,Average,Training
E1066,Sujit Tripathi,46,AI & Data Science,Data Analyst,Full-Time,Permanent,B5,17.4,5.5,97.9,1,44,34,77.27,83.99,76.3,76.65,75.53,74.87,82.91,85.27,20.2,15,49.29,79.09,Good,Incentive
E1067,Shravan Goenka,47,Finance,Accountant,Full-Time,Permanent,B5,24.7,3.0,91.4,5,40,24,60.0,59.16,61.19,72.11,63.83,84.35,60.27,59.86,16.4,20,71.55,67.19,Average,Training
E1068,Gunjan Bhattacharya,34,Marketing,Marketing Analyst,Full-Time,Permanent,B4,12.0,2.1,93.7,3,15,12,80.0,71.93,74.81,73.92,86.95,71.27,75.97,83.18,0.0,30,76.9,78.53,Good,Training
E1069,Chhaya Suryavanshi,55,Marketing,Digital Marketing Specialist,Contract,24 Months,B4,13.7,0.8,93.0,7,28,22,78.57,76.47,81.51,85.27,73.26,74.18,79.79,70.85,5.9,25,64.66,79.37,Good,Incentive
E1070,Adyashankar Dadhich,26,AI & Data Science,Data Analyst,Full-Time,Permanent,B1,1.1,0.4,65.3,11,22,13,59.09,61.05,67.95,76.06,65.47,63.25,65.07,63.16,0.0,25,86.53,66.6,Average,PIP
E1071,Palash Dholakia,29,Operations,Process Analyst,Part-Time,6 Months,B3,6.4,0.0,94.1,8,37,25,67.57,71.91,72.3,81.69,70.53,56.97,72.33,84.5,5.5,25,65.28,74.44,Good,Training
E1072,Tarika Rathore,55,Information Technology,Cloud Engineer,Full-Time,Permanent,B5,22.0,6.2,92.4,4,31,22,70.97,67.0,75.39,74.75,62.05,69.76,73.32,69.44,6.0,25,73.81,72.98,Good,Training
E1073,Subodh Rajawat,56,Operations,Operations Executive,Full-Time,Permanent,B4,14.8,9.9,97.9,5,26,20,76.92,73.07,77.99,74.72,78.15,74.36,70.86,65.78,7.1,20,57.94,76.46,Good,Incentive
E1074,Antima Sagar,44,Customer Support,Customer Success Associate,Full-Time,Permanent,B4,9.5,1.2,94.3,2,48,34,70.83,68.79,72.17,79.49,74.2,64.01,74.27,81.39,6.1,40,78.16,75.43,Good,Training
E1075,Rinkesh Tomar,56,Finance,Accountant,Full-Time,Permanent,B5,27.2,17.1,90.9,10,41,33,80.49,79.54,80.16,69.84,67.84,85.69,77.03,67.1,10.2,50,86.62,78.2,Good,Training
E1076,Amartya Nair,28,Information Technology,Cloud Engineer,Full-Time,Permanent,B2,4.7,1.2,96.5,6,34,22,64.71,69.64,66.68,67.39,67.07,57.01,67.83,66.57,5.9,25,79.95,70.19,Good,Training
E1077,Harshvardhan Mondal,32,Information Technology,DevOps Engineer,Full-Time,Permanent,B3,5.6,5.4,90.2,6,26,20,76.92,83.14,78.91,83.87,74.77,68.02,78.18,76.05,0.0,20,61.83,79.13,Good,Incentive
E1078,Madhurima Kamat,24,Human Resources,HR Executive,Full-Time,Permanent,B1,1.9,0.8,91.5,10,16,11,68.75,64.64,65.76,60.32,67.39,50.11,67.2,63.44,0.0,25,83.72,68.03,Average,Training
E1079,Jagvanti Saini,24,Finance,Finance Executive,Contract,6 Months,B1,1.0,0.9,68.9,15,22,16,72.73,77.79,78.96,71.58,61.35,43.99,72.97,69.48,0.0,30,78.55,71.43,Good,Training
E1080,Kiran Sen,38,Finance,Financial Analyst,Full-Time,Permanent,B5,15.5,14.4,94.2,8,15,11,73.33,68.0,68.44,69.79,76.68,68.15,65.98,65.21,0.0,30,86.89,73.33,Good,Training
E1081,Varuna Baranwal,44,Customer Support,Support Analyst,Full-Time,Permanent,B4,14.4,11.7,91.1,6,20,15,75.0,82.2,73.92,75.23,80.99,76.12,71.94,66.15,3.2,50,90.01,78.37,Good,Training
E1082,Rishi Saini,32,AI & Data Science,ML Engineer,Contract,6 Months,B4,9.3,3.3,81.6,11,27,13,48.15,59.37,57.2,72.56,62.79,56.59,59.44,57.22,8.3,5,37.89,60.59,Average,Training
E1083,Anand Pathak,54,AI & Data Science,ML Engineer,Contract,12 Months,B3,8.2,1.2,93.4,2,18,14,77.78,78.14,78.78,72.25,75.08,64.1,78.71,78.34,6.2,15,62.04,77.05,Good,Incentive
E1084,Nandita Shrivastava,42,Human Resources,HR Executive,Full-Time,Permanent,B5,15.7,10.6,90.3,7,26,18,69.23,79.47,72.06,78.92,79.49,83.43,73.78,77.57,3.1,15,66.99,77.02,Good,Training
E1085,Jayprakash Parekh,26,AI & Data Science,ML Engineer,Full-Time,Permanent,B2,2.4,1.9,91.4,8,24,15,62.5,65.84,64.05,63.87,72.11,56.46,68.08,56.63,0.0,25,65.11,67.1,Average,Training
E1086,Jawahar Kanetkar,44,Human Resources,HR Executive,Full-Time,Permanent,B3,6.5,1.1,94.5,8,17,16,94.12,80.87,88.5,75.92,77.2,60.33,80.15,66.56,4.5,20,56.85,81.28,Excellent,Incentive
E1087,Aryan Maurya,43,Information Technology,Cloud Engineer,Full-Time,Permanent,B5,15.1,10.3,91.9,9,35,24,68.57,69.55,68.55,64.68,68.46,70.44,69.32,62.84,10.0,30,82.92,71.01,Good,Training
E1088,Parul Kushwaha,50,Human Resources,Talent Acquisition Specialist,Full-Time,Permanent,B4,13.0,2.0,80.2,5,43,30,69.77,67.14,73.2,77.09,79.15,73.52,72.12,68.17,12.7,40,92.58,74.33,Good,Training
E1089,Gagandeep Dhumal,50,Information Technology,Software Engineer,Full-Time,Permanent,B5,17.5,6.7,90.6,9,39,25,64.1,76.04,72.6,67.36,66.98,76.41,74.22,76.99,0.1,20,60.26,72.17,Good,Training
E1090,Pavan Pandey,24,AI & Data Science,Data Scientist,Contract,12 Months,B1,1.7,0.3,91.5,8,29,24,82.76,86.45,86.27,88.87,85.97,62.32,86.5,77.11,0.1,20,63.64,83.88,Excellent,Incentive
E1091,Yogesh Agnihotri,25,Sales,Sales Executive,Part-Time,12 Months,B2,2.9,0.8,91.5,8,25,15,60.0,59.38,65.92,68.82,81.6,49.54,66.91,77.36,2.8,20,58.24,68.03,Average,Training
E1092,Minakshi Bahuguna,55,Finance,Financial Analyst,Full-Time,Permanent,B5,28.5,1.5,90.6,9,28,20,71.43,76.37,70.67,81.39,83.34,85.07,75.99,82.32,4.4,15,64.62,77.77,Good,Training
E1093,Vrinda Khosla,57,AI & Data Science,Data Scientist,Full-Time,Permanent,B5,29.3,10.9,67.1,16,24,17,70.83,79.17,74.2,84.19,87.48,87.57,78.93,82.35,0.9,20,69.18,77.62,Good,Training
E1094,Diwakar Phogat,45,Operations,Operations Executive,Full-Time,Permanent,B4,13.7,2.8,92.6,3,29,18,62.07,65.77,67.76,77.62,71.41,67.19,71.79,87.55,9.0,30,73.9,72.41,Good,Training
E1095,Preetam Modi,41,AI & Data Science,AI Engineer,Full-Time,Permanent,B5,15.7,7.0,92.0,5,19,14,73.68,80.24,79.08,83.33,66.19,66.91,75.46,75.87,0.3,30,91.03,78.73,Good,Incentive
E1096,Bhoomi Mangeshkar,33,AI & Data Science,Data Analyst,Part-Time,6 Months,B2,4.4,3.3,92.3,8,20,16,80.0,86.07,81.22,87.93,83.52,65.16,84.25,84.74,0.0,10,45.17,81.83,Excellent,Incentive
E1097,Ratnakar Khatri,32,Sales,Business Development Executive,Full-Time,Permanent,B3,5.8,5.3,85.1,10,49,37,75.51,73.92,75.53,80.79,66.7,57.5,72.07,65.93,21.8,40,84.36,75.04,Good,Incentive
E1098,Sankalp Damani,50,Operations,Operations Executive,Full-Time,Permanent,B4,14.2,12.8,94.5,2,37,25,67.57,76.78,69.45,73.64,77.43,76.75,69.87,73.81,0.4,15,49.2,73.79,Good,Training
E1099,Roopa Jaitley,43,Information Technology,Software Engineer,Full-Time,Permanent,B4,13.3,1.0,83.0,13,35,25,71.43,75.38,71.27,76.15,74.02,68.81,70.22,73.92,14.4,10,50.08,72.99,Good,Training
E1100,Prachi Sengupta,31,Finance,Accountant,Part-Time,12 Months,B2,2.5,2.4,90.8,9,45,33,73.33,81.12,72.42,82.45,78.81,64.16,76.23,77.09,14.4,10,42.34,76.35,Good,Training
E1101,Gauri Suryavanshi,40,Human Resources,Talent Acquisition Specialist,Contract,6 Months,B3,5.7,3.3,96.8,5,38,31,81.58,83.4,81.11,82.41,65.2,68.42,80.05,68.72,12.0,50,80.18,80.34,Excellent,Incentive
E1102,Sharad Gond,42,Sales,Sales Executive,Full-Time,Permanent,B4,9.9,7.0,91.2,5,27,19,70.37,73.36,73.28,78.47,65.58,64.31,69.47,66.26,0.1,20,74.42,73.72,Good,Training
E1103,Shraddha Umar,24,AI & Data Science,Data Analyst,Full-Time,Permanent,B1,0.9,0.4,93.0,5,20,15,75.0,80.51,79.69,69.62,72.34,47.83,82.24,82.53,3.6,20,69.0,76.34,Good,Training
E1104,Sharad Modi,25,AI & Data Science,ML Engineer,Full-Time,Permanent,B1,0.9,0.3,96.7,4,28,21,75.0,68.11,69.97,76.58,67.97,62.34,71.13,73.48,11.5,25,74.3,73.98,Good,Training
E1105,Apoorv Batra,49,Marketing,Digital Marketing Specialist,Full-Time,Permanent,B5,16.5,7.8,93.7,3,18,14,77.78,83.44,79.22,72.5,76.61,77.82,80.17,65.0,1.8,10,51.06,77.67,Good,Incentive
E1106,Amartya Khosla,55,AI & Data Science,Data Scientist,Contract,6 Months,B4,13.0,8.8,94.4,2,26,18,69.23,75.43,72.39,79.69,88.63,67.59,76.13,80.11,11.3,40,92.8,78.65,Good,Training
E1107,Aarti Ghosh,30,Marketing,Digital Marketing Specialist,Full-Time,Permanent,B2,4.2,2.6,83.6,12,28,16,57.14,59.82,62.72,70.2,79.67,54.24,66.84,67.98,10.9,20,59.04,66.21,Average,Training
E1108,Vrinda Rathod,26,Human Resources,HR Analyst,Full-Time,Permanent,B2,2.4,0.5,90.6,3,33,21,63.64,60.19,62.29,74.68,74.88,55.16,65.09,77.97,7.2,25,73.03,69.23,Average,Training
E1109,Tejas Javdekar,41,Operations,Process Analyst,Full-Time,Permanent,B5,18.2,0.7,90.2,8,42,26,61.9,72.24,64.65,61.58,61.83,68.79,70.02,69.68,12.0,20,63.41,67.85,Average,Training
E1110,Sudeeksha Ram,34,Information Technology,System Administrator,Full-Time,Permanent,B3,6.2,5.5,90.5,8,35,23,65.71,70.19,72.32,70.7,82.07,70.47,78.52,86.32,11.3,20,62.09,73.97,Good,Training
E1111,Aryan Soni,38,Operations,Operations Executive,Contract,12 Months,B4,12.3,10.1,91.8,10,24,12,50.0,55.43,57.29,58.89,80.95,76.08,63.54,78.13,2.3,30,87.23,65.77,Average,Training
E1112,Jagdeesh Nautiyal,43,Human Resources,HR Executive,Full-Time,Permanent,B5,17.0,13.4,85.3,13,25,16,64.0,64.0,69.44,69.95,80.07,70.4,63.84,62.03,2.8,25,80.64,70.49,Good,Training
E1113,Arush Patel,56,Operations,Operations Manager,Full-Time,Permanent,B5,26.7,22.2,80.1,5,16,12,75.0,78.89,77.25,77.33,70.71,80.43,77.84,78.65,0.0,20,75.6,76.98,Good,Incentive
E1114,Shwetank Keshari,53,Sales,Account Manager,Full-Time,Permanent,B5,29.9,1.9,94.7,4,34,24,70.59,75.33,74.35,70.1,81.5,82.23,76.31,85.29,0.0,10,59.26,76.33,Good,Training
E1115,Isha Chopra,49,Customer Support,Support Executive,Part-Time,6 Months,B4,9.6,1.3,92.6,7,44,30,68.18,75.46,76.03,83.95,87.99,78.28,80.55,84.84,14.9,40,77.21,79.65,Good,Incentive
E1116,Anupriya Dhoundial,25,Sales,Business Development Executive,Full-Time,Permanent,B2,2.1,1.0,84.0,13,29,19,65.52,77.22,67.46,74.02,66.82,58.5,71.41,62.93,20.1,20,65.2,70.62,Good,Training
E1117,Lavanya Vats,47,Human Resources,HR Analyst,Full-Time,Permanent,B5,22.5,11.5,94.3,4,31,20,64.52,68.94,72.74,70.99,72.39,85.53,71.9,66.29,13.5,20,74.4,73.15,Good,Training
E1118,Arijit Gavaskar,48,Information Technology,Software Engineer,Full-Time,Permanent,B5,15.0,7.7,90.1,5,29,24,82.76,82.56,76.99,75.85,70.56,73.73,80.89,84.33,5.7,25,80.35,79.75,Good,Incentive
E1119,Sheetalaprasad Parmar,27,Marketing,Marketing Executive,Full-Time,Permanent,B2,3.3,0.4,84.3,12,19,9,47.37,55.88,60.62,70.35,60.95,61.0,65.86,67.67,0.0,5,33.23,61.05,Average,Training
E1120,Yashaswi Malik,50,Operations,Operations Executive,Contract,12 Months,B4,13.9,7.7,80.6,7,38,22,57.89,71.88,69.84,78.59,65.47,71.71,68.26,70.77,15.0,10,64.42,70.09,Good,Training
E1121,Sugandha Gaur,28,Operations,Operations Executive,Full-Time,Permanent,B2,4.7,0.9,86.3,7,36,23,63.89,75.62,70.83,80.29,74.4,53.72,70.99,71.35,10.7,15,50.59,72.0,Good,Training
E1122,Ritesh Chaudhari,33,AI & Data Science,Data Analyst,Full-Time,Permanent,B3,7.9,3.9,86.8,5,32,18,56.25,65.64,64.29,62.24,61.44,53.13,66.41,60.9,6.3,30,85.85,65.4,Average,Training
E1123,Narayan Jain,31,Operations,Operations Executive,Contract,24 Months,B2,3.6,3.4,97.6,6,40,31,77.5,80.31,74.37,79.61,74.0,59.65,79.18,78.07,0.0,25,70.67,78.31,Good,Training
E1124,Shrinath Modanwal,56,Human Resources,HR Analyst,Full-Time,Permanent,B5,31.5,21.4,96.5,6,32,21,65.62,75.96,74.0,72.42,82.38,75.52,72.42,68.76,0.0,10,49.52,74.4,Good,Training
E1125,Sonali Bharati,34,Sales,Sales Executive,Contract,24 Months,B2,4.8,3.6,81.8,9,37,26,70.27,76.15,70.56,81.21,76.6,61.34,70.57,71.63,3.4,20,64.79,73.99,Good,Training
E1126,Yogita Kothari,48,Information Technology,Software Engineer,Full-Time,Permanent,B5,15.5,5.7,94.6,6,22,17,77.27,70.51,78.29,73.59,78.62,77.32,77.65,83.67,3.9,20,76.78,78.04,Good,Incentive
E1127,Kalavati Bharati,50,AI & Data Science,Data Scientist,Full-Time,Permanent,B4,13.4,10.7,93.6,4,32,21,65.62,64.86,66.86,73.28,68.95,65.91,69.13,59.42,6.4,25,79.92,70.57,Good,Training
E1128,Chandika Mukhopadhyay,55,Customer Support,Support Analyst,Full-Time,Permanent,B4,14.9,11.7,85.7,15,20,15,75.0,70.48,77.67,67.3,71.0,67.97,71.22,63.65,0.0,25,79.73,73.37,Good,Training
E1129,Abhinav Goswami,56,AI & Data Science,Data Scientist,Full-Time,Permanent,B5,16.4,5.6,96.3,7,34,26,76.47,71.84,76.39,77.78,67.57,74.31,75.95,68.62,7.2,30,88.12,77.11,Good,Incentive
E1130,Praveen Soman,40,Information Technology,Software Engineer,Full-Time,Permanent,B5,17.9,3.0,94.4,6,19,12,63.16,68.2,70.7,69.49,74.11,68.57,65.9,64.05,0.0,20,60.59,70.54,Good,Training
E1131,Amit Holkar,45,Human Resources,HR Executive,Contract,12 Months,B5,16.7,7.2,73.5,12,33,20,60.61,60.96,59.55,64.9,69.71,77.96,65.06,80.44,3.4,25,85.6,66.68,Average,PIP
E1132,Aarohi Bhaskar,44,Information Technology,DevOps Engineer,Full-Time,Permanent,B3,8.8,3.9,95.0,4,17,11,64.71,71.25,72.36,70.81,77.84,71.92,69.71,71.31,0.0,20,77.07,73.65,Good,Training
E1133,Ravishankar Garg,33,Finance,Accountant,Full-Time,Permanent,B4,9.2,4.1,85.3,5,33,20,60.61,66.89,61.52,73.4,78.06,61.69,66.69,64.77,5.5,30,93.53,70.03,Good,Training
E1134,Shraddha Mumukshu,49,Sales,Business Development Executive,Part-Time,6 Months,B5,25.3,3.2,93.6,9,27,19,70.37,75.08,68.94,66.88,69.2,71.68,75.75,78.92,5.2,40,88.26,74.2,Good,Training
E1135,Ram Bakshi,42,Human Resources,Talent Acquisition Specialist,Full-Time,Permanent,B4,14.8,0.8,94.1,8,29,19,65.52,66.5,71.35,65.2,73.92,63.51,66.92,62.9,0.0,20,66.66,70.09,Good,Training
E1136,Sanatan Ahuja,56,Information Technology,Software Engineer,Full-Time,Permanent,B5,15.1,13.5,93.5,6,22,17,77.27,75.35,77.29,71.19,85.03,78.02,80.1,82.63,2.5,25,77.13,78.91,Good,Incentive
E1137,Khushboo Ghosh,50,Sales,Sales Executive,Full-Time,Permanent,B5,21.3,2.4,92.3,4,32,22,68.75,77.99,77.83,82.29,74.48,75.38,76.71,88.66,0.0,10,41.34,76.81,Good,Incentive
E1138,Brahmakumari Umrao,28,AI & Data Science,Data Scientist,Full-Time,Permanent,B2,3.3,3.0,96.9,7,28,18,64.29,72.9,65.58,62.43,67.67,53.39,64.33,59.99,7.4,25,71.16,68.68,Average,Training
E1139,Diwakar Bishnoi,23,AI & Data Science,Data Scientist,Full-Time,Permanent,B1,0.9,0.2,85.8,13,22,13,59.09,65.72,65.14,60.58,77.26,55.21,68.92,61.53,3.1,20,74.03,66.87,Average,Training
E1140,Harishankar Ahale,45,Operations,Operations Executive,Full-Time,Permanent,B5,18.1,3.7,93.4,7,29,24,82.76,82.24,81.39,83.28,74.22,79.38,75.23,71.2,8.3,40,95.75,82.29,Excellent,Incentive
E1141,Amarendra Dasgupta,25,AI & Data Science,AI Engineer,Full-Time,Permanent,B1,1.3,0.4,72.6,15,19,11,57.89,55.18,57.71,65.89,74.93,48.21,62.07,60.16,0.0,10,58.81,61.72,Average,PIP
E1142,Tara Chandrachud,47,Sales,Business Development Executive,Full-Time,Permanent,B5,22.0,5.2,93.3,3,40,31,77.5,84.3,79.17,74.54,63.15,81.75,79.43,72.43,2.4,20,67.15,78.01,Good,Incentive
E1143,Preeti Sahay,37,AI & Data Science,ML Engineer,Full-Time,Permanent,B4,11.6,1.2,71.6,10,29,20,68.97,64.33,65.97,69.78,65.2,68.76,70.31,82.1,2.7,15,47.66,67.48,Average,PIP
E1144,Ranjana Gaonkar,57,Operations,Process Analyst,Full-Time,Permanent,B5,15.7,10.1,94.7,8,39,26,66.67,69.11,70.36,68.94,63.18,64.85,69.97,69.52,8.0,10,50.98,69.82,Average,Training
E1145,Ankit Pathak,36,Human Resources,HR Executive,Full-Time,Permanent,B4,9.6,3.8,83.6,11,29,16,55.17,62.88,66.23,66.23,70.65,58.21,70.07,70.9,0.0,30,71.16,66.52,Average,Training
E1146,Sudesh Dutt,39,Sales,Business Development Executive,Contract,24 Months,B4,9.1,0.6,83.5,11,25,15,60.0,65.15,61.85,62.35,72.47,54.75,64.84,63.62,1.2,30,87.1,66.52,Average,Training
E1147,Dashrath Nahar,57,Information Technology,System Administrator,Full-Time,Permanent,B5,19.2,10.2,94.4,8,28,24,85.71,81.6,85.55,78.92,86.62,80.03,80.69,74.71,3.0,20,68.97,83.09,Excellent,Incentive
E1148,Ashirwad Garg,37,Information Technology,Software Engineer,Full-Time,Permanent,B4,14.1,3.2,93.5,3,39,30,76.92,73.53,80.1,80.99,84.56,84.57,75.6,67.75,9.6,25,66.69,79.27,Good,Incentive
E1149,Niladri Jahagirdar,55,Marketing,Marketing Executive,Full-Time,Permanent,B4,14.8,5.6,96.3,1,17,10,58.82,65.24,61.01,67.2,61.36,63.04,61.93,64.22,4.3,30,93.65,67.75,Average,Training
E1150,Murali Sisodia,49,Sales,Business Development Executive,Full-Time,Permanent,B5,23.7,12.3,85.2,9,38,25,65.79,71.01,70.7,64.53,76.83,70.41,66.92,62.21,14.1,15,68.84,70.43,Good,Training
E1151,Vidushi Gond,49,Finance,Financial Analyst,Full-Time,Permanent,B5,20.2,20.1,96.0,1,30,23,76.67,71.03,77.37,81.15,75.96,87.99,74.01,87.06,0.0,15,59.02,78.53,Good,Incentive
E1152,Kaushalya Negi,36,Operations,Process Analyst,Part-Time,6 Months,B3,7.9,2.4,92.4,10,36,23,63.89,60.27,65.58,74.4,78.72,66.84,67.62,73.67,13.1,25,72.3,70.75,Good,Training
E1153,Sudhakar Khaitan,30,Operations,Process Analyst,Full-Time,Permanent,B2,2.5,2.5,87.2,7,23,18,78.26,75.18,79.55,80.21,67.78,63.81,73.49,75.06,0.0,15,48.42,75.52,Good,Incentive
E1154,Dhrupad Saxena,41,Operations,Operations Executive,Full-Time,Permanent,B4,13.3,10.0,93.9,10,27,15,55.56,59.59,60.07,73.36,80.65,79.6,66.85,81.71,0.0,30,73.83,69.84,Average,Training
E1155,Awantika Surana,36,Marketing,Marketing Executive,Full-Time,Permanent,B4,13.6,4.7,91.4,4,25,18,72.0,74.06,77.1,77.87,87.96,81.03,80.06,85.57,9.7,40,77.66,79.31,Good,Incentive
E1156,Virat Dhoni,47,Operations,Operations Executive,Full-Time,Permanent,B4,10.6,6.3,90.5,5,43,31,72.09,77.88,72.22,69.95,65.31,56.75,71.57,68.07,3.6,40,95.02,73.97,Good,Training
E1157,Yamuna Dutta,36,Sales,Business Development Executive,Full-Time,Permanent,B4,10.3,4.4,91.8,10,34,20,58.82,58.11,59.58,68.62,78.13,68.55,61.51,72.04,11.5,30,74.7,67.6,Average,Training
E1158,Premprakash Gavaskar,45,Finance,Financial Analyst,Full-Time,Permanent,B5,22.4,10.5,96.9,7,19,16,84.21,74.35,80.49,80.65,85.72,77.55,77.08,90.56,3.1,15,51.77,81.06,Excellent,Incentive
E1159,Mala Mazumdar,41,Finance,Finance Executive,Full-Time,Permanent,B5,16.3,1.0,91.2,5,28,15,53.57,57.79,63.35,58.94,72.79,67.25,63.0,69.87,0.1,40,81.77,65.54,Average,Training
E1160,Parmanand Dogra,25,Information Technology,DevOps Engineer,Full-Time,Permanent,B2,2.3,0.7,93.5,3,18,12,66.67,72.53,70.53,75.35,76.93,54.03,76.02,87.39,11.8,25,65.08,73.93,Good,Training
E1161,Ganga Baghel,31,Marketing,Digital Marketing Specialist,Full-Time,Permanent,B2,3.5,0.1,85.7,9,41,25,60.98,62.82,60.36,68.43,77.53,52.21,65.56,58.21,5.9,10,56.08,65.81,Average,Training
E1162,Abhishree Rawat,29,Marketing,Marketing Executive,Full-Time,Permanent,B3,6.9,0.2,96.5,6,37,26,70.27,69.85,71.9,80.11,68.49,57.37,70.93,73.55,0.4,15,57.09,73.27,Good,Training
E1163,Richa Mantri,31,Marketing,Digital Marketing Specialist,Part-Time,6 Months,B3,7.9,6.3,96.6,4,35,27,77.14,78.68,73.74,66.7,64.35,64.82,73.06,70.6,10.8,25,75.97,74.76,Good,Training
E1164,Harishankar Maheshwari,41,Information Technology,Software Engineer,Contract,24 Months,B4,12.3,5.4,93.7,10,28,17,60.71,70.54,65.63,66.43,74.99,62.16,71.72,65.05,12.4,40,88.86,70.75,Good,Training
E1165,Riti Kamble,36,Information Technology,Software Engineer,Part-Time,12 Months,B3,5.2,3.9,94.5,10,40,31,77.5,78.75,76.17,72.42,77.78,63.53,75.43,87.94,1.8,25,86.5,78.62,Good,Incentive
E1166,Minakshi Mehta,39,Information Technology,Software Engineer,Contract,12 Months,B3,8.4,2.2,84.9,8,15,11,73.33,65.82,71.95,73.04,73.45,72.54,67.56,67.68,0.0,15,54.62,71.58,Good,Training
E1167,Abhilasha Prasad,55,Customer Support,Support Executive,Full-Time,Permanent,B5,23.4,6.0,74.8,24,26,16,61.54,72.76,71.82,72.0,77.93,81.77,73.53,61.28,14.2,15,60.59,70.85,Good,Training
E1168,Sundari Mishra,47,Human Resources,Talent Acquisition Specialist,Full-Time,Permanent,B5,19.9,0.0,84.9,13,33,20,60.61,73.41,69.83,70.51,69.18,84.3,74.55,77.3,12.8,15,64.86,71.61,Good,Training
E1169,Dishita Vaidya,57,Finance,Financial Analyst,Contract,12 Months,B5,17.3,15.7,93.9,8,33,26,78.79,82.56,76.64,74.8,78.59,81.53,73.63,62.78,9.3,10,60.79,78.1,Good,Incentive
E1170,Prem Nag,36,AI & Data Science,AI Engineer,Part-Time,12 Months,B2,4.1,3.5,97.1,7,28,19,67.86,74.64,74.22,81.15,86.39,55.97,73.13,70.9,9.8,30,82.93,77.18,Good,Training
E1171,Sujata Bhattacharya,26,Operations,Operations Manager,Full-Time,Permanent,B1,1.6,0.8,86.5,6,15,13,86.67,87.31,88.06,77.02,74.09,54.08,87.66,79.47,0.0,30,86.07,82.28,Excellent,Incentive
E1172,Shweta Mukhopadhyay,50,Finance,Accountant,Part-Time,6 Months,B5,25.7,10.0,90.3,5,43,27,62.79,65.71,63.79,71.34,72.9,76.67,68.18,63.9,9.3,20,73.47,69.98,Average,Training
E1173,Suhas Vats,44,Finance,Accountant,Full-Time,Permanent,B4,9.2,4.0,92.4,2,34,21,61.76,73.09,71.76,79.98,83.03,68.4,75.22,70.14,9.4,10,46.13,73.53,Good,Training
E1174,Mamta Kadam,38,Information Technology,Software Engineer,Full-Time,Permanent,B4,14.9,13.6,94.1,6,40,31,77.5,76.55,79.4,74.95,68.57,67.39,74.32,69.61,14.6,25,70.86,76.64,Good,Incentive
E1175,Mahima Nag,52,Sales,Business Development Executive,Contract,6 Months,B5,29.2,22.9,92.3,10,35,25,71.43,68.85,68.89,64.9,74.68,76.57,69.64,83.86,3.7,15,49.4,71.78,Good,Training
E1176,Indu Tiwari,33,Operations,Operations Executive,Full-Time,Permanent,B4,9.3,6.0,76.9,11,45,20,44.44,53.54,52.72,64.68,72.93,67.38,56.26,58.34,9.8,25,86.46,60.71,Average,Training
E1177,Manikarnika Agnihotri,43,Information Technology,DevOps Engineer,Contract,24 Months,B3,7.3,3.0,99.6,0,16,12,75.0,70.8,68.82,80.22,68.61,68.14,75.25,81.58,0.0,20,65.54,75.57,Good,Training
E1178,Ankit Athawale,27,Marketing,Marketing Executive,Full-Time,Permanent,B1,1.6,0.9,91.6,5,38,29,76.32,83.94,81.6,75.97,70.87,52.68,79.52,74.54,4.7,40,87.77,78.65,Good,Incentive
E1179,Nitya Goel,25,Sales,Sales Executive,Full-Time,Permanent,B2,2.1,0.8,93.9,8,37,27,72.97,80.43,78.07,69.11,63.97,51.97,80.42,70.65,7.7,25,64.19,74.24,Good,Training
E1180,Suhas Sethi,31,AI & Data Science,Data Scientist,Full-Time,Permanent,B3,5.6,5.1,96.6,7,22,13,59.09,66.81,64.2,75.89,61.05,51.39,68.81,61.16,0.5,25,71.9,68.33,Average,Training
E1181,Reet Menon,26,Finance,Financial Analyst,Full-Time,Permanent,B2,3.5,0.9,92.5,4,23,14,60.87,65.03,68.8,75.76,66.89,53.42,63.92,60.27,9.0,25,85.41,69.66,Average,Training
E1182,Himanshu Kamal,56,Sales,Account Manager,Contract,24 Months,B5,31.9,21.8,92.0,6,30,18,60.0,64.88,60.66,59.56,63.67,73.72,61.63,60.12,1.5,10,52.85,64.75,Average,Training
E1183,Devendra Sampla,23,Operations,Process Analyst,Full-Time,Permanent,B1,0.4,0.2,92.7,4,42,35,83.33,73.75,78.81,73.2,84.65,48.77,78.67,85.67,7.6,30,71.9,78.35,Good,Incentive
E1184,Amit Shaw,45,Information Technology,DevOps Engineer,Part-Time,6 Months,B4,12.2,4.2,91.1,5,18,13,72.22,74.73,71.76,78.23,77.52,75.21,70.77,77.14,8.8,10,44.9,74.8,Good,Training
E1185,Omkar Kharwar,34,Information Technology,Software Engineer,Full-Time,Permanent,B4,10.3,3.2,86.2,10,33,19,57.58,63.03,66.38,76.93,85.63,74.47,67.06,83.3,10.5,20,59.83,71.0,Good,Training
E1186,Ashutosh Bhansali,37,Sales,Sales Executive,Full-Time,Permanent,B3,7.5,4.8,94.2,3,30,21,70.0,66.91,66.82,75.1,71.74,64.09,69.56,67.8,6.7,10,41.19,70.55,Good,Training
E1187,Vidya Atrey,48,Marketing,Digital Marketing Specialist,Full-Time,Permanent,B5,15.4,11.4,91.2,6,25,20,80.0,86.79,79.41,84.67,73.29,77.71,79.38,84.95,11.7,25,71.03,81.73,Excellent,Incentive
E1188,Anoop Menon,44,Sales,Account Manager,Contract,6 Months,B3,5.9,5.7,97.5,6,37,27,72.97,75.71,69.51,79.9,87.34,69.9,76.47,85.8,4.8,15,53.75,77.49,Good,Training
E1189,Sundar Bharati,42,AI & Data Science,Data Analyst,Contract,6 Months,B5,15.3,9.7,94.6,8,25,16,64.0,70.48,67.28,72.85,86.37,67.16,69.76,80.59,1.6,40,77.16,74.02,Good,Training
E1190,Jagdish Biswas,26,Marketing,Marketing Executive,Part-Time,12 Months,B2,2.5,1.9,92.3,5,20,13,65.0,62.3,61.52,68.98,79.7,58.37,66.3,69.79,6.5,30,76.35,69.41,Average,Training
E1191,Kartikeya Khemka,50,Customer Support,Support Executive,Full-Time,Permanent,B4,13.2,2.5,90.2,10,26,21,80.77,82.36,76.65,79.81,65.9,68.47,76.59,76.97,11.7,30,76.55,78.48,Good,Incentive
E1192,Varuna Bind,44,Operations,Operations Executive,Contract,12 Months,B5,16.9,10.3,86.5,5,28,17,60.71,72.2,68.94,80.14,73.19,74.86,73.93,77.39,5.6,15,49.84,72.07,Good,Training
E1193,Harsha Kayasth,25,Operations,Process Analyst,Full-Time,Permanent,B1,1.9,0.9,92.6,8,31,21,67.74,68.98,74.45,81.62,72.23,52.93,75.18,79.94,12.3,40,78.45,74.73,Good,Training
E1194,Niranjan Shrivastava,24,Operations,Operations Manager,Full-Time,Permanent,B1,0.5,0.1,96.6,7,17,14,82.35,84.22,82.69,75.38,67.76,58.7,79.85,63.34,0.8,40,88.03,79.63,Good,Incentive
E1195,Surekha Umar,49,Information Technology,Cloud Engineer,Full-Time,Permanent,B3,8.2,5.8,84.1,14,38,24,63.16,59.39,62.83,62.86,61.39,56.69,59.87,59.31,8.5,25,83.0,64.73,Average,Training
E1196,Riya Kaul,23,Sales,Sales Executive,Full-Time,Permanent,B1,0.7,0.6,92.0,10,43,32,74.42,79.35,79.61,74.99,68.94,61.45,78.15,81.11,5.9,25,79.06,77.34,Good,Incentive
E1197,Tarun Keshari,28,Customer Support,Customer Success Associate,Contract,6 Months,B2,3.9,0.6,90.2,10,36,22,61.11,63.22,64.98,64.51,72.89,63.9,70.51,82.53,1.1,20,63.1,68.38,Average,Training
E1198,Murali Mangeshkar,40,Sales,Business Development Executive,Part-Time,12 Months,B4,9.0,0.7,91.0,9,30,22,73.33,80.87,78.14,81.38,70.4,66.73,79.77,79.96,4.9,15,65.21,77.78,Good,Incentive
E1199,Srishti Dutt,34,AI & Data Science,Data Analyst,Contract,12 Months,B4,9.2,9.0,84.0,6,43,28,65.12,71.24,72.14,75.0,70.48,61.17,71.64,72.35,11.9,20,71.03,71.78,Good,Training
E1200,Priyali Awasthi,49,Human Resources,HR Analyst,Full-Time,Permanent,B5,25.7,0.2,97.1,3,26,22,84.62,85.39,86.15,74.38,78.65,86.39,77.19,66.36,1.1,30,84.39,82.87,Excellent,Incentive
E1201,Kishan Dogra,23,AI & Data Science,ML Engineer,Part-Time,6 Months,B1,0.5,0.3,83.4,13,16,11,68.75,72.12,71.38,68.53,63.82,44.01,74.26,76.92,0.0,5,37.6,68.48,Average,Training
E1202,Durga Oberoi,57,Operations,Operations Executive,Full-Time,Permanent,B5,28.4,10.6,96.8,7,23,19,82.61,87.45,81.04,76.55,75.52,81.79,86.21,87.07,1.4,5,54.76,81.87,Excellent,Incentive
E1203,Rimjhim Dadhich,57,Marketing,Marketing Executive,Full-Time,Permanent,B5,25.3,19.0,93.5,6,34,25,73.53,75.33,70.52,76.63,84.22,79.28,74.17,80.3,1.7,30,79.11,77.82,Good,Training
E1204,Sagar Deol,42,Operations,Operations Manager,Contract,24 Months,B5,18.3,14.4,96.4,3,15,12,80.0,81.29,78.99,84.73,69.57,72.83,76.82,79.58,0.0,15,71.06,80.36,Excellent,Incentive
E1205,Aanchal Kelkar,35,Sales,Sales Executive,Full-Time,Permanent,B2,3.3,1.9,96.0,7,46,33,71.74,70.14,73.5,80.07,88.04,64.68,71.03,81.38,8.2,15,64.44,76.8,Good,Training
E1206,Ujjwala Nair,30,Operations,Process Analyst,Full-Time,Permanent,B2,3.2,0.3,97.2,2,36,31,86.11,86.76,86.72,82.93,83.14,61.93,83.84,83.29,8.5,20,64.48,84.09,Excellent,Incentive
E1207,Sonam Kamal,55,AI & Data Science,ML Engineer,Full-Time,Permanent,B4,14.8,11.7,87.5,8,28,20,71.43,73.33,74.38,67.37,82.22,66.93,73.16,82.86,10.6,30,91.46,75.67,Good,Training
E1208,Virendra Dhoni,43,Customer Support,Customer Success Associate,Full-Time,Permanent,B3,7.0,1.5,92.3,2,41,30,73.17,65.9,67.22,66.69,68.77,55.29,65.87,64.55,10.6,50,81.01,70.39,Good,Training
E1209,Rinkesh Bharati,31,Finance,Financial Analyst,Contract,12 Months,B3,8.7,2.9,82.0,9,35,21,60.0,73.41,69.03,68.87,67.92,65.35,71.06,69.34,4.3,15,51.11,68.53,Average,Training
E1210,Sushmita Som,39,Marketing,Marketing Analyst,Full-Time,Permanent,B4,11.7,11.3,86.7,9,30,24,80.0,75.84,77.56,78.92,67.87,76.09,76.14,73.81,2.0,40,90.7,78.14,Good,Incentive
E1211,Gajanand Bendre,35,Information Technology,Software Engineer,Full-Time,Permanent,B4,10.9,7.0,91.5,9,18,12,66.67,65.24,70.9,79.62,80.67,66.24,73.99,73.81,0.0,30,90.51,74.81,Good,Training
E1212,Yashaswi Malik,41,Marketing,Digital Marketing Specialist,Full-Time,Permanent,B5,18.9,9.8,88.4,10,37,26,70.27,76.59,68.8,72.24,78.49,71.2,68.05,64.57,3.4,20,71.95,73.66,Good,Training
E1213,Jatashankar Haldar,23,Sales,Account Manager,Full-Time,Permanent,B1,0.8,0.2,72.6,15,31,20,64.52,64.91,68.55,68.11,65.28,57.45,70.82,77.59,6.9,30,93.08,68.65,Average,PIP
E1214,Mamta Gavaskar,41,Sales,Sales Executive,Full-Time,Permanent,B4,10.9,10.9,93.4,7,42,31,73.81,74.7,73.43,74.11,65.98,67.04,72.28,73.21,3.7,10,45.34,73.24,Good,Training
E1215,Mohini Jadhav,30,Marketing,Marketing Executive,Full-Time,Permanent,B3,5.6,5.1,84.4,9,34,22,64.71,63.53,65.41,71.31,70.5,64.82,66.63,64.6,0.0,10,57.36,67.9,Average,Training
E1216,Jayesh Mandal,34,AI & Data Science,Data Scientist,Full-Time,Permanent,B4,9.5,7.6,96.9,5,32,22,68.75,76.43,71.59,65.68,76.95,58.95,75.53,63.03,9.3,20,77.42,73.5,Good,Training
E1217,Gudiya Acharya,55,AI & Data Science,ML Engineer,Part-Time,12 Months,B5,18.9,11.0,66.8,14,21,10,47.62,62.4,54.93,59.69,66.12,66.63,62.58,71.49,6.4,30,83.66,61.21,Average,PIP
E1218,Manas Umrao,50,Operations,Operations Executive,Part-Time,12 Months,B5,16.5,4.4,91.9,7,42,27,64.29,63.05,64.75,73.49,81.63,69.29,63.12,66.53,7.9,30,83.31,71.3,Good,Training
E1219,Asha Singh,30,Human Resources,HR Analyst,Full-Time,Permanent,B2,2.1,0.7,72.7,13,33,17,51.52,54.77,60.73,68.12,78.32,56.99,66.08,70.78,14.2,15,64.27,63.28,Average,PIP
E1220,Shishir Narula,45,Information Technology,System Administrator,Full-Time,Permanent,B4,11.3,11.0,96.2,7,25,17,68.0,71.18,74.63,65.35,67.32,69.93,73.64,58.81,0.0,20,67.07,71.7,Good,Training
E1221,Lokendra Dutta,45,Sales,Sales Executive,Contract,6 Months,B5,19.1,7.2,91.9,9,33,28,84.85,84.1,84.51,73.48,84.7,80.17,77.46,74.21,0.0,20,56.23,81.1,Excellent,Incentive
E1222,Sundari Pathak,42,Human Resources,HR Analyst,Full-Time,Permanent,B5,18.3,12.3,91.5,7,27,18,66.67,65.33,67.16,65.92,62.93,64.61,70.71,73.6,0.8,25,68.27,69.06,Average,Training
E1223,Balwant Rathi,24,Operations,Process Analyst,Contract,24 Months,B1,1.6,0.8,69.2,20,41,23,56.1,71.43,67.3,72.71,66.83,46.79,74.54,77.91,8.4,20,68.62,67.13,Average,PIP
E1224,Chaiti Rao,55,Finance,Financial Analyst,Contract,6 Months,B4,9.9,2.5,97.5,5,20,15,75.0,73.28,69.43,66.64,76.6,69.98,71.85,69.69,0.0,25,71.67,74.22,Good,Training
E1225,Subhashini Rao,40,AI & Data Science,Data Analyst,Full-Time,Permanent,B3,7.2,7.2,93.8,6,26,22,84.62,84.45,83.85,73.6,73.16,69.97,79.41,73.9,6.7,40,84.43,81.06,Excellent,Incentive
E1226,Aniruddh Chandrachud,50,AI & Data Science,Data Scientist,Full-Time,Permanent,B3,8.0,6.5,77.8,17,21,13,61.9,59.25,61.9,66.05,77.06,64.12,61.8,73.85,2.7,15,67.7,66.22,Average,Training
E1227,Mitali Javdekar,55,Customer Support,Support Executive,Full-Time,Permanent,B3,8.9,0.3,92.3,2,44,32,72.73,66.06,68.39,77.7,70.68,74.02,67.38,71.11,15.1,25,77.26,73.52,Good,Training
E1228,Shubham Negi,37,Human Resources,HR Executive,Part-Time,12 Months,B4,12.3,5.0,93.3,2,15,10,66.67,67.62,65.91,66.45,83.13,77.38,73.55,83.53,0.0,20,70.88,72.91,Good,Training
E1229,Awadh Khatri,24,Operations,Operations Manager,Full-Time,Permanent,B1,0.8,0.2,97.5,7,25,18,72.0,80.27,80.33,85.38,85.03,53.44,74.13,72.17,0.0,40,89.67,80.42,Excellent,Incentive
E1230,Pratiksha Phogat,32,Marketing,Marketing Analyst,Full-Time,Permanent,B3,8.9,7.5,80.5,14,39,27,69.23,77.35,77.14,73.99,84.23,72.92,76.28,77.37,6.7,10,42.69,74.59,Good,Training
E1231,Risha Shekhawat,33,Information Technology,System Administrator,Full-Time,Permanent,B3,8.9,3.7,92.6,9,24,17,70.83,66.45,71.96,66.57,66.92,70.95,67.3,72.47,2.2,25,86.42,72.18,Good,Training
E1232,Anju Som,36,Sales,Sales Executive,Full-Time,Permanent,B4,11.1,8.1,87.8,15,42,28,66.67,75.94,67.26,72.48,83.62,69.29,75.45,84.69,11.7,40,97.08,75.82,Good,Training
E1233,Sunaina Dubey,31,Human Resources,HR Executive,Full-Time,Permanent,B3,6.1,5.4,91.9,9,29,20,68.97,72.64,75.25,79.9,70.41,67.82,73.62,87.9,1.1,20,58.25,75.12,Good,Incentive
E1234,Shobha Pradhan,50,Sales,Sales Executive,Full-Time,Permanent,B5,25.9,23.7,81.5,8,41,30,73.17,81.54,73.88,81.22,76.62,76.77,73.62,68.51,11.9,5,42.53,75.35,Good,Training
E1235,Akhil Kedia,28,Customer Support,Support Executive,Full-Time,Permanent,B3,5.6,2.2,81.2,10,53,39,73.58,74.74,73.19,79.09,67.82,61.44,73.03,78.38,16.2,30,91.54,75.21,Good,Training
E1236,Sudarshini Vishwakarma,24,Operations,Process Analyst,Full-Time,Permanent,B1,1.2,1.1,81.0,14,40,26,65.0,72.94,72.77,78.55,70.9,64.65,75.38,68.73,8.5,25,62.66,72.15,Good,Training
E1237,Nandan Bendre,25,Operations,Operations Executive,Full-Time,Permanent,B1,1.5,0.0,94.9,8,37,27,72.97,74.21,78.42,76.95,64.75,50.18,74.27,63.18,10.2,40,97.93,75.63,Good,Incentive
E1238,Nagesh Gandhi,24,Customer Support,Support Analyst,Full-Time,Permanent,B1,1.9,1.8,97.6,2,37,33,89.19,89.67,87.18,88.38,85.95,62.61,85.4,71.42,10.4,25,68.79,85.93,Excellent,Incentive
E1239,Dhrupad Athawale,34,Human Resources,HR Executive,Full-Time,Permanent,B2,4.0,3.7,91.5,3,28,21,75.0,66.4,68.94,64.87,60.71,45.44,68.54,72.81,3.1,20,63.46,69.02,Average,Training
E1240,Gajendra Priyadarshini,23,AI & Data Science,Data Scientist,Full-Time,Permanent,B1,0.8,0.1,96.7,5,23,20,86.96,75.19,78.2,76.3,80.83,49.47,77.14,66.0,0.0,15,57.88,77.78,Good,Incentive
E1241,Sumitra Ahale,37,Sales,Business Development Executive,Full-Time,Permanent,B3,8.3,5.6,91.4,2,27,23,85.19,88.06,83.14,81.19,77.31,71.36,87.89,89.41,4.6,25,71.81,83.53,Excellent,Incentive
E1242,Anjali Govil,43,Sales,Sales Executive,Full-Time,Permanent,B5,15.4,6.6,97.7,5,34,23,67.65,78.58,69.48,67.29,66.82,73.38,72.27,71.57,3.8,30,85.52,74.04,Good,Training
E1243,Nupur Pandey,53,Human Resources,HR Analyst,Full-Time,Permanent,B5,19.3,18.9,97.3,0,34,25,73.53,67.55,67.47,63.66,69.12,75.76,68.82,60.19,9.5,10,54.13,70.42,Good,Training
E1244,Keshav Vaidya,46,Sales,Sales Executive,Full-Time,Permanent,B4,12.1,2.0,96.7,5,49,35,71.43,69.58,67.75,69.51,72.74,67.04,67.05,64.23,17.1,15,47.98,71.0,Good,Training
E1245,Namrata Lohia,50,Information Technology,DevOps Engineer,Contract,12 Months,B5,26.2,7.8,97.7,6,20,15,75.0,73.0,72.76,66.25,69.63,68.75,73.93,84.07,0.0,30,81.75,75.21,Good,Training
E1246,Bhoomika Srivastava,40,Human Resources,Talent Acquisition Specialist,Full-Time,Permanent,B5,16.4,4.2,82.8,15,30,21,70.0,78.05,75.04,75.12,77.33,82.35,74.88,74.91,0.0,10,62.6,75.48,Good,Incentive
E1247,Mausami Adarsh,31,Operations,Process Analyst,Part-Time,6 Months,B3,7.4,1.7,97.3,4,24,19,79.17,74.09,77.37,74.3,60.64,52.85,71.55,62.94,0.0,20,60.7,73.94,Good,Training
E1248,Meena Tomar,52,Operations,Process Analyst,Full-Time,Permanent,B5,29.3,24.4,82.4,7,21,14,66.67,64.7,70.47,65.9,63.21,83.35,73.38,74.44,0.0,25,63.97,69.48,Average,Training
E1249,Shambhu Lokhande,56,Finance,Financial Analyst,Full-Time,Permanent,B5,27.7,5.1,82.8,6,23,16,69.57,71.32,74.93,72.67,67.15,68.8,73.08,87.32,0.4,30,75.44,73.5,Good,Training
E1250,Basanti Jaitley,25,Finance,Financial Analyst,Full-Time,Permanent,B2,2.0,0.5,97.5,5,34,22,64.71,66.86,66.67,73.02,82.92,50.82,69.69,80.75,18.1,40,75.5,72.57,Good,Training
E1251,Ramnarayan Sahani,37,Operations,Operations Executive,Full-Time,Permanent,B4,11.9,2.8,80.4,8,24,14,58.33,66.0,59.51,58.47,62.59,59.42,67.67,80.73,10.7,20,58.64,63.97,Average,Training
E1252,Archita More,45,Information Technology,Cloud Engineer,Full-Time,Permanent,B5,21.6,3.8,83.6,12,34,24,70.59,65.9,71.88,63.8,80.75,83.71,68.38,69.73,10.9,25,78.05,72.25,Good,Training
E1253,Sulochana Bose,54,Marketing,Digital Marketing Specialist,Full-Time,Permanent,B5,28.5,21.1,94.3,7,20,15,75.0,75.23,75.66,70.46,67.54,82.49,74.94,72.81,2.9,40,80.81,76.19,Good,Incentive
E1254,Khyati Kher,55,Operations,Process Analyst,Full-Time,Permanent,B5,32.6,13.8,81.6,9,44,29,65.91,68.67,66.23,72.25,66.94,83.19,67.19,73.62,9.6,15,56.17,69.82,Average,Training
E1255,Shreya Khattar,56,AI & Data Science,Data Scientist,Full-Time,Permanent,B4,10.9,0.3,91.8,7,25,20,80.0,78.85,78.58,82.71,76.23,79.51,77.09,90.18,8.6,30,86.88,81.51,Excellent,Incentive
E1256,Meghna Modanwal,29,AI & Data Science,Data Analyst,Full-Time,Permanent,B3,6.0,5.1,82.1,5,35,26,74.29,79.28,71.93,67.69,81.11,70.17,72.18,65.67,16.2,5,50.39,73.22,Good,Training
E1257,Dhrupad Pal,23,Customer Support,Support Analyst,Contract,24 Months,B1,0.8,0.4,84.5,10,31,22,70.97,72.31,68.46,79.27,69.38,63.95,72.47,72.9,8.2,15,68.5,72.93,Good,Training
E1258,Aarti Bendre,42,AI & Data Science,AI Engineer,Full-Time,Permanent,B5,18.1,11.9,97.4,3,25,19,76.0,69.2,77.16,65.68,61.97,64.19,70.69,71.34,5.5,20,69.06,72.91,Good,Training
E1259,Vidisha Nishad,32,Sales,Sales Executive,Full-Time,Permanent,B4,9.1,2.8,93.5,8,20,14,70.0,78.98,74.19,79.96,68.54,58.49,75.02,78.63,0.2,30,88.32,76.7,Good,Training
E1260,Sameet Valmiki,50,Finance,Accountant,Full-Time,Permanent,B4,11.3,3.2,96.8,1,32,29,90.62,92.82,88.81,78.22,80.12,71.35,87.35,91.41,0.0,25,79.63,86.75,Excellent,Incentive
E1261,Kumkum Runthla,53,Marketing,Digital Marketing Specialist,Full-Time,Permanent,B5,30.8,23.4,90.8,9,20,12,60.0,65.67,60.1,74.57,68.01,69.28,68.59,77.81,0.0,40,82.26,69.83,Average,Training
E1262,Satyam Ganguly,33,Information Technology,System Administrator,Full-Time,Permanent,B3,7.0,5.1,90.1,10,27,20,74.07,66.52,70.62,70.14,82.18,65.23,76.28,83.48,1.0,20,71.04,74.23,Good,Training
E1263,Payal Das,27,Marketing,Digital Marketing Specialist,Contract,12 Months,B2,2.7,0.7,71.1,23,29,17,58.62,62.12,66.8,65.66,62.42,51.92,66.33,70.79,11.6,30,90.53,65.31,Average,PIP
E1264,Shailesh Thakur,34,Customer Support,Support Executive,Full-Time,Permanent,B3,8.6,3.8,90.7,2,33,23,69.7,68.92,73.84,70.32,78.57,60.37,71.33,68.96,8.6,20,74.87,73.12,Good,Training
E1265,Sajjan Shrivastava,53,Human Resources,HR Analyst,Full-Time,Permanent,B5,21.5,3.5,91.9,10,30,20,66.67,72.62,65.54,63.68,58.84,81.86,72.14,63.75,3.9,25,87.42,70.61,Good,Training
E1266,Nilakshi Malode,27,Customer Support,Customer Success Associate,Full-Time,Permanent,B2,3.4,1.9,87.6,11,40,30,75.0,74.27,74.95,74.42,64.18,51.55,71.45,69.62,14.3,30,77.05,73.46,Good,Training
E1267,Dhyanendra Garg,46,AI & Data Science,Data Scientist,Full-Time,Permanent,B3,8.8,2.7,98.0,7,23,17,73.91,67.4,76.77,74.97,72.1,61.05,76.11,79.3,5.5,25,71.48,75.36,Good,Incentive
E1268,Indumati Bhati,33,Information Technology,System Administrator,Full-Time,Permanent,B3,6.1,0.0,80.3,8,48,35,72.92,81.59,71.76,73.29,81.93,71.89,72.47,73.05,19.7,20,71.48,75.6,Good,Training
E1269,Rinkesh Yaduvanshi,48,Customer Support,Support Analyst,Full-Time,Permanent,B5,23.3,20.6,66.0,22,33,24,72.73,65.53,71.09,64.33,70.43,75.95,68.74,62.74,7.3,25,77.09,68.92,Average,PIP
E1270,Raghavi Puri,49,AI & Data Science,Data Scientist,Full-Time,Permanent,B4,13.3,7.3,97.7,4,24,20,83.33,74.38,74.98,80.07,75.91,68.34,74.07,69.65,0.0,20,73.1,78.53,Good,Training
E1271,Ashish Bansal,28,Finance,Financial Analyst,Full-Time,Permanent,B3,5.7,4.8,97.8,0,19,13,68.42,68.63,68.62,72.38,65.33,52.47,70.36,62.67,0.0,20,55.61,70.08,Good,Training
E1272,Naina Pathak,37,Marketing,Digital Marketing Specialist,Part-Time,6 Months,B4,12.0,10.2,93.3,4,43,31,72.09,69.67,71.69,73.4,69.18,60.33,69.55,78.59,7.0,15,54.52,72.42,Good,Training
E1273,Abhijeet Prasad,57,AI & Data Science,AI Engineer,Contract,24 Months,B5,25.4,7.9,96.7,1,22,14,63.64,61.61,66.56,67.31,61.51,71.74,64.33,73.79,0.8,30,89.81,69.67,Average,Training
E1274,Sonia Fadnavis,26,Information Technology,DevOps Engineer,Full-Time,Permanent,B1,1.6,0.0,87.3,10,39,19,48.72,65.1,57.43,65.04,66.57,49.48,70.71,81.27,9.7,25,82.26,65.02,Average,Training
E1275,Radhika Khandelwal,31,Information Technology,DevOps Engineer,Contract,12 Months,B2,4.0,2.5,94.8,9,15,7,46.67,58.41,53.74,64.25,69.54,64.42,63.2,73.78,5.3,20,62.51,63.09,Average,Training
E1276,Lalbahadur Dikshit,35,Information Technology,System Administrator,Part-Time,12 Months,B3,5.5,0.4,90.2,9,49,34,69.39,79.19,71.36,77.84,61.23,60.19,71.72,62.23,19.4,20,65.18,72.78,Good,Training
E1277,Tanay Gaharwar,39,Information Technology,Software Engineer,Contract,6 Months,B3,5.0,2.2,96.8,4,32,24,75.0,72.87,75.61,76.18,70.44,55.92,71.53,75.93,13.2,20,57.66,74.72,Good,Training
E1278,Ashok Meena,44,AI & Data Science,Data Scientist,Full-Time,Permanent,B5,21.3,18.4,91.6,6,34,24,70.59,66.84,67.18,78.41,72.45,73.08,70.01,61.56,7.6,20,69.34,72.56,Good,Training
E1279,Ikshita Bhadauria,35,Information Technology,Software Engineer,Contract,12 Months,B3,6.0,0.5,96.7,6,29,21,72.41,69.45,69.22,74.2,78.23,66.84,74.78,74.17,8.8,15,61.69,74.16,Good,Training
E1280,Murali Bhat,44,AI & Data Science,Data Scientist,Full-Time,Permanent,B4,9.5,0.0,96.1,2,27,21,77.78,79.02,82.46,73.99,65.44,68.78,78.27,73.1,1.3,30,75.88,77.94,Good,Incentive
E1281,Yudhi Athawale,45,Operations,Operations Manager,Full-Time,Permanent,B3,8.4,4.3,90.8,5,32,23,71.88,78.62,78.32,75.07,77.44,71.8,73.85,70.99,0.0,25,79.09,77.19,Good,Incentive
E1282,Nitika Shandilya,56,Information Technology,Software Engineer,Full-Time,Permanent,B5,28.0,25.7,94.7,8,15,12,80.0,75.89,78.15,69.5,83.78,79.46,75.46,84.5,0.0,40,78.04,79.25,Good,Training
E1283,Ridheekaran Upadhyay,43,Human Resources,Talent Acquisition Specialist,Full-Time,Permanent,B3,8.2,7.2,92.0,8,26,19,73.08,79.35,76.01,78.17,81.96,70.11,75.16,62.67,0.3,30,75.77,77.57,Good,Incentive
E1284,Gopal Dutta,43,AI & Data Science,Data Analyst,Contract,24 Months,B4,13.8,5.5,97.2,2,31,18,58.06,60.88,63.48,73.03,59.28,75.99,62.89,59.96,10.6,10,41.2,65.97,Average,Training
E1285,Rajkumar Mandal,26,Operations,Operations Executive,Part-Time,12 Months,B1,1.2,0.1,91.0,6,45,33,73.33,69.58,75.06,75.83,67.28,47.49,71.5,75.61,20.4,25,78.88,73.57,Good,Training
E1286,Raushan Rajpurohit,50,Sales,Sales Executive,Full-Time,Permanent,B3,8.1,5.5,97.8,8,47,34,72.34,71.61,68.9,74.75,62.36,65.26,70.26,65.96,15.9,20,77.22,73.09,Good,Training
E1287,Sujata Kayasth,57,Customer Support,Support Analyst,Contract,12 Months,B5,27.8,2.0,88.9,13,37,29,78.38,70.83,71.46,70.98,76.14,87.69,75.96,80.18,12.1,25,78.18,76.35,Good,Training
E1288,Om Swaraj,56,Information Technology,Software Engineer,Full-Time,Permanent,B5,24.5,14.9,90.9,3,28,20,71.43,78.76,74.05,67.07,64.07,76.97,70.71,65.78,7.4,25,68.2,73.28,Good,Training
E1289,Pramod Rathore,39,Operations,Process Analyst,Contract,24 Months,B4,14.5,11.7,96.3,3,34,23,67.65,71.68,71.58,74.98,81.41,82.01,70.28,69.39,11.3,15,55.03,74.49,Good,Training
E1290,Khyati Kher,40,Human Resources,HR Analyst,Full-Time,Permanent,B4,11.3,9.9,96.1,3,22,15,68.18,62.63,65.18,69.82,68.85,66.34,64.2,72.28,0.0,20,72.56,70.14,Good,Training
E1291,Arvind Atlani,46,Operations,Process Analyst,Contract,6 Months,B4,9.1,3.2,67.1,18,32,18,56.25,70.75,64.75,63.12,72.92,60.88,69.05,61.14,6.7,25,64.31,65.0,Average,PIP
E1292,Akash Gandhi,43,Information Technology,Cloud Engineer,Full-Time,Permanent,B5,20.2,9.5,84.1,14,21,16,76.19,77.55,75.02,75.45,81.73,73.42,79.69,77.29,3.7,30,76.37,77.55,Good,Incentive
E1293,Jagvanti Kejriwal,27,AI & Data Science,Data Scientist,Full-Time,Permanent,B3,5.0,4.8,91.1,10,28,20,71.43,66.53,68.98,78.49,73.92,54.52,69.07,73.65,0.0,15,52.7,71.81,Good,Training
E1294,Ambar Deewan,41,Human Resources,Talent Acquisition Specialist,Full-Time,Permanent,B5,18.3,12.8,90.8,6,40,31,77.5,77.65,77.17,71.69,85.63,84.31,75.27,85.86,7.2,20,72.9,79.16,Good,Incentive
E1295,Madhav Bajaj,49,Marketing,Marketing Executive,Full-Time,Permanent,B4,13.9,12.8,90.7,2,30,18,60.0,58.84,58.23,63.36,61.66,67.35,58.55,55.6,2.5,30,82.25,64.49,Average,Training
E1296,Nirmala Kher,33,Human Resources,HR Executive,Full-Time,Permanent,B3,8.8,3.1,74.9,10,26,17,65.38,75.48,66.16,64.84,70.4,57.9,67.32,65.29,0.0,20,59.32,67.8,Average,PIP
E1297,Dharmendra Mehta,34,Human Resources,Talent Acquisition Specialist,Full-Time,Permanent,B3,5.2,0.2,92.6,2,42,35,83.33,87.49,84.82,85.25,85.18,60.4,84.84,89.9,13.3,50,94.19,85.38,Excellent,Incentive
E1298,Himadri Bhandari,33,Operations,Operations Executive,Full-Time,Permanent,B3,6.0,0.7,97.6,6,46,34,73.91,75.31,76.89,72.43,80.26,58.24,72.66,67.83,6.9,15,71.07,76.06,Good,Incentive
E1299,Prashansa Anand,27,Human Resources,HR Analyst,Full-Time,Permanent,B2,3.8,1.1,96.7,0,18,12,66.67,66.6,69.87,70.67,73.43,56.54,70.61,67.37,0.0,15,50.48,70.33,Good,Training
E1300,Ansh Mehra,42,Sales,Account Manager,Full-Time,Permanent,B4,13.6,9.6,75.1,16,18,11,61.11,62.99,61.17,63.52,61.89,60.19,64.76,60.01,0.0,50,98.39,65.19,Average,Training
E1301,Bhoomi Dadlani,34,Information Technology,System Administrator,Full-Time,Permanent,B3,5.7,2.0,80.5,9,35,17,48.57,66.48,56.87,62.82,66.22,54.63,68.84,78.51,17.0,30,90.43,64.5,Average,Training
E1302,Pragati Dutt,41,Human Resources,HR Executive,Full-Time,Permanent,B4,12.5,6.7,91.1,9,23,16,69.57,72.02,66.7,66.35,80.1,74.67,69.34,64.43,7.3,30,70.17,72.25,Good,Training
E1303,Anusha Rawal,54,Human Resources,Talent Acquisition Specialist,Part-Time,12 Months,B5,27.8,3.6,94.5,7,42,30,71.43,69.68,73.45,69.46,77.18,73.06,72.49,79.65,12.7,20,66.12,74.34,Good,Training
E1304,Shivendra Bhat,33,Information Technology,System Administrator,Full-Time,Permanent,B3,7.3,0.1,83.0,11,24,18,75.0,73.99,72.15,78.28,68.13,61.32,75.13,80.28,0.0,50,96.22,75.67,Good,Training
E1305,Pratibha Damani,46,Operations,Process Analyst,Contract,6 Months,B3,8.1,1.7,92.6,8,21,15,71.43,64.07,69.71,66.17,76.84,56.37,68.9,69.88,0.0,25,68.18,70.82,Good,Training
E1306,Siddhi Suryavanshi,49,Customer Support,Customer Success Associate,Full-Time,Permanent,B5,21.5,12.3,92.4,4,34,24,70.59,65.22,73.66,69.02,61.95,80.74,73.28,70.32,4.2,15,64.42,71.65,Good,Training
E1307,Suman Valmiki,39,Human Resources,HR Analyst,Contract,24 Months,B4,10.8,5.5,87.0,9,22,13,59.09,72.87,66.77,74.62,79.89,70.37,69.75,60.92,0.0,15,62.06,70.85,Good,Training
E1308,Suneeta Kothari,36,Finance,Finance Executive,Full-Time,Permanent,B4,12.6,3.9,88.7,12,27,19,70.37,73.42,75.65,79.13,76.53,79.51,71.37,66.14,4.6,15,66.71,75.5,Good,Incentive
E1309,Smriti Shekhawat,50,AI & Data Science,Data Analyst,Full-Time,Permanent,B4,14.2,9.3,94.6,10,30,19,63.33,75.37,71.25,79.93,77.51,76.14,77.34,82.1,9.6,40,86.26,76.79,Good,Training
E1310,Ranbir Jahagirdar,26,Human Resources,Talent Acquisition Specialist,Full-Time,Permanent,B2,2.1,1.1,99.2,4,41,28,68.29,62.57,71.04,73.69,69.39,58.98,69.52,61.69,9.5,30,81.64,71.79,Good,Training
E1311,Mala Dutt,57,Marketing,Marketing Executive,Full-Time,Permanent,B5,25.6,0.1,91.1,4,19,15,78.95,72.16,77.94,75.48,67.61,72.8,74.74,69.73,0.0,25,79.55,76.39,Good,Incentive
E1312,Satish Batra,31,AI & Data Science,AI Engineer,Full-Time,Permanent,B3,7.8,6.2,81.4,8,25,20,80.0,81.65,81.69,84.74,75.68,62.8,80.33,72.85,0.9,15,71.71,79.3,Good,Incentive
E1313,Kamalashankar Kamal,39,Finance,Financial Analyst,Part-Time,12 Months,B5,15.5,9.1,91.6,7,29,20,68.97,79.6,69.32,82.31,71.21,74.66,68.78,62.95,0.8,40,94.82,76.37,Good,Training
E1314,Ayushi Shekhawat,55,AI & Data Science,Data Scientist,Full-Time,Permanent,B4,14.4,9.5,73.9,25,15,7,46.67,62.58,56.15,63.26,78.41,64.54,60.19,65.69,0.0,50,91.23,63.61,Average,PIP
E1315,Lakshman Kharwar,41,Information Technology,System Administrator,Full-Time,Permanent,B3,8.3,0.0,83.3,10,38,27,71.05,69.51,67.56,69.04,72.71,63.17,71.19,77.68,0.3,20,74.84,71.52,Good,Training
E1316,Akshit Goel,25,Human Resources,Talent Acquisition Specialist,Full-Time,Permanent,B2,2.1,0.6,96.1,8,25,19,76.0,79.05,80.12,76.32,78.34,64.13,74.92,72.97,0.3,50,97.24,79.63,Good,Incentive
E1317,Abhishek Dutt,35,Information Technology,Software Engineer,Full-Time,Permanent,B4,12.5,8.5,92.3,2,28,15,53.57,63.58,65.52,60.02,81.65,71.17,65.89,75.44,10.2,15,55.23,67.19,Average,Training
E1318,Shekhar Anand,53,Marketing,Marketing Analyst,Contract,12 Months,B4,12.0,0.9,93.4,5,33,22,66.67,73.69,74.34,66.93,74.89,65.51,75.59,75.5,8.8,10,40.06,71.91,Good,Training
E1319,Maithili Upadhyay,54,Finance,Financial Analyst,Contract,6 Months,B5,28.8,25.9,81.3,8,35,19,54.29,60.9,63.23,61.2,67.96,77.06,65.71,76.88,6.9,20,59.16,64.81,Average,Training
E1320,Sarthak Khattar,44,Information Technology,Software Engineer,Full-Time,Permanent,B5,19.2,14.3,66.1,15,28,15,53.57,69.4,63.93,76.2,77.32,77.1,68.33,66.45,0.0,10,62.03,67.5,Average,PIP
E1321,Nivedita Trivedi,32,Operations,Process Analyst,Full-Time,Permanent,B2,2.6,1.1,96.5,2,42,34,80.95,81.1,83.98,88.86,76.5,60.92,78.99,71.38,11.0,40,81.52,82.17,Excellent,Incentive
E1322,Pariniti Reddy,43,Information Technology,Software Engineer,Full-Time,Permanent,B5,17.5,0.9,90.7,10,31,23,74.19,76.34,79.64,71.12,70.14,66.79,76.69,69.63,11.3,25,87.22,76.29,Good,Incentive
E1323,Samraggi Rout,24,Sales,Sales Executive,Full-Time,Permanent,B1,0.5,0.1,93.2,8,21,16,76.19,72.88,77.08,73.51,81.4,48.62,77.73,75.46,0.0,50,99.24,77.46,Good,Incentive
E1324,Triveni Dhumal,57,Finance,Accountant,Contract,6 Months,B5,28.7,28.6,86.2,8,31,23,74.19,77.49,73.21,80.83,69.85,82.05,80.52,84.12,1.7,25,69.04,77.25,Good,Training
E1325,Vardhaman Gehlot,52,AI & Data Science,Data Analyst,Full-Time,Permanent,B5,23.1,18.0,92.4,3,31,28,90.32,79.19,83.16,81.92,69.58,86.28,77.71,84.54,6.3,25,71.82,82.4,Excellent,Incentive
E1326,Brahmi Thakkar,41,Sales,Business Development Executive,Full-Time,Permanent,B3,5.9,0.3,96.2,0,21,17,80.95,81.95,75.62,70.09,70.8,64.13,73.72,75.42,5.7,5,41.2,75.72,Good,Incentive
E1327,Risha Khajuria,48,Sales,Account Manager,Full-Time,Permanent,B5,19.8,3.5,78.9,15,34,19,55.88,69.59,64.21,76.41,76.61,82.85,72.14,81.18,1.4,20,60.75,70.31,Good,Training
E1328,Kashika Roy,29,Operations,Operations Manager,Full-Time,Permanent,B2,3.1,2.4,83.5,15,34,30,88.24,88.22,83.16,84.17,65.43,55.12,79.04,66.72,0.0,30,81.02,80.56,Excellent,Incentive
E1329,Anupam Tripathi,25,Customer Support,Support Analyst,Full-Time,Permanent,B2,2.9,2.9,94.3,8,45,31,68.89,75.43,74.82,79.79,76.9,60.56,78.15,81.3,19.4,5,45.75,75.25,Good,Training
E1330,Anvesha Chaturvedi,47,Operations,Process Analyst,Full-Time,Permanent,B3,7.1,2.6,86.5,13,36,24,66.67,62.22,64.51,69.57,66.24,66.27,65.67,71.97,3.0,20,62.08,68.02,Average,Training
E1331,Chhotelal Azad,37,Information Technology,Software Engineer,Full-Time,Permanent,B4,10.2,4.5,83.4,8,25,19,76.0,69.44,72.92,74.37,62.72,68.33,66.95,63.35,1.0,25,64.27,71.67,Good,Training
E1332,Pragya Holkar,30,Human Resources,HR Analyst,Full-Time,Permanent,B3,8.0,2.6,81.5,8,26,15,57.69,69.47,64.4,69.38,77.31,62.98,68.79,63.49,0.0,25,79.83,68.78,Average,Training
E1333,Ratan Swaraj,31,AI & Data Science,AI Engineer,Full-Time,Permanent,B2,4.6,4.5,94.7,2,25,16,64.0,74.0,67.67,77.53,78.43,68.74,73.62,83.04,5.1,30,73.52,74.74,Good,Training
E1334,Deepam Chaubey,57,Customer Support,Support Executive,Full-Time,Permanent,B5,16.1,4.9,67.4,17,54,31,57.41,71.59,65.71,71.27,70.61,78.36,66.41,65.39,7.3,15,49.46,66.68,Average,PIP
E1335,Soham Mishra,45,Finance,Finance Executive,Full-Time,Permanent,B3,8.2,6.8,84.0,11,34,23,67.65,77.56,72.77,76.82,77.14,65.18,75.26,77.48,5.8,15,58.8,74.17,Good,Training
E1336,Malini Bansal,36,Information Technology,Software Engineer,Full-Time,Permanent,B4,13.9,10.0,93.5,5,28,21,75.0,83.66,82.2,83.39,80.51,78.84,82.12,91.26,8.3,50,99.7,83.63,Excellent,Incentive
E1337,Vishnu Shaw,52,Operations,Process Analyst,Full-Time,Permanent,B4,10.9,3.0,96.6,4,35,31,88.57,85.64,84.05,86.33,69.41,77.06,85.07,75.5,0.0,10,43.31,82.34,Excellent,Incentive
E1338,Sarthak Chandravanshi,33,AI & Data Science,ML Engineer,Full-Time,Permanent,B3,7.0,6.1,96.2,0,19,15,78.95,81.18,78.44,85.34,66.37,70.42,80.74,71.16,4.4,15,69.62,79.44,Good,Incentive
E1339,Barkha Bharati,25,Human Resources,HR Analyst,Full-Time,Permanent,B1,1.8,1.6,94.3,3,19,13,68.42,72.92,68.41,75.32,82.46,59.61,71.69,73.53,0.0,20,56.94,73.53,Good,Training
E1340,Ishika Gandhi,35,Operations,Operations Executive,Full-Time,Permanent,B3,5.5,2.4,91.5,10,49,29,59.18,56.47,62.68,66.33,67.99,50.42,61.86,70.98,12.9,25,80.12,65.82,Average,Training
E1341,Shanti Raina,56,AI & Data Science,AI Engineer,Part-Time,12 Months,B5,18.4,17.0,93.8,4,32,29,90.62,85.18,82.16,83.78,73.75,86.6,80.18,79.52,8.0,15,64.36,83.55,Excellent,Incentive
E1342,Anupama Atlani,41,Information Technology,Software Engineer,Full-Time,Permanent,B5,17.1,16.2,94.9,4,40,29,72.5,72.37,76.68,74.67,72.45,76.28,75.47,72.21,10.6,20,66.78,75.7,Good,Incentive
E1343,Shailja Garg,38,Sales,Sales Executive,Full-Time,Permanent,B5,15.0,6.7,82.4,6,50,32,64.0,72.11,68.11,74.42,65.89,74.01,68.77,65.98,20.8,50,92.61,71.69,Good,Training
E1344,Anisha Goswami,39,Operations,Operations Executive,Contract,6 Months,B5,15.2,12.9,93.2,2,21,15,71.43,68.39,68.21,71.17,74.37,64.76,68.5,78.34,0.0,20,73.64,72.9,Good,Training
E1345,Sagar Dixit,38,Human Resources,Talent Acquisition Specialist,Full-Time,Permanent,B4,14.9,4.7,82.3,7,30,20,66.67,66.82,66.29,67.91,79.55,75.82,72.97,74.34,8.0,50,91.23,72.06,Good,Training
E1346,Padmavati Vats,24,Human Resources,Talent Acquisition Specialist,Full-Time,Permanent,B1,1.9,0.7,93.2,6,32,27,84.38,87.56,83.22,81.91,91.5,59.33,85.01,87.76,0.0,15,71.63,84.22,Excellent,Incentive
E1347,Seeta Kanetkar,35,Sales,Sales Executive,Full-Time,Permanent,B4,9.3,0.7,91.4,7,31,21,67.74,70.89,74.47,72.67,78.03,73.44,68.8,60.85,0.0,25,77.32,73.83,Good,Training
E1348,Ahilya Patel,53,Information Technology,System Administrator,Full-Time,Permanent,B5,20.7,6.7,66.8,11,27,18,66.67,75.88,69.01,73.03,69.78,86.23,73.89,78.64,0.0,40,84.4,72.5,Good,Training
E1349,Brijmohan Gond,25,Human Resources,HR Analyst,Full-Time,Permanent,B2,2.7,2.1,72.6,10,18,9,50.0,56.4,54.42,61.37,65.32,51.05,58.98,76.76,0.0,15,66.67,59.79,Needs Improvement,PIP
E1350,Mithun Ketkar,36,Human Resources,HR Executive,Full-Time,Permanent,B3,8.4,7.7,91.5,9,25,20,80.0,79.45,79.92,75.82,83.27,63.94,78.68,72.55,0.0,25,72.17,79.12,Good,Incentive
E1351,Anadi Khaitan,49,Information Technology,Software Engineer,Contract,12 Months,B5,24.9,13.9,94.7,7,19,17,89.47,88.59,87.9,81.23,70.49,79.56,87.39,87.64,0.0,15,66.48,84.65,Excellent,Incentive
E1352,Arpana Nair,23,Operations,Process Analyst,Full-Time,Permanent,B1,0.3,0.2,91.5,6,30,21,70.0,65.61,72.5,63.61,65.48,52.73,74.31,80.09,2.5,40,86.58,71.14,Good,Training
E1353,Pradeep Dadlani,52,AI & Data Science,AI Engineer,Full-Time,Permanent,B5,23.9,16.3,86.5,6,20,9,45.0,59.66,53.98,71.35,73.06,79.94,63.06,56.4,0.0,30,89.65,64.91,Average,Training
E1354,Gopi Bachchan,43,Operations,Operations Executive,Full-Time,Permanent,B3,5.9,4.2,91.8,7,38,29,76.32,77.05,78.39,73.06,79.62,58.12,75.86,83.92,10.6,40,80.92,77.81,Good,Incentive
E1355,Akhilesh Saini,41,Human Resources,HR Executive,Contract,6 Months,B5,18.4,14.4,82.7,8,23,14,60.87,71.08,69.37,71.3,73.27,79.82,69.3,64.76,4.0,25,64.68,70.42,Good,Training
E1356,Kalyani Kamath,44,Operations,Operations Executive,Full-Time,Permanent,B3,5.9,1.0,74.7,16,36,25,69.44,64.1,65.92,61.51,66.45,48.66,68.91,72.34,13.0,50,76.27,66.57,Average,PIP
E1357,Indrajit Holkar,45,Human Resources,Talent Acquisition Specialist,Full-Time,Permanent,B3,7.8,4.5,94.3,2,36,23,63.89,61.72,67.06,63.12,71.16,66.46,64.54,67.49,5.3,30,92.03,69.44,Average,Training
E1358,Shubhi Bala,32,Customer Support,Support Analyst,Full-Time,Permanent,B3,7.7,0.5,90.1,5,42,29,69.05,71.97,71.89,75.07,84.63,65.94,71.53,85.06,12.0,30,70.75,75.33,Good,Training
E1359,Nagendra Talwar,30,AI & Data Science,AI Engineer,Full-Time,Permanent,B3,7.7,2.0,90.1,9,17,12,70.59,67.87,70.71,76.23,81.21,65.85,69.25,70.19,0.0,40,86.48,74.53,Good,Training
E1360,Yashwant Nayak,42,Sales,Sales Executive,Full-Time,Permanent,B5,17.5,11.6,97.0,1,22,15,68.18,73.23,74.84,78.77,74.28,84.42,77.99,83.31,0.0,50,99.28,78.63,Good,Training
E1361,Indrajit Jhunjhunwala,36,AI & Data Science,ML Engineer,Full-Time,Permanent,B2,3.6,2.1,88.2,11,27,19,70.37,75.25,70.46,77.02,73.72,62.92,72.78,87.98,0.0,20,75.47,75.11,Good,Training
E1362,Premnath Mantri,46,Information Technology,Software Engineer,Full-Time,Permanent,B4,10.5,2.3,80.3,11,25,18,72.0,79.87,78.14,73.85,78.9,68.84,77.42,85.84,2.9,40,79.28,77.07,Good,Incentive
E1363,Shraddha Pushkar,52,Sales,Account Manager,Full-Time,Permanent,B4,10.7,9.1,84.9,7,36,24,66.67,67.38,73.04,76.56,85.43,63.63,72.14,71.04,12.9,20,55.6,72.7,Good,Training
E1364,Dheeraj Adarsh,35,Operations,Operations Manager,Full-Time,Permanent,B3,8.1,4.5,86.4,8,27,15,55.56,68.98,67.56,65.14,75.8,54.16,73.75,83.5,7.8,20,65.97,68.67,Average,Training
E1365,Anushree Patel,30,Operations,Operations Executive,Full-Time,Permanent,B2,4.9,3.5,68.2,12,24,16,66.67,61.51,63.81,66.41,62.81,55.25,64.56,66.36,5.4,20,67.82,64.56,Average,PIP
E1366,Keshav Agrawal,53,Operations,Operations Executive,Full-Time,Permanent,B4,10.4,3.2,83.4,6,22,16,72.73,72.02,71.75,65.99,60.39,57.14,70.83,68.98,4.3,10,55.19,69.36,Average,Training
E1367,Geetika Pawar,40,Human Resources,HR Analyst,Full-Time,Permanent,B5,17.6,16.0,83.6,8,27,16,59.26,64.88,61.93,73.35,83.76,73.26,67.96,79.64,12.5,15,69.43,70.16,Good,Training
E1368,Tanuja Dogra,33,Customer Support,Support Analyst,Full-Time,Permanent,B3,6.1,2.6,78.9,12,22,16,72.73,75.29,73.22,82.75,80.74,73.68,76.38,67.02,0.4,20,69.68,75.9,Good,Training
E1369,Sudeshna Shrivastava,37,Sales,Business Development Executive,Part-Time,6 Months,B3,8.1,4.3,93.3,2,50,40,80.0,79.67,82.26,81.36,80.08,61.97,73.39,64.88,13.6,20,77.97,79.74,Good,Incentive
E1370,Shakuntala Rawal,51,AI & Data Science,Data Scientist,Part-Time,12 Months,B5,25.9,19.5,96.5,8,35,30,85.71,77.62,78.46,83.54,88.83,76.26,81.53,90.51,1.1,15,59.68,82.73,Excellent,Incentive
E1371,Shraddha Malik,54,Information Technology,Software Engineer,Contract,12 Months,B4,14.8,11.1,91.6,4,17,12,70.59,80.55,77.47,76.96,87.95,82.54,76.03,81.36,0.0,50,77.81,79.68,Good,Incentive
E1372,Amarendra Piramal,39,Information Technology,System Administrator,Full-Time,Permanent,B3,7.9,5.9,91.2,3,46,37,80.43,76.94,75.25,70.82,65.89,65.94,74.41,64.72,17.9,30,87.17,75.84,Good,Incentive
E1373,Bhagvant Sonkar,30,Finance,Accountant,Contract,6 Months,B2,2.8,2.0,85.9,12,32,28,87.5,91.04,88.62,79.9,88.76,67.23,90.63,88.75,4.7,25,83.83,86.05,Excellent,Incentive
E1374,Vishal Kothari,27,Sales,Business Development Executive,Part-Time,6 Months,B2,3.6,1.7,94.0,7,47,29,61.7,64.7,65.33,77.19,65.47,65.42,65.54,63.29,17.4,20,61.85,69.09,Average,Training
E1375,Yashika Nair,51,Operations,Operations Executive,Full-Time,Permanent,B5,26.5,19.3,72.3,24,50,25,50.0,50.66,59.13,67.65,79.55,86.67,59.82,63.87,12.8,20,56.9,62.66,Average,PIP
E1376,Shikha Mahajan,23,Human Resources,HR Analyst,Contract,24 Months,B1,0.9,0.2,92.3,6,20,16,80.0,82.3,77.82,85.27,81.35,64.57,77.35,70.24,0.0,25,78.79,80.72,Excellent,Incentive
E1377,Rambha Shandilya,31,Finance,Accountant,Full-Time,Permanent,B2,4.2,2.8,97.0,0,21,13,61.9,65.94,66.54,62.72,61.79,51.31,63.39,60.53,6.7,30,90.71,67.74,Average,Training
E1378,Tanay Dhoni,26,Finance,Finance Executive,Full-Time,Permanent,B2,2.2,0.9,90.7,8,26,16,61.54,73.44,71.83,74.2,73.8,66.01,71.38,66.33,6.7,20,65.06,72.04,Good,Training
E1379,Narad Dabral,37,Operations,Operations Executive,Contract,12 Months,B2,3.9,3.0,94.9,9,21,12,57.14,68.83,64.68,74.17,74.61,63.54,72.38,73.49,0.0,30,84.5,71.37,Good,Training
E1380,Digvijay Kanetkar,41,Operations,Operations Manager,Full-Time,Permanent,B4,12.9,11.5,91.4,6,34,20,58.82,58.44,63.88,65.28,73.93,74.81,69.69,76.47,1.9,15,57.75,67.43,Average,Training
E1381,Mrityunjay Kapoor,34,Sales,Sales Executive,Full-Time,Permanent,B3,5.8,0.8,91.8,6,22,15,68.18,75.35,72.15,73.99,76.0,61.92,74.23,72.71,12.2,5,40.18,72.68,Good,Training
E1382,Rohit Lalwani,39,Information Technology,DevOps Engineer,Full-Time,Permanent,B5,16.9,3.8,87.6,11,36,23,63.89,75.69,67.8,66.55,85.52,70.87,70.65,83.17,8.2,40,93.97,74.33,Good,Training
E1383,Swati Dholakia,48,Sales,Sales Executive,Full-Time,Permanent,B5,16.5,2.4,84.2,12,31,20,64.52,61.58,64.01,68.26,74.99,75.37,62.69,70.63,4.6,30,75.25,68.87,Average,Training
E1384,Yashoda Jadhav,49,AI & Data Science,ML Engineer,Full-Time,Permanent,B4,12.0,1.8,97.4,2,31,20,64.52,63.48,62.65,72.19,69.95,71.17,66.19,81.59,0.9,30,75.2,70.87,Good,Training
E1385,Suhas Rai,32,Sales,Account Manager,Full-Time,Permanent,B3,7.9,0.4,92.9,4,35,28,80.0,73.13,80.95,68.76,64.33,55.49,75.78,81.31,8.1,25,75.94,75.57,Good,Training
E1386,Rohan Dogra,43,Human Resources,HR Analyst,Contract,6 Months,B4,10.9,5.3,94.6,6,29,20,68.97,66.17,65.21,69.29,77.14,71.92,70.81,77.41,0.0,10,63.74,71.81,Good,Training
E1387,Mayuri Dikshit,35,Operations,Process Analyst,Full-Time,Permanent,B3,6.9,4.9,86.6,7,23,18,78.26,74.8,78.05,76.86,76.21,57.91,73.12,68.44,0.0,25,73.76,76.14,Good,Incentive
E1388,Shuchita Vishwakarma,46,Human Resources,HR Executive,Full-Time,Permanent,B3,8.4,8.3,87.2,5,22,14,63.64,69.42,69.07,73.11,81.42,66.38,71.08,84.72,8.1,15,64.83,72.5,Good,Training
E1389,Harishankar Patil,39,AI & Data Science,ML Engineer,Part-Time,12 Months,B5,16.5,13.2,97.4,0,19,13,68.42,67.78,68.47,69.44,79.56,73.18,73.56,83.62,6.5,15,54.94,73.08,Good,Training
E1390,Rashi Tripathi,47,Operations,Operations Manager,Full-Time,Permanent,B5,16.2,4.0,91.8,3,15,12,80.0,73.54,75.09,71.35,74.09,67.65,75.06,83.91,0.0,25,72.51,76.54,Good,Incentive
E1391,Harika Jhunjhunwala,43,Marketing,Marketing Analyst,Full-Time,Permanent,B4,14.8,9.1,96.6,3,32,24,75.0,76.1,73.59,78.98,74.05,76.98,73.52,73.37,7.5,20,55.78,76.6,Good,Training
E1392,Sudheendra Dikshit,41,Sales,Business Development Executive,Contract,6 Months,B4,10.2,3.8,94.9,7,43,30,69.77,69.68,73.73,68.0,67.27,72.25,71.47,78.62,12.3,40,86.3,73.83,Good,Training
E1393,Ramashankar Jindal,39,Sales,Sales Executive,Full-Time,Permanent,B3,5.8,3.5,84.7,11,43,30,69.77,79.83,69.57,73.03,83.5,61.65,75.38,86.52,11.8,25,76.78,75.67,Good,Training
E1394,Ambuj Shastri,50,Human Resources,HR Executive,Contract,6 Months,B5,17.2,7.4,76.4,10,34,18,52.94,55.37,54.17,60.27,78.49,76.09,61.53,78.57,0.0,40,77.69,63.6,Average,Training
E1395,Anuradha Guru,57,Operations,Process Analyst,Full-Time,Permanent,B5,34.0,28.4,84.4,8,42,29,69.05,79.19,71.13,73.46,64.7,82.18,77.88,75.19,10.4,40,75.75,74.38,Good,Training
E1396,Dhara Anand,40,Human Resources,Talent Acquisition Specialist,Full-Time,Permanent,B4,10.5,8.4,84.0,6,38,25,65.79,69.52,71.47,72.26,72.73,72.41,73.38,86.72,6.4,25,72.58,72.78,Good,Training
E1397,Kamala Bakshi,57,AI & Data Science,Data Scientist,Full-Time,Permanent,B4,12.7,0.6,97.3,6,23,18,78.26,75.25,77.64,78.56,68.13,75.08,72.98,69.96,1.5,20,79.92,77.9,Good,Incentive
E1398,Dashrath Dutt,29,Human Resources,HR Executive,Full-Time,Permanent,B2,4.1,0.0,91.0,6,28,18,64.29,70.17,67.31,61.98,75.46,51.53,68.07,64.7,9.1,20,66.49,68.75,Average,Training
E1399,Somdatt Jindal,40,AI & Data Science,Data Scientist,Part-Time,6 Months,B5,17.8,4.2,93.4,7,26,18,69.23,72.15,70.49,72.53,67.77,76.07,75.65,85.2,12.1,10,53.03,73.27,Good,Training
E1400,Ankur Bhandarkar,53,Human Resources,Talent Acquisition Specialist,Full-Time,Permanent,B5,24.4,9.8,82.0,10,30,18,60.0,69.61,69.03,62.97,77.87,76.99,73.1,73.17,7.5,5,57.29,69.26,Average,Training
E1401,Ashwini Arora,31,Operations,Operations Manager,Contract,6 Months,B3,8.8,0.8,90.3,3,34,23,67.65,66.64,69.45,72.06,68.93,68.92,67.53,64.62,10.2,25,79.3,71.31,Good,Training
E1402,Vinay Mittal,33,Human Resources,HR Analyst,Part-Time,12 Months,B2,3.4,0.0,69.4,14,34,19,55.88,68.71,66.27,74.33,85.82,68.33,75.54,85.4,3.8,30,94.73,71.5,Good,Training
E1403,Sudhir Fadnavis,44,Marketing,Marketing Executive,Contract,6 Months,B3,8.9,1.3,91.4,7,20,16,80.0,86.33,76.64,84.99,88.25,62.77,78.16,87.71,3.5,40,76.83,82.43,Excellent,Incentive
E1404,Shilpi Kakkar,45,Finance,Financial Analyst,Full-Time,Permanent,B4,13.5,7.3,90.5,4,28,19,67.86,75.42,74.34,78.71,86.78,83.81,76.57,79.91,3.8,30,93.58,78.87,Good,Training
E1405,Kanta Guru,56,Sales,Sales Executive,Full-Time,Permanent,B5,19.5,16.2,66.1,13,41,25,60.98,69.91,70.54,75.63,85.68,83.48,74.12,81.96,10.8,20,69.59,72.19,Good,Training
E1406,Aarohi Jethwani,30,Human Resources,HR Executive,Full-Time,Permanent,B2,3.7,2.5,92.8,10,34,23,67.65,78.91,76.22,82.52,85.25,65.7,79.65,87.61,8.7,20,68.69,78.68,Good,Incentive
E1407,Varuna Bhandari,40,Human Resources,HR Executive,Full-Time,Permanent,B3,5.2,1.1,92.6,8,23,15,65.22,73.47,74.48,81.23,73.66,66.99,78.43,83.84,7.0,30,87.29,76.61,Good,Training
E1408,Shalini Maheshwari,28,AI & Data Science,Data Analyst,Part-Time,12 Months,B2,3.4,1.1,87.9,5,32,21,65.62,60.36,67.46,74.44,82.18,60.32,66.07,68.74,0.0,10,63.62,70.13,Good,Training
E1409,Saumya Jaiswal,43,Human Resources,HR Analyst,Full-Time,Permanent,B5,15.3,14.0,85.9,12,23,15,65.22,62.37,71.01,62.86,70.54,61.24,67.99,61.35,0.0,25,85.19,68.65,Average,Training
E1410,Rajyawardhan Ambani,23,Sales,Business Development Executive,Full-Time,Permanent,B1,0.6,0.2,73.4,21,26,13,50.0,50.79,54.18,66.86,61.22,59.36,57.29,62.91,5.8,20,62.34,58.83,Needs Improvement,PIP
E1411,Pritika Rawat,57,Marketing,Marketing Executive,Contract,24 Months,B5,18.9,11.5,91.9,3,39,27,69.23,69.33,66.79,74.13,62.32,70.04,70.22,70.36,15.8,20,68.71,71.31,Good,Training
E1412,Seema Tiwari,32,AI & Data Science,ML Engineer,Full-Time,Permanent,B3,8.8,6.6,96.6,2,17,12,70.59,79.08,77.66,77.04,63.49,71.84,74.01,65.93,5.0,15,71.53,75.83,Good,Incentive
E1413,Nikita Raj,32,Operations,Operations Executive,Full-Time,Permanent,B3,6.4,4.8,93.1,8,48,41,85.42,74.12,76.18,72.84,73.64,55.64,77.95,84.3,22.9,20,74.19,77.56,Good,Incentive
E1414,Nakul Shastri,46,Information Technology,DevOps Engineer,Full-Time,Permanent,B5,17.0,14.1,86.0,8,19,11,57.89,57.35,63.3,59.32,78.68,80.4,65.52,71.61,0.0,40,97.23,67.89,Average,Training
E1415,Narad Marandi,39,Customer Support,Customer Success Associate,Full-Time,Permanent,B5,15.2,12.3,94.0,10,27,22,81.48,75.1,82.02,84.1,82.91,84.37,79.08,83.65,3.7,40,76.13,82.26,Excellent,Incentive
E1416,Udit Khaitan,32,Human Resources,HR Analyst,Full-Time,Permanent,B2,4.1,2.6,93.4,10,17,15,88.24,83.65,85.52,89.42,84.33,59.06,82.67,89.07,0.0,50,83.6,85.52,Excellent,Incentive
E1417,Pritika Mazumdar,25,Sales,Sales Executive,Full-Time,Permanent,B1,1.5,0.8,91.4,7,47,34,72.34,66.75,68.05,73.7,84.31,51.75,71.63,73.35,22.8,10,47.77,71.92,Good,Training
E1418,Sunil Khatri,39,Information Technology,Software Engineer,Full-Time,Permanent,B4,10.2,5.4,90.9,2,25,15,60.0,57.31,59.55,61.53,72.79,58.05,64.98,61.13,2.0,15,72.18,64.94,Average,Training
E1419,Anugya Bhaskar,46,Human Resources,Talent Acquisition Specialist,Full-Time,Permanent,B5,15.6,8.4,96.6,8,34,23,67.65,62.86,69.09,61.82,63.56,71.98,70.66,69.77,6.0,20,59.74,68.84,Average,Training
E1420,Vaishnavi Ojha,47,AI & Data Science,Data Analyst,Full-Time,Permanent,B5,22.0,15.7,96.5,4,27,16,59.26,56.09,64.49,57.58,62.77,69.1,61.06,65.45,0.0,30,84.94,65.57,Average,Training
E1421,Kaushalya Narayan,48,Information Technology,DevOps Engineer,Full-Time,Permanent,B5,18.1,11.1,94.1,7,22,15,68.18,65.79,66.14,65.24,70.86,76.31,71.3,73.01,0.0,30,88.66,71.76,Good,Training
E1422,Jaya Ray,42,Information Technology,Cloud Engineer,Full-Time,Permanent,B5,15.7,11.0,97.4,1,38,28,73.68,74.68,74.36,80.58,74.41,83.72,78.52,75.61,9.4,30,73.27,78.23,Good,Training
E1423,Apurva Kanetkar,38,Marketing,Marketing Executive,Full-Time,Permanent,B5,15.0,7.7,91.4,2,21,13,61.9,61.49,60.98,60.52,68.5,69.6,70.02,78.78,0.0,15,50.44,66.17,Average,Training
E1424,Rati Bhawsar,50,Operations,Process Analyst,Full-Time,Permanent,B5,16.9,14.5,84.1,8,32,16,50.0,56.74,60.96,73.25,61.41,75.82,62.77,67.72,7.5,50,78.48,64.93,Average,Training
E1425,Shatrughna Baranwal,49,Operations,Process Analyst,Full-Time,Permanent,B5,18.5,17.2,97.0,8,25,18,72.0,72.71,75.75,79.32,68.06,82.79,73.55,66.16,2.7,15,66.98,75.95,Good,Incentive
E1426,Sonakshi Tanwar,52,Operations,Operations Manager,Full-Time,Permanent,B5,29.2,0.9,83.2,8,18,13,72.22,67.62,68.69,77.88,69.53,84.98,67.18,66.36,0.0,40,89.06,73.61,Good,Training
E1427,Rishabh Rastogi,28,Information Technology,DevOps Engineer,Full-Time,Permanent,B1,1.9,1.8,80.3,11,38,25,65.79,64.38,67.71,62.23,61.71,52.34,71.44,77.42,9.7,25,75.73,67.06,Average,Training
E1428,Sangeet Patwari,54,Marketing,Marketing Analyst,Full-Time,Permanent,B5,27.7,22.3,92.9,6,20,15,75.0,67.53,69.85,72.36,62.44,81.31,68.28,64.99,4.8,40,84.85,73.22,Good,Training
E1429,Saroj Mukhopadhyay,55,Human Resources,HR Executive,Full-Time,Permanent,B5,20.3,11.5,92.8,3,21,14,66.67,75.42,69.48,72.64,68.4,75.07,77.65,87.01,1.6,25,76.11,74.54,Good,Training
E1430,Tamanna Bedi,29,Operations,Operations Manager,Full-Time,Permanent,B2,4.9,0.1,97.7,1,26,20,76.92,82.65,73.87,69.02,61.85,53.29,78.54,65.69,3.0,20,59.59,74.18,Good,Training
E1431,Paritosh Rathi,34,Finance,Financial Analyst,Full-Time,Permanent,B4,11.9,7.2,77.1,22,18,17,94.44,92.89,88.85,90.6,90.89,80.38,84.72,90.56,6.5,25,76.77,88.44,Excellent,Incentive
E1432,Krish Kamal,35,Information Technology,Cloud Engineer,Full-Time,Permanent,B3,7.7,7.2,93.3,8,29,16,55.17,56.54,54.98,65.45,74.32,66.56,58.76,58.11,0.0,20,60.59,63.78,Average,Training
E1433,Umashankar Mathur,31,Finance,Financial Analyst,Full-Time,Permanent,B3,8.9,8.0,97.2,7,18,13,72.22,76.07,76.65,73.55,76.79,60.39,80.19,86.38,0.0,10,48.39,75.94,Good,Incentive
E1434,Manikram Holkar,30,Finance,Accountant,Full-Time,Permanent,B3,7.0,2.9,97.2,8,30,20,66.67,67.95,69.3,71.59,75.84,67.39,67.78,76.88,5.0,30,78.58,73.16,Good,Training
E1435,Deepa Tata,47,Finance,Finance Executive,Full-Time,Permanent,B5,21.8,20.1,94.1,5,28,22,78.57,73.36,79.87,68.68,64.4,74.17,75.39,71.17,0.0,40,89.86,76.45,Good,Training
E1436,Namrata Adarsh,44,Finance,Accountant,Full-Time,Permanent,B4,9.8,5.7,84.0,6,31,23,74.19,71.91,74.84,78.33,72.94,62.97,71.59,69.62,9.6,5,48.46,73.22,Good,Training
E1437,Rajani Mathur,25,Information Technology,System Administrator,Full-Time,Permanent,B1,0.8,0.6,93.7,8,30,20,66.67,76.21,73.09,70.32,70.56,59.18,75.33,83.83,0.0,30,82.05,74.39,Good,Training
E1438,Vibhuti Rai,51,Finance,Financial Analyst,Full-Time,Permanent,B5,27.4,15.9,85.5,8,28,21,75.0,76.76,73.65,79.11,81.91,87.77,69.16,63.19,0.0,15,52.73,76.06,Good,Training
E1439,Srishti Chandra,50,AI & Data Science,AI Engineer,Full-Time,Permanent,B5,24.0,17.0,96.6,0,19,14,73.68,72.53,73.71,80.33,78.09,76.41,76.69,74.75,4.5,25,69.16,77.36,Good,Training
E1440,Arushi Sharma,45,Information Technology,DevOps Engineer,Contract,12 Months,B4,9.1,7.1,91.3,7,34,23,67.65,64.04,63.39,75.58,82.27,59.98,70.46,74.9,4.4,5,48.21,70.63,Good,Training
E1441,Savita Raje,26,Operations,Operations Executive,Contract,12 Months,B1,1.3,0.4,93.0,9,35,20,57.14,64.54,63.0,67.91,84.23,47.84,66.46,84.46,7.4,20,71.38,69.12,Average,Training
E1442,Risha Basu,31,Marketing,Marketing Analyst,Full-Time,Permanent,B3,7.7,2.6,93.2,4,28,22,78.57,69.13,77.16,66.15,72.09,58.59,75.03,70.57,14.5,10,42.13,72.5,Good,Training
E1443,Nitesh Pushkar,54,Information Technology,DevOps Engineer,Full-Time,Permanent,B4,10.3,2.2,81.7,12,23,14,60.87,63.43,66.04,68.89,74.68,69.63,70.11,66.11,4.7,20,67.51,68.19,Average,Training
E1444,Tejas Dave,33,Operations,Operations Executive,Full-Time,Permanent,B4,9.0,5.7,94.2,7,23,13,56.52,69.75,68.03,66.83,82.37,65.93,72.24,71.45,0.0,25,70.03,70.81,Good,Training
E1445,Parul Bishnoi,50,Operations,Operations Executive,Full-Time,Permanent,B5,23.1,10.7,94.3,6,42,28,66.67,72.71,74.13,80.69,77.32,81.89,75.78,79.55,14.7,25,82.98,77.3,Good,Training
E1446,Adyashankar Maheshwari,39,Information Technology,DevOps Engineer,Full-Time,Permanent,B4,13.7,4.5,94.1,6,23,18,78.26,83.92,80.1,82.05,92.08,78.63,78.65,88.81,10.8,50,99.29,84.54,Excellent,Incentive
E1447,Ashish Singhi,29,Operations,Process Analyst,Part-Time,12 Months,B2,2.6,1.6,96.2,5,25,21,84.0,75.72,83.42,70.46,81.05,60.93,75.51,65.38,2.8,25,84.79,79.1,Good,Incentive
E1448,Shreyash Khattar,48,Human Resources,Talent Acquisition Specialist,Contract,6 Months,B5,15.1,9.7,83.2,5,45,27,60.0,59.65,62.51,73.59,61.91,79.2,63.66,59.11,13.5,15,61.46,66.05,Average,Training
E1449,Sarika Soni,41,Information Technology,Software Engineer,Full-Time,Permanent,B4,12.3,8.6,93.5,8,31,25,80.65,72.13,80.62,73.05,84.13,63.05,76.32,85.93,16.2,20,68.27,78.41,Good,Incentive
E1450,Pratiksha Prasad,30,Human Resources,Talent Acquisition Specialist,Full-Time,Permanent,B2,4.7,1.0,97.9,2,28,20,71.43,78.47,72.9,78.18,81.16,60.4,70.82,68.13,1.8,15,51.13,75.58,Good,Training
E1451,Hritik Kannaujiya,53,Human Resources,HR Executive,Full-Time,Permanent,B5,16.0,15.3,90.9,7,26,17,65.38,71.31,71.24,77.37,81.52,69.07,77.14,82.64,0.0,40,78.1,75.38,Good,Training
E1452,Nandini Rajpurohit,23,Information Technology,System Administrator,Full-Time,Permanent,B1,0.8,0.3,97.5,8,37,28,75.68,71.62,76.52,81.5,85.39,59.64,74.07,86.42,6.5,15,57.68,77.98,Good,Incentive
E1453,Simran Govil,46,Customer Support,Support Executive,Contract,12 Months,B5,16.7,6.0,97.2,3,48,34,70.83,78.61,74.47,68.3,74.95,67.35,70.53,61.17,9.9,20,75.91,74.79,Good,Training
E1454,Sneha Jaitley,53,Human Resources,Talent Acquisition Specialist,Full-Time,Permanent,B5,28.2,3.3,84.0,9,43,27,62.79,68.58,70.37,71.24,62.87,76.27,72.5,72.31,13.2,40,97.32,71.55,Good,Training
E1455,Mandira Ahir,48,Marketing,Digital Marketing Specialist,Full-Time,Permanent,B4,11.7,8.4,96.9,2,21,18,85.71,85.07,81.75,78.85,70.9,66.46,83.39,86.81,0.0,15,58.76,81.26,Excellent,Incentive
E1456,Vijaya Khera,27,Sales,Sales Executive,Full-Time,Permanent,B2,4.2,3.8,99.5,7,32,24,75.0,72.56,77.2,83.0,90.44,68.57,75.03,86.16,7.0,10,62.66,79.78,Good,Incentive
E1457,Ramchandra Patwari,33,Information Technology,Software Engineer,Full-Time,Permanent,B4,9.3,3.3,91.7,7,28,24,85.71,87.24,88.69,82.21,89.22,65.89,83.74,81.14,11.2,25,84.02,85.41,Excellent,Incentive
E1458,Premlata Mahto,55,AI & Data Science,Data Analyst,Full-Time,Permanent,B5,27.0,8.1,97.2,0,36,22,61.11,64.53,67.26,65.68,58.79,81.57,67.42,59.56,6.6,25,81.65,68.9,Average,Training
E1459,Apoorv Deshpande,49,Information Technology,Software Engineer,Full-Time,Permanent,B3,7.7,7.2,91.2,3,36,24,66.67,72.73,65.82,72.09,77.72,64.3,72.02,85.18,2.0,5,41.8,71.65,Good,Training
E1460,Milind Tripathi,54,AI & Data Science,Data Analyst,Full-Time,Permanent,B4,11.9,3.4,74.9,17,42,26,61.9,61.53,65.1,63.17,64.19,55.55,68.26,72.47,0.0,15,61.51,64.55,Average,PIP
E1461,Pritika Jain,43,Customer Support,Support Analyst,Full-Time,Permanent,B4,13.6,2.9,88.6,12,36,20,55.56,55.35,61.93,69.64,66.25,75.54,66.22,69.18,10.7,25,69.97,65.9,Average,Training
E1462,Badal Ray,28,Information Technology,DevOps Engineer,Full-Time,Permanent,B2,3.7,0.6,96.6,0,23,18,78.26,76.47,77.57,81.06,85.2,64.72,77.71,84.32,0.0,15,62.35,79.64,Good,Incentive
E1463,Yogita Tripathi,44,Sales,Business Development Executive,Full-Time,Permanent,B5,19.6,5.3,91.6,10,34,22,64.71,71.18,67.09,78.75,77.26,89.33,70.84,71.17,5.9,30,78.26,74.63,Good,Training
E1464,Laxmi Poddar,36,Sales,Sales Executive,Full-Time,Permanent,B4,13.4,8.4,97.2,0,47,34,72.34,74.24,74.19,72.3,78.27,69.51,77.04,81.47,9.9,30,71.6,76.49,Good,Training
E1465,Rajnish Seth,35,Operations,Process Analyst,Part-Time,6 Months,B4,9.7,6.3,97.3,4,32,24,75.0,76.05,71.74,81.02,67.93,66.71,73.27,68.33,4.2,25,64.11,75.72,Good,Training
E1466,Neerja Saini,25,Sales,Account Manager,Contract,12 Months,B1,1.9,0.1,83.0,14,27,20,74.07,77.66,79.65,74.47,81.04,60.93,80.35,83.38,17.5,30,79.3,77.48,Good,Incentive
E1467,Narmada Kharwar,51,Marketing,Marketing Executive,Contract,12 Months,B3,8.7,6.4,97.3,7,35,26,74.29,73.21,75.45,82.44,86.03,77.17,71.2,70.46,12.5,15,58.36,78.0,Good,Incentive
E1468,Vishnu Agrawal,55,Information Technology,Software Engineer,Full-Time,Permanent,B5,32.5,16.6,92.3,3,26,21,80.77,72.4,74.18,66.72,74.49,78.08,75.18,74.81,4.2,25,82.61,76.32,Good,Training
E1469,Rani Kayasth,33,AI & Data Science,Data Scientist,Contract,24 Months,B3,5.4,2.9,94.9,4,20,13,65.0,72.17,69.52,79.61,77.45,72.05,72.09,86.03,0.0,30,89.49,76.16,Good,Training
E1470,Gagandeep Piramal,33,Marketing,Marketing Executive,Full-Time,Permanent,B4,10.8,8.6,90.4,9,16,12,75.0,66.92,68.68,72.26,70.58,73.88,71.29,73.84,0.0,30,77.39,73.35,Good,Training
E1471,Jwala Umrao,28,Marketing,Marketing Executive,Full-Time,Permanent,B1,1.6,0.3,92.1,3,40,32,80.0,74.57,75.26,83.4,70.16,65.84,73.46,86.0,1.9,30,79.16,78.43,Good,Incentive
E1472,Ajay Bandopadhyay,26,AI & Data Science,Data Analyst,Full-Time,Permanent,B2,3.7,0.5,92.9,6,30,17,56.67,68.4,61.45,67.23,68.68,64.56,63.56,64.37,5.8,15,49.57,66.32,Average,Training
E1473,Nandan Sengupta,48,Information Technology,Software Engineer,Full-Time,Permanent,B4,14.5,5.8,68.1,22,17,10,58.82,71.56,71.2,69.82,75.06,67.1,68.29,59.8,0.0,40,97.36,69.65,Average,PIP
E1474,Sundar Kher,34,Operations,Process Analyst,Full-Time,Permanent,B4,9.5,1.1,78.4,23,37,26,70.27,71.71,70.98,63.87,61.29,53.38,69.27,70.38,12.9,25,64.78,68.38,Average,Training
E1475,Sonia Advani,47,Information Technology,Software Engineer,Full-Time,Permanent,B5,21.2,4.0,97.5,3,15,9,60.0,67.52,64.34,69.39,78.99,87.58,72.39,77.9,0.0,10,51.06,71.28,Good,Training
E1476,Anokhi Bhati,45,Operations,Process Analyst,Full-Time,Permanent,B3,8.3,1.5,92.1,10,45,36,80.0,75.35,81.66,74.79,61.42,66.33,74.08,65.56,15.3,40,91.31,76.99,Good,Incentive
E1477,Govind Modanwal,40,Marketing,Marketing Executive,Full-Time,Permanent,B3,5.2,1.2,87.0,8,22,10,45.45,64.2,54.95,59.7,72.0,54.45,60.68,62.1,0.0,5,52.99,61.06,Average,Training
E1478,Manisha Dhoni,26,Operations,Operations Executive,Full-Time,Permanent,B2,2.3,1.5,87.1,5,46,29,63.04,75.39,67.45,64.4,70.16,57.61,74.31,79.61,15.2,25,79.5,70.82,Good,Training
E1479,Utkarsh Kayasth,51,Operations,Process Analyst,Full-Time,Permanent,B5,21.2,18.0,92.6,9,32,19,59.38,66.69,63.81,65.9,78.19,73.37,66.88,59.33,4.9,30,94.53,70.15,Good,Training
E1480,Ekta Guha,56,AI & Data Science,ML Engineer,Part-Time,6 Months,B4,14.8,9.6,91.1,8,24,16,66.67,72.1,65.52,72.27,81.17,65.58,70.92,81.13,1.5,30,85.74,73.88,Good,Training
E1481,Neeti Sisodia,38,Marketing,Marketing Analyst,Full-Time,Permanent,B2,4.3,2.1,96.8,5,15,7,46.67,57.93,55.2,69.28,80.26,56.51,59.06,68.76,0.5,10,56.54,64.11,Average,Training
E1482,Sangeet Khandelwal,30,Operations,Operations Manager,Part-Time,12 Months,B3,6.7,5.5,72.9,10,18,13,72.22,64.9,71.28,78.67,81.28,66.88,65.92,67.48,0.0,15,61.79,71.58,Good,Training
E1483,Ramprasad Sinha,30,AI & Data Science,Data Scientist,Full-Time,Permanent,B3,6.1,4.1,91.7,10,29,19,65.52,68.22,68.27,70.54,64.43,60.74,64.9,60.16,2.5,50,77.63,69.67,Average,Training
E1484,Suhasini Ambedkar,52,Sales,Business Development Executive,Contract,12 Months,B5,17.3,16.7,93.2,7,32,22,68.75,74.36,72.59,67.09,65.56,64.17,76.72,75.09,7.7,40,78.0,72.99,Good,Training
E1485,Kapil Gavaskar,39,Information Technology,DevOps Engineer,Part-Time,12 Months,B4,14.4,10.5,97.2,5,16,14,87.5,75.23,79.27,75.44,85.97,79.06,77.49,82.76,0.0,10,43.27,80.06,Excellent,Incentive
E1486,Devashish Sahu,46,Information Technology,System Administrator,Contract,12 Months,B4,14.1,3.4,97.2,5,40,27,67.5,71.0,67.39,66.32,72.56,69.17,66.96,68.19,10.8,20,74.33,71.74,Good,Training
E1487,Sajjan Lalwani,51,Sales,Account Manager,Full-Time,Permanent,B5,19.8,2.9,96.2,1,33,24,72.73,72.13,73.83,68.37,75.71,72.82,69.46,69.52,7.0,15,55.52,73.62,Good,Training
E1488,Akriti Maurya,31,Finance,Accountant,Part-Time,12 Months,B2,3.8,1.3,83.8,7,21,12,57.14,57.02,62.43,70.3,70.94,57.59,64.08,83.85,0.0,25,72.58,66.41,Average,Training
E1489,Yashaswi Kushwaha,50,AI & Data Science,Data Scientist,Contract,6 Months,B4,9.9,2.2,92.3,8,25,14,56.0,69.75,59.69,63.09,75.63,69.87,67.23,73.11,6.2,10,48.14,66.99,Average,Training
E1490,Sunidhi Raje,43,Operations,Process Analyst,Full-Time,Permanent,B3,8.5,7.8,91.1,7,26,20,76.92,73.62,75.41,78.24,68.7,62.26,75.21,64.03,0.0,10,64.22,74.89,Good,Training
E1491,Govardhan Umrao,24,Information Technology,Software Engineer,Part-Time,12 Months,B1,1.4,1.2,91.8,8,20,14,70.0,78.44,71.52,69.21,70.42,61.15,74.37,61.87,9.0,25,70.61,73.0,Good,Training
E1492,Prabhavati Dhanuka,49,Operations,Process Analyst,Contract,12 Months,B5,23.0,1.4,90.1,4,35,26,74.29,79.43,77.16,72.78,66.89,79.09,72.48,66.43,6.2,50,77.67,76.03,Good,Incentive
E1493,Janmejay Nautiyal,49,Operations,Process Analyst,Full-Time,Permanent,B5,25.7,16.5,81.4,15,38,30,78.95,73.11,75.6,82.7,70.8,80.89,74.46,69.07,12.6,20,76.38,76.81,Good,Incentive
E1494,Aradhya Rana,25,Human Resources,HR Analyst,Contract,12 Months,B1,1.4,1.3,91.9,6,25,15,60.0,72.4,65.18,78.98,64.36,48.59,65.84,60.37,5.1,30,89.83,70.34,Good,Training
E1495,Kripashankar Tanwar,32,Information Technology,Software Engineer,Full-Time,Permanent,B4,9.0,6.8,82.7,9,27,15,55.56,60.32,56.73,71.93,70.34,71.97,63.79,73.99,10.5,20,74.9,66.22,Average,Training
E1496,Ganesh Shorey,49,AI & Data Science,Data Analyst,Part-Time,6 Months,B4,14.7,5.0,73.9,12,43,21,48.84,52.35,59.43,57.26,69.12,65.7,61.1,71.11,13.8,5,47.68,59.26,Needs Improvement,PIP
E1497,Sudarshini Gadkari,23,Operations,Process Analyst,Contract,12 Months,B1,0.5,0.1,92.2,7,43,35,81.4,84.47,77.6,75.62,85.74,49.89,84.34,87.79,8.1,25,73.48,80.43,Excellent,Incentive
E1498,Diwakar Bhaskar,51,Marketing,Digital Marketing Specialist,Full-Time,Permanent,B4,11.1,8.9,90.9,3,35,25,71.43,75.93,75.22,69.37,76.29,67.54,73.97,75.92,0.0,15,66.28,74.7,Good,Training
E1499,Pradeep Kakkar,25,Sales,Sales Executive,Full-Time,Permanent,B1,1.2,0.1,96.8,2,20,15,75.0,82.1,80.77,84.7,73.51,65.4,74.67,65.67,0.0,20,62.68,78.84,Good,Incentive
E1500,Rupanjali Mathur,52,Marketing,Digital Marketing Specialist,Full-Time,Permanent,B4,10.8,2.0,96.2,6,29,18,62.07,73.37,66.88,73.21,68.76,74.77,70.52,61.98,0.5,25,87.4,72.56,Good,Training
E1501,Suruchi Hajariya,49,Sales,Business Development Executive,Full-Time,Permanent,B3,8.7,1.7,94.4,5,23,18,78.26,74.66,79.64,77.36,83.79,64.19,75.34,67.47,13.8,30,73.69,78.34,Good,Incentive
E1502,Deepshikha Kashyap,39,Customer Support,Support Executive,Full-Time,Permanent,B3,7.3,5.7,67.0,17,41,21,51.22,53.57,57.17,61.48,64.57,56.34,56.99,55.39,5.1,10,62.97,58.26,Needs Improvement,PIP
E1503,Shivaji Javdekar,51,Marketing,Marketing Analyst,Full-Time,Permanent,B5,15.8,7.4,72.5,25,30,18,60.0,71.61,62.81,68.38,77.38,79.49,64.64,66.45,5.2,5,52.28,67.55,Average,PIP
E1504,Gaurish Gautam,49,Operations,Operations Manager,Full-Time,Permanent,B5,16.7,15.3,84.2,7,26,18,69.23,67.34,69.05,67.02,73.97,76.42,67.83,59.85,6.5,25,77.34,70.79,Good,Training
E1505,Kritika Parekh,23,Marketing,Marketing Executive,Full-Time,Permanent,B1,0.7,0.1,94.0,10,33,26,78.79,72.05,74.49,68.66,66.81,58.42,74.91,78.0,5.6,40,93.44,75.42,Good,Training
E1506,Rajesh Baranwal,48,Sales,Sales Executive,Contract,12 Months,B5,21.6,5.0,93.0,5,22,13,59.09,70.27,68.44,74.37,79.09,83.12,70.14,76.09,1.5,20,66.69,72.84,Good,Training
E1507,Aditya Jha,45,Operations,Operations Manager,Contract,6 Months,B4,14.3,5.4,92.8,6,33,24,72.73,69.72,72.91,74.8,71.42,69.1,73.95,85.89,0.0,10,41.77,73.48,Good,Training
E1508,Nimish Sarkar,33,Human Resources,HR Analyst,Part-Time,12 Months,B3,8.9,2.5,88.1,14,25,16,64.0,64.99,63.51,73.96,60.93,59.69,62.51,63.89,8.8,15,62.05,67.28,Average,Training
E1509,Sacchidanand Gaonkar,27,Customer Support,Customer Success Associate,Contract,6 Months,B2,3.5,1.7,86.1,11,27,23,85.19,79.91,79.86,80.02,76.87,52.3,77.79,89.4,4.3,40,78.52,79.94,Good,Incentive
E1510,Kajal Sampla,39,Operations,Process Analyst,Full-Time,Permanent,B4,14.6,12.7,98.0,3,41,33,80.49,72.84,78.05,76.47,63.25,63.15,75.83,66.08,20.8,25,78.05,76.46,Good,Incentive
E1511,Anuj Menon,51,Sales,Business Development Executive,Contract,12 Months,B5,26.3,25.1,88.1,12,43,30,69.77,68.4,71.15,67.33,84.02,74.55,70.0,82.12,1.8,15,72.2,73.65,Good,Training
E1512,Nripendra Bakshi,33,Human Resources,Talent Acquisition Specialist,Full-Time,Permanent,B3,6.3,4.8,97.2,4,41,30,73.17,79.59,71.05,80.06,76.89,55.6,76.81,76.37,2.8,15,71.3,76.99,Good,Training
E1513,Shravan Bharadwaj,43,AI & Data Science,ML Engineer,Full-Time,Permanent,B5,16.4,0.4,65.6,18,28,16,57.14,55.74,61.57,64.3,76.85,67.39,65.1,68.14,2.7,20,77.87,63.98,Average,PIP
E1514,Mahesh Gadkari,48,AI & Data Science,Data Scientist,Full-Time,Permanent,B4,12.6,6.2,81.8,9,19,10,52.63,53.54,56.54,54.66,52.75,67.15,54.11,53.71,6.2,5,39.81,56.8,Needs Improvement,PIP
E1515,Kashyap Bansal,29,Information Technology,Software Engineer,Full-Time,Permanent,B2,4.7,0.6,93.8,4,36,22,61.11,69.14,68.49,72.62,78.4,69.63,69.53,69.18,4.8,30,71.92,71.94,Good,Training
E1516,Sonia Guru,29,Human Resources,HR Analyst,Contract,6 Months,B2,2.9,1.4,90.6,5,34,21,61.76,67.04,66.59,70.94,77.35,63.23,66.32,75.46,2.2,25,68.12,70.4,Good,Training
E1517,Vidya Phogat,27,Marketing,Marketing Executive,Full-Time,Permanent,B2,2.8,1.4,97.3,7,38,29,76.32,71.02,70.34,73.11,75.61,66.44,74.09,78.7,10.5,5,48.16,74.28,Good,Training
E1518,Ranjan Barjatya,26,Operations,Process Analyst,Full-Time,Permanent,B2,3.7,0.4,99.6,3,41,28,68.29,68.74,66.19,67.49,65.83,50.11,66.11,65.28,2.6,15,49.53,68.7,Average,Training
E1519,Tanvi Bhandari,42,Customer Support,Support Executive,Full-Time,Permanent,B4,11.3,5.2,80.5,12,29,19,65.52,73.52,67.19,72.54,61.9,72.76,69.12,66.75,0.0,30,86.84,70.83,Good,Training
E1520,Hema Bhadauria,51,Finance,Finance Executive,Full-Time,Permanent,B5,20.2,8.3,94.8,10,32,25,78.12,85.29,80.88,86.52,89.23,78.91,85.3,83.03,0.0,10,63.12,83.54,Excellent,Incentive
E1521,Ashok Rathore,41,Sales,Sales Executive,Full-Time,Permanent,B5,15.7,9.7,94.8,3,45,32,71.11,66.76,69.39,73.99,73.05,77.2,72.5,69.97,10.3,5,49.85,72.45,Good,Training
E1522,Reeta Jindal,50,Human Resources,HR Executive,Full-Time,Permanent,B5,27.0,4.0,93.8,6,30,21,70.0,64.04,66.5,69.71,63.86,67.48,65.1,71.15,16.7,20,74.46,70.21,Good,Training
E1523,Banshidhar Ghoshal,49,Information Technology,DevOps Engineer,Full-Time,Permanent,B5,20.1,4.5,92.3,4,24,20,83.33,86.37,84.32,86.34,82.35,83.75,85.92,81.52,0.0,10,45.34,83.35,Excellent,Incentive
E1524,Babulal Dhanuka,37,Finance,Financial Analyst,Full-Time,Permanent,B4,10.8,9.5,92.9,4,23,14,60.87,64.13,65.57,64.72,75.14,58.89,68.14,57.41,0.0,25,63.98,67.52,Average,Training
E1525,Anamika Bahl,23,AI & Data Science,Data Scientist,Full-Time,Permanent,B1,0.5,0.2,92.6,3,20,15,75.0,74.37,75.73,82.09,66.37,51.3,78.34,76.22,0.0,30,78.85,76.21,Good,Incentive
E1526,Neeru Bhansali,46,AI & Data Science,Data Analyst,Contract,24 Months,B4,12.0,4.6,87.9,15,24,14,58.33,59.01,57.63,61.19,56.49,64.25,63.74,57.33,2.8,5,35.94,60.93,Average,Training
E1527,Javitri Mukhopadhyay,56,AI & Data Science,Data Analyst,Full-Time,Permanent,B4,13.7,10.7,90.6,3,41,27,65.85,65.72,64.27,74.77,75.22,80.62,67.67,80.61,10.7,25,79.24,72.58,Good,Training
E1528,Rimsha Kohli,46,AI & Data Science,ML Engineer,Contract,12 Months,B5,18.0,11.2,91.6,4,28,19,67.86,75.47,67.8,68.3,70.92,73.65,75.85,80.88,0.0,40,88.38,74.1,Good,Training
E1529,Haushila Vishwakarma,25,AI & Data Science,Data Analyst,Full-Time,Permanent,B2,2.0,0.5,94.1,6,21,15,71.43,67.13,67.55,64.71,73.76,60.29,69.61,72.45,0.0,30,85.71,71.81,Good,Training
E1530,Mithilesh Adarsh,45,AI & Data Science,Data Scientist,Part-Time,12 Months,B3,6.5,3.2,90.4,9,21,18,85.71,79.52,84.29,85.49,79.17,62.38,84.28,90.81,0.0,20,67.06,82.43,Excellent,Incentive
E1531,Nishu Kedia,45,Human Resources,Talent Acquisition Specialist,Full-Time,Permanent,B4,11.0,3.1,71.1,22,38,19,50.0,59.31,58.37,58.05,65.35,70.62,63.13,61.87,5.9,15,59.07,60.24,Average,PIP
E1532,Sohan Chandra,53,Customer Support,Support Analyst,Full-Time,Permanent,B5,16.6,9.7,80.2,9,20,15,75.0,74.44,78.4,71.9,83.34,78.25,75.21,88.04,3.6,30,71.51,76.97,Good,Incentive
E1533,Gyanendra Sawant,28,Sales,Business Development Executive,Full-Time,Permanent,B2,2.1,2.0,94.7,3,42,35,83.33,80.01,77.51,80.51,72.85,56.01,80.38,84.41,11.9,25,77.11,79.85,Good,Incentive
E1534,Mithilesh Vishwakarma,32,Information Technology,Software Engineer,Full-Time,Permanent,B3,6.7,2.4,91.2,3,40,31,77.5,82.77,79.76,74.73,69.15,69.56,77.25,73.52,17.5,25,84.9,78.51,Good,Incentive
E1535,Anita Malode,43,Operations,Operations Executive,Full-Time,Permanent,B5,16.7,8.2,97.4,2,34,26,76.47,79.97,77.69,70.89,75.01,81.84,72.84,64.75,4.2,40,97.86,78.86,Good,Incentive
E1536,Avanti Yaduvanshi,25,Finance,Finance Executive,Full-Time,Permanent,B1,0.8,0.5,96.6,6,25,16,64.0,70.72,64.54,63.85,69.84,60.16,71.89,66.76,0.5,20,78.44,69.97,Average,Training
E1537,Vashishth Saxena,44,Information Technology,System Administrator,Full-Time,Permanent,B5,16.7,5.7,94.0,10,42,29,69.05,78.96,73.13,82.79,76.34,73.75,73.2,74.37,12.9,15,66.3,77.0,Good,Training
E1538,Raghavi Unadkat,50,Sales,Business Development Executive,Full-Time,Permanent,B5,15.8,11.8,87.4,10,23,17,73.91,66.26,67.83,61.22,62.07,64.1,71.52,68.5,9.0,25,86.34,69.85,Average,Training
E1539,Madhavi Goswami,27,Information Technology,System Administrator,Full-Time,Permanent,B2,2.6,0.6,96.7,0,37,25,67.57,71.36,67.33,72.0,74.99,58.48,68.2,65.07,5.1,15,58.73,71.43,Good,Training
E1540,Jatashankar Joshi,52,Marketing,Marketing Analyst,Contract,12 Months,B5,28.7,21.3,90.3,4,36,27,75.0,78.33,77.86,85.69,86.94,88.35,78.43,81.17,8.5,20,72.9,81.3,Excellent,Incentive
E1541,Dhyanendra Tandon,47,AI & Data Science,Data Scientist,Full-Time,Permanent,B5,15.2,13.2,96.2,4,26,21,80.77,73.15,77.91,78.21,72.82,65.8,72.78,71.53,7.0,25,81.99,78.01,Good,Incentive
E1542,Ganga Khaitan,36,Finance,Accountant,Full-Time,Permanent,B3,5.6,1.1,97.1,8,21,18,85.71,87.11,87.7,89.86,69.06,61.33,80.66,75.29,2.5,30,76.99,83.89,Excellent,Incentive
E1543,Prabhakar Lakhotia,38,Finance,Accountant,Full-Time,Permanent,B4,11.8,6.1,96.6,8,30,20,66.67,77.45,67.16,69.66,70.47,59.03,74.69,79.06,7.6,15,57.81,72.38,Good,Training
E1544,Meghna Singhaniya,43,Finance,Accountant,Contract,6 Months,B4,13.8,1.7,90.7,6,45,31,68.89,79.21,70.98,75.38,73.11,63.54,79.58,81.59,10.8,15,57.53,74.66,Good,Training
E1545,Virendra Kharwar,30,Information Technology,Software Engineer,Full-Time,Permanent,B3,7.2,6.2,96.2,6,29,20,68.97,66.82,64.76,69.84,78.05,66.58,69.76,76.58,3.6,25,83.4,72.8,Good,Training
E1546,Ketki Prajapati,53,Finance,Accountant,Contract,6 Months,B4,9.0,5.8,96.9,2,33,23,69.7,67.87,66.04,68.72,72.02,64.52,70.55,64.38,0.0,15,59.32,70.68,Good,Training
E1547,Nitesh Mondal,54,Marketing,Marketing Analyst,Full-Time,Permanent,B5,25.8,9.2,92.6,4,23,18,78.26,85.56,85.03,80.58,72.07,76.83,79.56,65.05,0.0,10,52.72,79.59,Good,Incentive
E1548,Rita Pujari,31,Operations,Operations Executive,Full-Time,Permanent,B3,7.0,4.1,94.2,5,41,31,75.61,83.6,80.54,78.83,70.62,63.52,75.63,69.04,7.9,20,67.09,78.03,Good,Incentive
E1549,Neel Swaraj,54,Operations,Operations Executive,Full-Time,Permanent,B5,16.2,10.7,96.7,1,31,27,87.1,78.21,83.62,73.68,74.68,65.73,81.07,83.97,5.5,40,97.92,81.96,Excellent,Incentive
E1550,Parmeshwar Pratap,39,Marketing,Digital Marketing Specialist,Full-Time,Permanent,B3,6.8,6.2,77.7,17,41,25,60.98,68.28,64.72,63.77,67.48,63.12,69.17,72.56,10.3,25,79.49,67.4,Average,Training
E1551,Varsha Garg,47,Sales,Account Manager,Full-Time,Permanent,B3,6.7,1.8,94.2,5,22,18,81.82,85.94,77.21,70.76,73.97,65.99,78.91,68.27,11.5,15,57.19,77.69,Good,Incentive
E1552,Babita Dutta,23,Sales,Account Manager,Contract,6 Months,B1,0.6,0.4,94.4,7,30,20,66.67,73.22,73.63,79.82,72.94,54.04,75.5,82.5,4.5,20,68.09,74.74,Good,Training
E1553,Vasundhara Kanetkar,39,Information Technology,Software Engineer,Full-Time,Permanent,B3,8.9,2.1,66.5,25,20,8,40.0,50.82,52.88,63.36,70.18,55.46,58.34,58.65,0.0,30,92.43,57.97,Needs Improvement,PIP
E1554,Viral Kothari,46,Marketing,Marketing Executive,Full-Time,Permanent,B5,20.8,4.4,97.3,0,24,20,83.33,84.24,86.46,77.67,77.07,88.46,83.79,85.68,0.0,20,75.69,83.87,Excellent,Incentive
E1555,Sukriti Khemka,37,Sales,Sales Executive,Full-Time,Permanent,B3,7.3,4.0,97.2,1,32,22,68.75,74.19,74.29,72.25,75.14,68.38,76.44,78.38,0.0,40,95.41,76.59,Good,Training
E1556,Damini Gavaskar,28,Operations,Process Analyst,Full-Time,Permanent,B2,4.0,0.5,93.7,7,40,25,62.5,60.57,63.68,63.88,62.14,54.24,61.43,65.02,12.8,25,75.93,66.01,Average,Training
E1557,Anju Unadkat,45,Marketing,Digital Marketing Specialist,Contract,12 Months,B4,12.0,8.9,80.0,6,36,27,75.0,78.5,74.84,67.77,68.44,72.51,77.53,83.9,4.9,20,72.14,74.56,Good,Training
E1558,Sarthak Chouhan,39,Operations,Operations Executive,Full-Time,Permanent,B5,16.5,3.3,67.3,12,28,21,75.0,70.58,70.39,72.82,72.96,81.58,68.13,65.01,0.0,5,34.47,69.8,Average,PIP
E1559,Mithilesh Bhasin,51,Sales,Sales Executive,Full-Time,Permanent,B5,18.8,6.5,91.9,6,31,25,80.65,72.61,75.63,71.92,70.21,75.76,71.29,68.21,0.0,15,49.32,74.56,Good,Training
E1560,Mukti Mukherjee,28,Sales,Business Development Executive,Contract,24 Months,B2,2.6,0.9,92.1,8,48,35,72.92,69.23,76.91,79.71,83.87,58.35,77.37,77.73,17.5,25,79.11,77.04,Good,Incentive
E1561,Rajeev Pratap,25,Finance,Financial Analyst,Contract,12 Months,B2,2.8,1.9,93.7,3,28,23,82.14,73.15,81.17,84.61,76.24,64.57,73.78,73.32,7.0,25,75.92,79.53,Good,Incentive
E1562,Brajesh Scindia,34,Operations,Operations Manager,Full-Time,Permanent,B3,8.3,1.6,93.6,2,17,11,64.71,73.78,64.98,73.4,85.29,72.42,73.82,84.44,7.0,10,59.67,73.94,Good,Training
E1563,Meena Goyal,23,Information Technology,DevOps Engineer,Full-Time,Permanent,B1,0.3,0.0,97.6,1,33,26,78.79,69.44,72.5,70.02,68.29,49.02,77.39,81.41,5.5,15,49.85,73.08,Good,Training
E1564,Gangotri Bhattacharya,48,Information Technology,DevOps Engineer,Full-Time,Permanent,B5,25.7,9.1,91.4,4,27,21,77.78,70.3,72.01,73.3,67.09,69.71,74.8,86.47,11.1,20,76.38,75.23,Good,Training
E1565,Vedika Gautam,54,Information Technology,Software Engineer,Full-Time,Permanent,B4,14.8,4.4,91.7,9,23,17,73.91,72.0,76.06,78.97,82.24,83.64,73.25,68.29,5.9,40,90.2,78.3,Good,Incentive
E1566,Foolkumari Rathore,26,Information Technology,Software Engineer,Contract,6 Months,B1,1.3,1.2,71.8,15,22,14,63.64,70.73,70.42,67.58,81.62,55.65,74.89,84.02,0.0,15,58.4,69.85,Average,PIP
E1567,Shikha Gehlot,41,Human Resources,HR Executive,Full-Time,Permanent,B4,11.5,2.6,85.0,6,24,14,58.33,63.61,59.49,73.11,63.81,73.46,63.03,68.85,3.8,30,73.19,66.99,Average,Training
E1568,Tamanna Narayan,57,Sales,Account Manager,Contract,12 Months,B4,10.3,6.6,82.3,8,35,29,82.86,75.73,74.3,68.91,79.38,75.48,76.37,76.6,15.9,20,59.52,75.84,Good,Training
E1569,Poornima Bhaskar,55,Information Technology,Cloud Engineer,Part-Time,6 Months,B5,28.8,17.4,90.2,9,18,9,50.0,62.05,55.31,72.4,65.91,80.82,61.43,66.19,0.0,40,95.05,66.75,Average,Training
E1570,Kunal Patel,26,Customer Support,Support Executive,Full-Time,Permanent,B2,3.5,2.5,97.4,5,30,22,73.33,65.97,73.26,77.89,67.68,53.26,68.3,66.84,7.7,15,68.09,72.9,Good,Training
E1571,Richa Agrawal,51,AI & Data Science,Data Analyst,Contract,24 Months,B3,7.4,0.4,90.8,9,32,20,62.5,70.69,65.26,64.03,78.73,62.13,72.28,70.55,0.1,25,65.16,69.83,Average,Training
E1572,Virat Shah,55,Sales,Sales Executive,Full-Time,Permanent,B5,22.8,20.5,91.1,4,30,16,53.33,61.17,64.01,69.69,71.2,74.62,65.44,70.81,7.1,25,65.51,67.28,Average,Training
E1573,Upendra Rastogi,41,Information Technology,System Administrator,Full-Time,Permanent,B3,8.9,7.2,91.1,6,46,33,71.74,70.76,73.53,81.61,86.47,70.33,77.71,81.04,13.6,30,88.37,78.28,Good,Training
E1574,Aarti Chandravanshi,27,Information Technology,Software Engineer,Contract,6 Months,B2,4.3,2.2,86.6,12,27,17,62.96,68.38,66.13,73.36,83.78,59.82,72.01,74.64,0.0,5,52.14,70.59,Good,Training
E1575,Ravindra Negi,28,Sales,Sales Executive,Full-Time,Permanent,B2,3.3,0.9,81.3,5,38,28,73.68,68.19,76.73,67.48,64.02,52.16,74.15,62.26,2.6,15,63.53,70.05,Good,Training
E1576,Sanjeet Jaiswal,57,Human Resources,HR Executive,Full-Time,Permanent,B5,33.3,10.2,73.7,25,16,7,43.75,55.48,51.31,60.41,67.53,67.8,58.31,57.79,0.0,15,63.46,58.13,Needs Improvement,PIP
E1577,Dheeraj Maken,38,Information Technology,Software Engineer,Full-Time,Permanent,B3,8.4,0.7,99.7,4,33,27,81.82,77.58,75.3,71.57,72.06,66.44,76.19,73.13,3.3,40,86.7,78.24,Good,Incentive
E1578,Rangnath Kanetkar,32,Human Resources,HR Analyst,Full-Time,Permanent,B4,9.6,4.2,82.7,11,27,16,59.26,62.62,61.67,67.66,75.39,56.08,68.85,68.61,9.5,25,67.76,66.56,Average,Training
E1579,Mansa Talwar,53,Operations,Process Analyst,Contract,6 Months,B5,20.1,6.7,87.1,11,25,18,72.0,74.29,76.33,73.2,82.92,75.68,78.67,76.62,5.9,30,82.2,77.03,Good,Incentive
E1580,Parthivi Shah,45,Operations,Process Analyst,Full-Time,Permanent,B5,22.3,16.2,81.6,15,41,28,68.29,66.11,70.25,77.44,77.57,73.77,72.13,87.81,14.8,40,82.46,74.04,Good,Training
E1581,Srishti Nautiyal,44,AI & Data Science,ML Engineer,Full-Time,Permanent,B3,8.3,6.8,93.7,10,31,21,67.74,78.26,77.3,78.77,84.25,69.79,78.88,67.31,11.9,25,82.41,78.03,Good,Incentive
E1582,Aparna Sood,30,Customer Support,Customer Success Associate,Full-Time,Permanent,B3,6.8,1.6,80.4,13,37,26,70.27,67.16,71.69,78.17,77.2,57.67,72.35,76.35,3.1,15,59.22,72.13,Good,Training
E1583,Subhash Srivastava,25,Operations,Operations Manager,Full-Time,Permanent,B1,1.9,1.8,88.7,13,15,9,60.0,58.09,64.07,60.41,62.53,48.92,64.27,81.0,0.0,5,36.33,63.03,Average,Training
E1584,Somesh Thackeray,41,Information Technology,DevOps Engineer,Full-Time,Permanent,B5,16.5,10.5,93.4,6,39,27,69.23,62.58,68.59,61.97,63.14,62.94,68.75,70.05,6.4,20,59.68,68.08,Average,Training
E1585,Sanjeev Gandhi,38,Human Resources,HR Executive,Part-Time,6 Months,B3,5.2,4.0,91.6,2,15,12,80.0,81.74,81.51,82.02,84.48,57.33,80.4,81.88,4.0,40,95.52,82.15,Excellent,Incentive
E1586,Rangnath Ahir,55,Finance,Financial Analyst,Full-Time,Permanent,B5,29.6,26.9,91.9,3,25,18,72.0,69.28,71.58,71.07,69.56,79.95,72.62,62.75,0.0,25,73.8,73.19,Good,Training
E1587,Balraj Soman,33,Finance,Financial Analyst,Full-Time,Permanent,B2,4.8,0.2,88.9,13,15,12,80.0,84.57,81.05,83.79,81.23,66.74,77.07,72.44,0.0,25,62.82,80.38,Excellent,Incentive
E1588,Kamala Gupta,34,Information Technology,Software Engineer,Full-Time,Permanent,B4,9.1,6.9,84.1,7,26,17,65.38,62.58,70.01,76.62,63.09,63.01,67.62,63.08,5.4,30,74.14,69.3,Average,Training
E1589,Avichal Kharwar,55,Finance,Financial Analyst,Full-Time,Permanent,B4,10.3,4.6,87.2,12,32,22,68.75,69.39,66.58,71.94,61.76,58.61,67.35,63.74,5.9,20,74.49,69.6,Average,Training
E1590,Vaibhav Dholakia,50,Marketing,Marketing Executive,Full-Time,Permanent,B5,23.9,22.5,87.7,9,36,26,72.22,64.65,73.05,64.24,77.85,69.72,69.54,72.52,11.0,20,74.88,72.01,Good,Training
E1591,Uddhav Verma,55,Finance,Financial Analyst,Full-Time,Permanent,B5,31.2,13.9,84.5,9,28,20,71.43,71.84,72.21,77.19,81.12,90.45,74.53,76.62,0.0,30,78.49,76.47,Good,Training
E1592,Bipin Sen,41,Sales,Sales Executive,Full-Time,Permanent,B3,7.1,1.2,94.9,5,49,34,69.39,75.29,73.06,75.43,76.14,71.3,69.48,64.21,19.1,20,57.25,74.19,Good,Training
E1593,Roshan Baghel,24,Information Technology,System Administrator,Full-Time,Permanent,B1,1.1,0.0,97.2,5,20,16,80.0,72.63,71.84,69.9,68.88,57.46,68.71,61.16,8.6,30,81.52,74.21,Good,Training
E1594,Prabhavati Shah,26,Human Resources,Talent Acquisition Specialist,Full-Time,Permanent,B2,2.3,1.2,91.0,3,25,13,52.0,66.95,64.69,64.57,72.69,56.43,64.16,58.12,0.0,15,64.62,65.77,Average,Training
E1595,Chandrama Rastogi,42,Finance,Accountant,Contract,6 Months,B5,20.0,19.0,88.2,11,35,23,65.71,74.14,69.54,71.53,78.76,76.72,72.91,84.1,6.5,20,69.21,73.98,Good,Training
E1596,Nityanand Shirke,37,Information Technology,Software Engineer,Contract,12 Months,B4,12.3,0.5,97.3,8,15,13,86.67,78.24,86.24,88.31,78.5,68.07,79.65,75.22,0.0,10,61.55,82.72,Excellent,Incentive
E1597,Dhyanendra Umrao,45,Customer Support,Customer Success Associate,Full-Time,Permanent,B3,8.9,2.4,92.4,5,31,23,74.19,78.13,75.72,84.44,84.57,76.92,76.88,90.08,2.4,20,72.11,80.37,Excellent,Incentive
E1598,Harihar Mahajan,51,AI & Data Science,Data Analyst,Full-Time,Permanent,B5,18.2,12.1,85.5,13,29,23,79.31,82.45,77.41,74.08,70.82,77.97,74.12,65.22,1.2,30,79.82,77.48,Good,Incentive
E1599,Nisha Kulkarni,51,Marketing,Digital Marketing Specialist,Full-Time,Permanent,B5,21.6,8.8,96.3,3,25,19,76.0,83.93,82.24,85.91,90.81,93.54,83.99,88.99,4.7,20,61.15,84.31,Excellent,Incentive
E1600,Anurag Bhasin,32,Sales,Sales Executive,Full-Time,Permanent,B3,7.7,2.0,91.7,8,26,15,57.69,62.02,65.66,68.51,80.37,58.34,66.39,69.3,3.8,15,54.16,67.7,Average,Training
E1601,Anusha Pratap,30,Customer Support,Support Executive,Contract,6 Months,B2,2.5,0.3,88.0,9,43,34,79.07,86.25,79.09,81.93,81.79,63.34,78.72,68.38,8.5,30,79.46,80.43,Excellent,Incentive
E1602,Anupam Narula,51,Information Technology,Software Engineer,Contract,12 Months,B4,13.2,6.5,94.5,8,24,13,54.17,55.83,59.88,64.18,64.55,70.57,61.17,67.68,11.4,25,78.04,64.89,Average,Training
E1603,Rani Srivastava,24,Marketing,Marketing Executive,Full-Time,Permanent,B1,0.5,0.2,96.5,1,40,24,60.0,65.76,68.58,69.77,82.87,62.8,66.46,74.3,18.8,25,69.0,71.18,Good,Training
E1604,Kalicharan Khandelwal,27,Sales,Sales Executive,Full-Time,Permanent,B2,4.9,4.4,84.3,15,41,21,51.22,65.25,59.73,60.64,56.81,59.37,60.57,60.26,8.1,15,57.89,61.54,Average,Training
E1605,Marutanjali Singhal,27,Human Resources,HR Analyst,Full-Time,Permanent,B2,4.5,2.8,84.0,9,34,25,73.53,67.09,74.69,78.13,78.87,61.77,77.71,83.86,3.6,5,34.44,73.19,Good,Training
E1606,Pranita Kamat,42,Human Resources,HR Executive,Full-Time,Permanent,B3,7.5,0.0,91.0,8,16,12,75.0,66.28,69.49,62.79,73.65,61.85,74.22,82.13,0.0,25,82.23,72.52,Good,Training
E1607,Prasoon Chaurasiya,49,Customer Support,Support Executive,Full-Time,Permanent,B3,8.4,6.3,91.5,7,27,19,70.37,78.12,75.19,80.46,84.83,73.13,76.58,79.64,5.6,40,91.18,79.28,Good,Incentive
E1608,Priyanshi Mondal,29,Operations,Operations Executive,Full-Time,Permanent,B3,5.1,1.1,91.2,10,49,37,75.51,73.99,77.06,73.02,73.82,68.07,73.34,71.29,12.4,25,84.18,76.28,Good,Incentive
E1609,Anita Wahal,32,Sales,Business Development Executive,Full-Time,Permanent,B3,8.2,4.0,92.5,5,20,14,70.0,68.95,70.62,73.04,77.69,65.67,74.75,78.04,0.0,20,73.0,73.98,Good,Training
E1610,Ajay Kushwaha,57,Marketing,Digital Marketing Specialist,Full-Time,Permanent,B5,22.8,7.2,97.6,3,33,26,78.79,69.69,72.21,80.84,65.51,72.71,71.16,74.08,9.9,25,72.75,76.08,Good,Training
E1611,Gangotri Nagar,46,Operations,Process Analyst,Full-Time,Permanent,B5,18.2,16.5,94.5,7,22,15,68.18,75.77,68.07,65.22,67.19,76.43,69.99,65.42,3.2,10,40.58,70.38,Good,Training
E1612,Drupad Biswas,44,Marketing,Marketing Executive,Full-Time,Permanent,B5,18.5,11.7,83.4,10,20,16,80.0,83.52,81.64,79.27,81.57,81.89,76.64,76.11,0.0,20,77.36,80.76,Excellent,Incentive
E1613,Ridhima Ganguly,49,Operations,Process Analyst,Contract,24 Months,B5,23.2,18.5,94.6,4,30,25,83.33,73.0,74.75,71.44,77.59,75.61,75.56,82.8,0.0,10,52.29,76.91,Good,Training
E1614,Mudrika Ghoshal,42,Operations,Process Analyst,Full-Time,Permanent,B3,7.6,2.1,94.2,8,30,23,76.67,82.69,75.53,79.31,80.42,67.94,80.98,76.08,1.1,25,66.06,79.15,Good,Incentive
E1615,Ankush Patwari,42,Information Technology,System Administrator,Full-Time,Permanent,B3,8.9,0.8,90.4,4,29,20,68.97,64.84,69.37,67.06,69.02,66.2,70.3,82.58,3.6,40,96.77,72.27,Good,Training
E1616,Komal Pawar,42,Information Technology,Software Engineer,Full-Time,Permanent,B3,7.0,3.0,82.4,13,26,20,76.92,69.96,73.08,68.53,68.75,52.87,71.86,66.49,0.0,25,67.22,71.31,Good,Training
E1617,Rishabh Gupta,24,Sales,Account Manager,Contract,6 Months,B1,1.5,1.0,66.4,12,30,19,63.33,60.15,68.39,66.62,69.24,59.29,72.53,85.12,5.7,20,62.03,66.29,Average,PIP
E1618,Archita Sampla,56,Sales,Account Manager,Full-Time,Permanent,B4,13.1,0.2,91.0,5,30,20,66.67,76.77,72.27,78.4,67.71,71.96,78.87,80.37,10.9,20,79.41,75.52,Good,Training
E1619,Suneeti Ganguly,28,Operations,Process Analyst,Contract,12 Months,B2,4.9,2.2,83.1,10,39,28,71.79,79.66,72.27,82.06,79.72,69.09,77.18,76.34,12.0,30,72.7,76.91,Good,Training
E1620,Jagannath Ketkar,32,Marketing,Digital Marketing Specialist,Full-Time,Permanent,B2,4.3,0.2,93.8,5,37,27,72.97,69.3,73.62,79.65,78.02,70.59,69.95,67.8,16.7,25,70.37,75.45,Good,Training
E1621,Rajeev Soni,54,AI & Data Science,Data Scientist,Full-Time,Permanent,B5,27.2,11.5,91.4,3,25,17,68.0,72.76,67.3,77.05,73.76,78.88,67.41,68.63,15.3,50,89.06,74.48,Good,Training
E1622,Sharad Dutta,24,AI & Data Science,Data Analyst,Part-Time,12 Months,B1,0.9,0.2,83.9,10,35,20,57.14,70.71,63.91,72.41,76.08,60.39,66.33,62.72,2.1,25,73.85,68.79,Average,Training
E1623,Naitik Nahar,23,Marketing,Digital Marketing Specialist,Full-Time,Permanent,B1,0.8,0.5,74.4,19,41,29,70.73,74.03,77.26,73.63,79.36,48.49,78.31,81.3,6.8,30,86.42,74.45,Good,Training
E1624,Shubhangi Bedi,47,Information Technology,Software Engineer,Full-Time,Permanent,B5,17.2,0.5,70.2,19,19,14,73.68,82.51,80.82,83.36,77.9,75.86,79.21,74.84,0.0,5,34.23,76.07,Good,Incentive
E1625,Narayani Advani,37,Sales,Business Development Executive,Full-Time,Permanent,B4,11.5,4.3,97.5,3,33,26,78.79,77.29,80.09,85.54,87.53,81.6,81.9,89.75,13.7,25,74.04,83.12,Excellent,Incentive
E1626,Premnath Shandilya,43,Information Technology,DevOps Engineer,Full-Time,Permanent,B4,9.2,3.8,82.7,12,33,24,72.73,75.59,77.2,80.33,70.7,66.39,78.24,73.62,9.2,20,62.21,75.24,Good,Incentive
E1627,Kamlesh Mandal,44,Operations,Operations Manager,Part-Time,12 Months,B4,13.6,12.2,80.8,10,16,10,62.5,65.53,69.91,70.97,70.02,74.12,67.09,73.2,0.0,25,64.52,69.37,Average,Training
E1628,Premlata Umar,52,Customer Support,Support Analyst,Contract,24 Months,B4,12.9,12.1,82.3,15,20,12,60.0,62.48,67.69,65.68,64.52,73.77,66.9,76.59,8.5,25,72.88,67.57,Average,Training
E1629,Satish Maurya,50,Information Technology,Software Engineer,Full-Time,Permanent,B4,10.1,4.0,93.0,3,19,13,68.42,73.19,70.7,74.01,86.09,70.39,76.58,83.4,4.2,25,75.64,76.16,Good,Training
E1630,Bhagwati Deol,26,Marketing,Marketing Analyst,Full-Time,Permanent,B1,1.5,0.9,81.8,14,20,10,50.0,53.16,54.58,62.48,60.61,45.85,60.85,56.2,0.0,10,47.04,57.77,Needs Improvement,PIP
E1631,Rajkumar Goel,31,Human Resources,Talent Acquisition Specialist,Part-Time,6 Months,B3,6.1,3.1,92.3,2,36,26,72.22,70.79,70.73,77.7,78.01,57.78,65.82,61.19,10.0,15,65.92,73.28,Good,Training
E1632,Pratigya Nahar,23,Human Resources,HR Analyst,Full-Time,Permanent,B1,0.7,0.2,76.2,10,16,12,75.0,70.05,75.71,73.5,76.26,52.06,71.25,61.52,2.8,30,77.62,72.51,Good,Training
E1633,Vaagishwari More,31,AI & Data Science,Data Analyst,Part-Time,12 Months,B2,2.8,1.6,90.8,5,37,23,62.16,57.96,66.69,73.66,80.44,55.93,68.78,77.75,6.2,10,48.37,68.74,Average,Training
E1634,Rajat Pandey,54,Sales,Sales Executive,Part-Time,12 Months,B5,19.6,11.8,96.4,6,33,23,69.7,69.54,67.99,73.47,73.28,72.68,69.76,85.27,7.9,15,57.85,73.35,Good,Training
E1635,Puja Dogra,39,Information Technology,Software Engineer,Contract,12 Months,B4,12.0,8.6,93.0,2,22,16,72.73,73.36,70.59,75.15,77.74,73.22,68.55,65.85,1.0,30,81.21,75.29,Good,Training
E1636,Premlata Thakkar,49,Operations,Process Analyst,Full-Time,Permanent,B5,23.2,19.2,90.3,8,36,26,72.22,72.4,68.45,76.8,80.16,79.4,67.09,63.85,12.6,30,85.56,75.32,Good,Training
E1637,Rakshit Gond,57,AI & Data Science,Data Analyst,Contract,6 Months,B5,22.1,19.9,97.8,1,30,19,63.33,60.78,65.64,66.68,72.69,72.64,67.89,68.67,1.1,20,63.66,69.16,Average,Training
E1638,Kesari Gujjar,43,AI & Data Science,Data Analyst,Full-Time,Permanent,B4,9.5,8.8,90.1,4,38,23,60.53,62.18,67.56,70.23,75.17,69.87,65.06,66.72,11.5,40,86.45,70.01,Good,Training
E1639,Deepshikha Shorey,50,Sales,Sales Executive,Full-Time,Permanent,B5,24.7,8.5,87.0,5,42,25,59.52,71.85,70.44,75.84,80.73,85.51,72.95,76.89,13.2,25,86.82,74.53,Good,Training
E1640,Anokhi Bahuguna,26,Operations,Operations Manager,Full-Time,Permanent,B1,1.9,0.3,92.1,3,32,23,71.88,77.78,76.28,74.63,76.49,49.08,80.71,80.81,8.7,10,56.72,75.31,Good,Incentive
E1641,Kailash Chaudhari,31,Sales,Business Development Executive,Full-Time,Permanent,B3,8.6,1.4,92.9,8,32,23,71.88,79.14,74.33,70.86,59.98,64.1,71.85,64.59,6.9,50,84.38,73.97,Good,Training
E1642,Seema Dabral,41,Finance,Financial Analyst,Full-Time,Permanent,B2,4.8,1.9,97.0,4,21,15,71.43,74.24,73.02,65.86,77.11,53.51,70.31,65.74,0.0,20,73.15,73.23,Good,Training
E1643,Bhupendra Bisht,39,Customer Support,Support Analyst,Full-Time,Permanent,B4,10.6,10.2,90.3,7,36,25,69.44,79.58,73.39,68.93,72.0,74.54,74.64,82.78,5.4,30,80.49,75.55,Good,Training
E1644,Prabhavati Vyas,42,Operations,Operations Manager,Full-Time,Permanent,B4,13.5,7.0,87.6,9,27,21,77.78,70.19,72.72,77.92,67.07,62.23,77.41,82.66,1.8,25,86.65,75.71,Good,Training
E1645,Abhay Mehta,45,Finance,Finance Executive,Full-Time,Permanent,B4,13.4,10.2,82.8,12,24,20,83.33,75.93,78.09,77.74,81.78,65.12,79.17,85.11,3.9,25,86.16,79.5,Good,Incentive
E1646,Chetana Acharya,55,Finance,Financial Analyst,Full-Time,Permanent,B3,8.6,2.5,97.1,4,35,28,80.0,83.38,76.93,80.15,84.01,70.08,72.91,65.77,9.0,30,85.03,80.87,Excellent,Incentive
E1647,Abhigyan Atlani,27,Sales,Sales Executive,Part-Time,12 Months,B2,3.4,2.1,92.9,5,44,36,81.82,84.19,78.75,79.54,74.44,59.45,81.8,75.45,18.9,30,91.04,80.77,Excellent,Incentive
E1648,Samraggi Jalan,56,Operations,Operations Manager,Full-Time,Permanent,B4,13.9,8.5,97.1,8,29,25,86.21,78.55,82.98,81.75,64.72,66.29,74.92,65.12,6.1,25,76.71,79.76,Good,Incentive
E1649,Baikunth Goyal,25,Information Technology,DevOps Engineer,Full-Time,Permanent,B1,1.1,0.0,88.4,13,17,13,76.47,76.85,72.48,69.61,66.62,52.56,75.68,83.24,0.0,20,66.31,73.7,Good,Training
E1650,Jayprakash Gadkari,55,Marketing,Digital Marketing Specialist,Part-Time,6 Months,B4,9.7,1.5,98.0,5,40,28,70.0,70.66,66.57,70.6,68.08,67.62,67.93,79.16,17.9,20,64.45,72.24,Good,Training
E1651,Prateeksha Kamal,40,AI & Data Science,AI Engineer,Full-Time,Permanent,B4,14.8,7.0,96.8,5,29,22,75.86,67.93,77.15,70.27,75.88,67.9,74.34,83.64,3.0,15,56.41,75.06,Good,Incentive
E1652,Aviral Azad,32,Sales,Account Manager,Full-Time,Permanent,B3,8.6,7.1,94.9,7,19,11,57.89,67.73,66.3,77.54,65.75,57.31,70.11,75.91,0.0,40,94.05,71.35,Good,Training
E1653,Praveen Prajapati,41,Sales,Business Development Executive,Full-Time,Permanent,B3,8.1,7.0,71.4,19,43,26,60.47,64.16,69.6,72.74,68.37,69.57,70.78,61.26,18.3,15,65.88,67.4,Average,PIP
E1654,Kailash Verma,35,Human Resources,HR Analyst,Full-Time,Permanent,B3,8.0,4.1,91.2,6,26,17,65.38,66.59,69.61,76.94,79.35,61.5,72.93,82.04,3.4,40,78.46,73.58,Good,Training
E1655,Shivanshi Bala,25,Information Technology,Software Engineer,Contract,12 Months,B2,2.4,2.0,97.3,6,21,15,71.43,73.3,67.87,74.17,87.2,68.9,75.13,81.73,5.2,20,71.63,76.34,Good,Training
E1656,Amrita Hazari,23,Customer Support,Support Executive,Contract,24 Months,B1,0.4,0.2,97.9,3,55,43,78.18,68.75,76.09,71.15,77.2,59.36,77.96,87.83,14.4,25,72.83,76.53,Good,Incentive
E1657,Anirudh Chandrachud,49,Operations,Operations Executive,Full-Time,Permanent,B5,26.0,2.3,97.9,3,24,18,75.0,75.18,77.04,82.28,87.66,78.44,75.72,84.5,0.0,10,52.55,79.54,Good,Incentive
E1658,Sagarika Kushwaha,39,Information Technology,DevOps Engineer,Full-Time,Permanent,B3,8.3,7.4,97.8,1,23,14,60.87,70.47,62.57,64.21,59.32,66.57,65.16,67.13,0.0,15,59.37,67.34,Average,Training
E1659,Hansvi Awasthi,28,AI & Data Science,AI Engineer,Full-Time,Permanent,B2,4.9,4.7,90.5,10,33,21,63.64,71.36,70.16,65.02,73.94,55.77,69.77,61.85,9.4,40,82.84,70.48,Good,Training
E1660,Munni Shukla,50,Human Resources,HR Executive,Full-Time,Permanent,B5,24.3,22.9,80.2,7,26,14,53.85,62.03,57.71,66.56,67.73,75.59,67.59,73.59,8.5,15,52.73,64.29,Average,Training
E1661,Kalpana Mohapatra,31,AI & Data Science,Data Analyst,Full-Time,Permanent,B2,2.9,0.5,94.5,10,44,37,84.09,72.41,82.63,80.92,79.04,60.94,79.3,75.4,13.5,15,49.52,78.62,Good,Incentive
E1662,Rupesh Kulkarni,43,Information Technology,Cloud Engineer,Full-Time,Permanent,B5,21.0,0.7,96.1,1,27,20,74.07,72.86,76.52,73.87,89.32,82.77,76.53,88.35,0.0,20,56.81,78.36,Good,Incentive
E1663,Rohan Gujral,37,Information Technology,Cloud Engineer,Contract,12 Months,B3,5.5,4.9,93.8,3,35,29,82.86,71.39,75.4,72.98,75.74,66.2,73.28,61.83,6.9,15,57.24,75.28,Good,Incentive
E1664,Sandeep Sampla,56,Marketing,Digital Marketing Specialist,Full-Time,Permanent,B5,24.1,8.1,93.2,3,44,32,72.73,79.17,74.24,81.35,75.32,89.76,77.85,87.48,3.2,25,76.14,79.54,Good,Training
E1665,Sumitra Chaubey,33,Operations,Operations Executive,Part-Time,6 Months,B3,6.3,0.4,86.1,7,48,32,66.67,64.54,67.84,64.18,63.59,63.68,66.95,64.43,16.2,5,44.1,66.41,Average,Training
E1666,Rishikesh Nahar,35,AI & Data Science,Data Scientist,Full-Time,Permanent,B4,12.9,8.2,94.2,8,29,22,75.86,68.46,73.51,68.11,63.61,60.07,72.56,65.34,0.0,15,61.87,71.66,Good,Training
E1667,Upasana Mahajan,29,Sales,Sales Executive,Full-Time,Permanent,B3,5.9,3.3,86.8,14,25,21,84.0,74.84,82.2,72.24,87.33,56.2,82.29,88.35,5.0,40,92.0,80.35,Excellent,Incentive
E1668,Rajkumar Gehlot,46,Operations,Process Analyst,Full-Time,Permanent,B5,20.7,8.6,91.7,2,30,18,60.0,69.79,66.2,65.42,68.13,83.51,67.42,76.69,10.4,40,82.38,70.69,Good,Training
E1669,Bharat Jain,37,Human Resources,HR Analyst,Full-Time,Permanent,B3,6.6,2.6,88.8,13,22,17,77.27,76.58,74.39,67.23,85.94,71.7,79.66,84.28,0.0,15,62.4,76.7,Good,Training
E1670,Abha Gaitonde,25,Sales,Business Development Executive,Full-Time,Permanent,B1,1.3,0.0,91.3,3,29,21,72.41,74.31,75.15,80.65,67.4,53.02,72.04,78.94,5.1,50,93.85,76.14,Good,Incentive
E1671,Nitya Vyas,23,Sales,Sales Executive,Full-Time,Permanent,B1,0.5,0.3,96.9,2,23,14,60.87,58.1,58.25,59.75,68.66,45.46,58.35,61.16,3.8,40,96.35,65.17,Average,Training
E1672,Aseem Mukherjee,43,Sales,Sales Executive,Full-Time,Permanent,B5,19.3,13.3,97.1,5,41,33,80.49,86.15,83.92,80.99,82.02,80.06,87.01,86.0,11.6,20,60.48,83.32,Excellent,Incentive
E1673,Shivangi Parmar,27,Operations,Operations Manager,Full-Time,Permanent,B1,1.8,1.0,91.0,10,34,22,64.71,63.25,67.65,66.6,81.31,59.37,70.8,81.26,6.1,25,81.84,71.23,Good,Training
E1674,Haushila Mehra,50,AI & Data Science,Data Analyst,Full-Time,Permanent,B5,17.1,7.5,88.3,11,37,24,64.86,64.73,67.43,61.55,62.52,64.8,68.98,74.7,12.7,10,47.88,66.69,Average,Training
E1675,Gunjan Thakur,29,Information Technology,System Administrator,Contract,6 Months,B3,5.0,4.4,93.8,5,20,13,65.0,63.41,67.68,77.54,70.24,65.01,70.24,67.03,0.0,25,71.14,71.12,Good,Training
E1676,Eklavya Meena,42,Operations,Operations Executive,Contract,6 Months,B3,6.3,3.9,94.2,6,34,25,73.53,82.41,74.66,76.53,80.36,70.49,74.64,80.04,10.7,30,93.82,79.47,Good,Training
E1677,Abhilesh Ganguly,26,Finance,Accountant,Full-Time,Permanent,B2,3.4,3.3,84.3,12,27,20,74.07,76.31,70.98,81.24,84.28,57.93,73.86,80.25,6.4,25,83.72,77.04,Good,Training
E1678,Satyaprakash Adarsh,26,Operations,Operations Executive,Part-Time,12 Months,B2,3.9,1.2,91.4,5,21,12,57.14,62.93,64.87,62.01,71.06,58.47,64.65,58.84,10.7,25,82.55,66.51,Average,Training
E1679,Harshita Gujjar,49,Information Technology,System Administrator,Full-Time,Permanent,B4,11.8,9.0,82.4,10,34,22,64.71,77.0,75.24,74.19,69.56,61.83,76.74,86.75,4.1,30,83.83,74.32,Good,Training
E1680,Anish Atlani,45,Operations,Operations Manager,Full-Time,Permanent,B5,20.4,10.4,96.3,1,34,27,79.41,84.5,75.57,78.12,77.15,84.15,76.48,64.89,7.4,20,64.2,79.47,Good,Incentive
E1681,Chandika Lalwani,46,Sales,Sales Executive,Full-Time,Permanent,B4,13.5,1.7,85.1,12,20,12,60.0,65.13,61.03,71.34,70.23,73.54,70.85,80.49,0.0,5,51.16,67.96,Average,Training
E1682,Sonam Azad,54,Human Resources,HR Executive,Full-Time,Permanent,B5,28.7,3.5,91.6,2,29,18,62.07,71.3,68.96,65.69,76.29,71.86,71.04,69.02,8.7,25,70.75,71.13,Good,Training
E1683,Apurva Tagore,27,Customer Support,Customer Success Associate,Full-Time,Permanent,B2,3.5,1.7,97.2,5,23,18,78.26,82.32,80.45,80.7,85.77,61.05,83.08,82.73,0.0,30,79.16,81.86,Excellent,Incentive
E1684,Sonal Mandal,38,Finance,Financial Analyst,Full-Time,Permanent,B4,12.4,2.3,93.5,7,35,22,62.86,70.85,63.64,68.2,73.73,69.34,68.38,79.46,11.1,20,74.2,71.12,Good,Training
E1685,Mrityunjay Kamath,43,Customer Support,Customer Success Associate,Full-Time,Permanent,B5,20.4,3.2,94.0,2,29,18,62.07,59.96,67.92,66.82,70.93,74.23,66.6,68.7,9.9,50,97.03,70.34,Good,Training
E1686,Sundari Haldar,28,Human Resources,HR Analyst,Full-Time,Permanent,B2,3.3,2.6,89.0,12,20,14,70.0,72.97,73.11,65.4,70.33,57.86,71.94,66.56,0.0,30,81.55,72.05,Good,Training
E1687,Avichal Haldar,57,AI & Data Science,Data Analyst,Full-Time,Permanent,B5,33.7,13.4,99.2,1,30,23,76.67,76.27,81.15,73.8,71.13,70.65,75.99,75.45,10.2,25,87.03,78.67,Good,Incentive
E1688,Shivpoojan Anand,27,Marketing,Marketing Executive,Contract,12 Months,B2,3.9,2.7,76.4,22,17,10,58.82,59.89,57.73,66.48,69.09,62.89,63.41,82.91,0.0,30,71.39,65.02,Average,Training
E1689,Ragini Haldar,39,Human Resources,Talent Acquisition Specialist,Full-Time,Permanent,B2,4.3,1.0,91.4,3,42,31,73.81,80.57,81.19,74.98,78.53,68.84,78.18,71.69,9.2,25,62.8,77.65,Good,Incentive
E1690,Shivam Adarsh,38,AI & Data Science,ML Engineer,Full-Time,Permanent,B3,5.4,2.0,97.7,8,27,18,66.67,66.03,66.43,67.09,67.01,49.47,64.4,68.8,4.3,30,86.64,69.87,Average,Training
E1691,Nishi Mathur,44,Customer Support,Support Executive,Contract,6 Months,B4,14.8,7.9,96.5,1,33,26,78.79,82.23,77.67,80.91,85.66,80.44,79.63,79.28,0.0,20,64.93,81.37,Excellent,Incentive
E1692,Saurabh Balyan,45,Information Technology,Software Engineer,Full-Time,Permanent,B4,9.0,6.0,66.2,24,37,24,64.86,76.32,66.65,73.48,74.27,67.06,69.81,72.25,0.0,30,74.32,70.42,Good,Training
E1693,Devendra Rathi,45,Operations,Operations Executive,Full-Time,Permanent,B5,17.3,10.8,93.4,3,26,19,73.08,81.42,75.55,69.64,68.68,70.53,78.94,67.64,4.8,20,58.78,74.96,Good,Training
E1694,Mayank Rathod,43,Operations,Operations Manager,Part-Time,6 Months,B5,16.9,8.6,99.0,4,31,22,70.97,75.72,70.12,77.09,73.17,71.94,73.12,62.78,0.5,25,84.49,75.92,Good,Training
E1695,Vaishali Negi,28,Operations,Operations Manager,Full-Time,Permanent,B2,4.9,4.2,93.7,3,19,12,63.16,74.2,69.55,72.4,71.71,63.67,75.01,84.97,5.5,30,85.2,73.88,Good,Training
E1696,Sonu Sardana,52,Customer Support,Customer Success Associate,Full-Time,Permanent,B4,13.5,2.6,87.6,10,21,17,80.95,79.79,81.76,82.31,77.4,82.59,83.18,88.99,1.2,20,71.04,81.51,Excellent,Incentive
E1697,Bhagirathi Chaudhari,55,Information Technology,Software Engineer,Full-Time,Permanent,B4,9.9,4.1,91.5,2,19,14,73.68,82.21,72.68,83.09,89.75,80.43,81.22,87.01,0.0,10,57.64,80.19,Excellent,Training
E1698,Sanjana Ambani,54,Human Resources,HR Executive,Full-Time,Permanent,B5,27.4,17.0,97.6,4,33,21,63.64,74.64,72.01,75.44,75.33,86.44,73.02,84.06,3.7,15,49.48,74.8,Good,Training
E1699,Shanti Rana,36,Human Resources,HR Analyst,Full-Time,Permanent,B4,13.0,1.6,91.8,10,35,28,80.0,71.19,71.14,80.9,85.57,71.05,76.53,79.1,0.0,15,50.01,77.06,Good,Training
E1700,Kaushalya Dholakia,56,Finance,Financial Analyst,Full-Time,Permanent,B5,32.3,28.3,88.0,7,22,15,68.18,62.22,72.42,79.4,90.3,84.86,72.46,86.4,0.0,15,70.42,75.87,Good,Training
E1701,Prashansa Bhawsar,50,Sales,Business Development Executive,Part-Time,12 Months,B5,17.3,5.5,92.5,2,42,31,73.81,71.13,73.15,74.63,83.67,78.34,71.08,69.38,3.4,30,86.88,76.81,Good,Training
E1702,Puja Vishwakarma,41,Human Resources,HR Analyst,Full-Time,Permanent,B4,13.2,0.2,91.9,5,20,15,75.0,72.73,78.36,74.29,71.08,73.68,70.92,65.65,0.0,20,60.9,74.91,Good,Training
E1703,Vishwanath Raj,50,Information Technology,Software Engineer,Full-Time,Permanent,B5,19.9,12.1,91.7,7,35,24,68.57,79.4,77.0,82.52,69.35,87.67,81.14,84.95,11.7,40,75.44,78.69,Good,Incentive
E1704,Chetana Malhotra,31,Sales,Sales Executive,Full-Time,Permanent,B2,4.2,3.6,75.5,19,28,18,64.29,67.25,70.24,74.08,83.69,67.61,67.91,67.7,0.0,15,49.33,69.93,Average,Training
E1705,Badal Kulkarni,55,Sales,Sales Executive,Full-Time,Permanent,B5,29.0,21.7,97.7,0,48,35,72.92,72.33,74.53,82.19,74.9,83.95,74.92,70.02,13.5,25,64.04,77.2,Good,Training
E1706,Vivasvan Rai,32,Finance,Financial Analyst,Full-Time,Permanent,B3,6.7,2.6,97.3,7,30,23,76.67,79.79,80.29,82.74,72.01,72.26,82.92,81.96,2.8,10,48.11,79.12,Good,Incentive
E1707,Vimal Unadkat,23,Information Technology,Software Engineer,Part-Time,12 Months,B1,0.6,0.1,91.8,7,16,13,81.25,73.2,73.25,79.18,72.96,48.82,77.4,76.4,0.0,50,80.68,76.67,Good,Training
E1708,Mahima Vishwakarma,56,Information Technology,DevOps Engineer,Full-Time,Permanent,B5,22.1,12.0,91.5,2,39,28,71.79,77.25,76.01,75.3,81.29,88.0,80.32,86.28,13.7,15,64.08,78.27,Good,Incentive
E1709,Poornima Prakash,23,AI & Data Science,ML Engineer,Full-Time,Permanent,B1,0.8,0.2,92.6,5,19,13,68.42,73.26,66.98,79.95,75.44,49.54,73.38,86.56,0.0,25,69.75,74.06,Good,Training
E1710,Yashodhara Scindia,35,Sales,Sales Executive,Contract,24 Months,B3,8.3,3.6,93.7,3,47,32,68.09,65.69,69.37,72.49,75.21,73.15,69.38,67.49,7.3,30,71.62,72.32,Good,Training
E1711,Pranita Dasgupta,51,Information Technology,Cloud Engineer,Contract,6 Months,B4,9.2,2.6,84.4,11,19,13,68.42,68.99,66.9,77.52,84.65,66.17,72.62,76.3,0.0,20,66.62,73.27,Good,Training
E1712,Anshul Gurjar,46,Marketing,Marketing Executive,Contract,6 Months,B3,6.4,3.5,90.1,2,18,12,66.67,73.83,67.62,77.3,78.85,62.21,71.46,78.71,0.0,20,63.08,73.48,Good,Training
E1713,Kiran Agrawal,29,Operations,Operations Manager,Part-Time,12 Months,B2,4.1,2.6,98.0,0,31,26,83.87,72.15,80.13,78.63,79.65,68.92,73.82,72.89,2.4,25,78.53,79.69,Good,Incentive
E1714,Jyotsana Som,48,Sales,Sales Executive,Full-Time,Permanent,B5,16.6,14.2,96.7,7,23,14,60.87,67.33,62.51,65.14,62.04,77.82,63.37,61.24,0.0,40,83.19,68.53,Average,Training
E1715,Kajol Nahar,29,Sales,Business Development Executive,Full-Time,Permanent,B2,2.9,2.6,96.3,5,37,25,67.57,76.37,70.36,68.36,64.5,57.26,70.44,60.58,8.7,40,76.88,71.74,Good,Training
E1716,Swaraj Bhandari,23,Customer Support,Support Executive,Contract,24 Months,B1,0.7,0.3,83.5,11,56,45,80.36,84.3,78.4,72.59,86.64,49.97,78.04,84.56,18.1,40,82.25,79.1,Good,Incentive
E1717,Kapil Suryavanshi,39,Human Resources,HR Analyst,Full-Time,Permanent,B5,16.9,0.9,86.8,11,33,20,60.61,63.4,60.91,64.06,75.99,80.35,65.58,70.33,6.2,50,93.98,69.14,Average,Training
E1718,Soham Bachchan,25,Finance,Financial Analyst,Full-Time,Permanent,B2,2.6,2.2,86.5,15,17,11,64.71,62.77,64.88,63.7,78.85,50.63,67.19,75.59,0.0,40,77.68,68.5,Average,Training
E1719,Sameeksha Gehlot,54,Information Technology,Cloud Engineer,Full-Time,Permanent,B5,21.9,16.7,90.3,7,27,18,66.67,76.39,70.75,82.38,71.14,78.84,73.3,63.94,14.8,20,56.93,74.22,Good,Training
E1720,Santanika Nag,38,Finance,Finance Executive,Contract,24 Months,B4,14.2,0.8,88.2,6,17,16,94.12,82.26,87.69,86.53,75.89,83.34,86.58,91.2,8.8,30,94.84,86.8,Excellent,Incentive
E1721,Deepak Mathur,50,Customer Support,Support Executive,Full-Time,Permanent,B4,10.4,8.3,86.7,11,53,35,66.04,68.49,70.66,68.74,73.13,69.67,66.46,67.02,19.2,25,77.63,71.11,Good,Training
E1722,Nimish Parmar,23,Sales,Sales Executive,Part-Time,12 Months,B1,0.3,0.2,91.1,3,26,19,73.08,82.16,75.55,78.27,70.5,46.4,74.1,75.13,4.7,20,68.63,75.73,Good,Incentive
E1723,Ankita Patnaik,44,Finance,Financial Analyst,Full-Time,Permanent,B5,15.5,1.0,86.3,15,26,15,57.69,56.1,61.5,70.06,74.06,75.7,68.26,78.02,0.0,15,64.82,67.18,Average,Training
E1724,Arpita Nautiyal,29,Information Technology,System Administrator,Full-Time,Permanent,B3,6.9,3.0,74.3,14,37,23,62.16,71.52,70.14,74.08,66.17,69.49,70.81,66.17,14.3,20,70.31,69.57,Average,PIP
E1725,Vibhuti Jadhav,41,Human Resources,Talent Acquisition Specialist,Full-Time,Permanent,B4,9.0,8.5,93.3,9,28,18,64.29,66.5,68.96,67.33,63.92,62.23,66.48,70.63,16.9,50,98.73,70.69,Good,Training
E1726,Ganesh Nautiyal,37,AI & Data Science,ML Engineer,Full-Time,Permanent,B4,12.1,9.9,97.5,5,32,24,75.0,68.19,67.74,70.91,71.4,70.68,70.69,61.77,6.8,30,82.16,73.43,Good,Training
E1727,Geetanjali Agrawal,52,Finance,Financial Analyst,Full-Time,Permanent,B5,19.5,15.1,92.1,5,27,18,66.67,74.59,69.06,77.12,66.89,74.44,70.83,67.25,2.4,50,79.97,73.64,Good,Training
E1728,Meera Swaraj,40,Operations,Operations Manager,Full-Time,Permanent,B5,16.5,8.3,90.4,2,20,11,55.0,57.08,57.63,64.44,65.93,79.69,59.71,72.7,6.4,50,77.88,65.25,Average,Training
E1729,Nishi Rawat,24,Customer Support,Support Executive,Full-Time,Permanent,B1,1.6,0.0,94.5,8,35,29,82.86,81.77,78.6,86.0,72.75,67.51,78.0,78.11,0.0,40,89.52,81.77,Excellent,Incentive
E1730,Vibhor Shukla,44,Finance,Accountant,Full-Time,Permanent,B4,11.5,7.1,92.6,10,34,24,70.59,77.49,73.95,76.88,86.1,78.51,76.07,80.21,3.3,15,67.49,77.82,Good,Training
E1731,Gautami Bhatia,37,Customer Support,Customer Success Associate,Contract,6 Months,B4,14.1,3.4,90.9,9,28,23,82.14,79.25,79.53,73.27,66.4,65.22,77.03,79.33,0.0,40,76.82,77.78,Good,Incentive
E1732,Umakant Dwivedi,40,Operations,Process Analyst,Full-Time,Permanent,B4,12.5,8.4,96.4,2,39,29,74.36,66.54,74.54,80.02,64.17,65.62,73.36,71.31,10.8,20,64.49,74.12,Good,Training
E1733,Pramila Mumukshu,37,Information Technology,Cloud Engineer,Full-Time,Permanent,B3,6.9,6.4,81.1,15,38,27,71.05,78.9,70.62,67.83,67.62,67.01,71.37,75.36,14.1,15,56.8,71.66,Good,Training
E1734,Kapil Awasthi,51,Customer Support,Support Executive,Contract,24 Months,B5,21.8,0.4,94.1,10,36,26,72.22,77.22,70.73,72.16,69.47,77.73,72.08,59.69,7.3,25,75.11,74.44,Good,Training
E1735,Siddharth Ambani,51,Finance,Finance Executive,Full-Time,Permanent,B5,20.0,9.4,85.8,13,38,26,68.42,66.3,68.37,68.16,68.47,77.98,66.85,58.96,13.3,50,94.77,71.04,Good,Training
E1736,Surya Mondal,25,Customer Support,Customer Success Associate,Full-Time,Permanent,B1,1.1,0.4,97.8,0,41,31,75.61,68.08,77.14,76.09,81.49,51.35,73.89,81.49,0.0,20,58.96,75.75,Good,Incentive
E1737,Anushka Govil,26,AI & Data Science,Data Analyst,Full-Time,Permanent,B2,3.2,1.4,84.1,10,26,18,69.23,72.72,75.01,82.44,79.8,57.57,78.17,89.12,0.0,25,83.66,76.73,Good,Incentive
E1738,Pushpa Malode,33,Sales,Sales Executive,Full-Time,Permanent,B3,8.6,6.6,94.0,7,26,18,69.23,75.48,70.96,75.72,72.52,71.85,74.98,64.53,0.4,5,43.84,73.12,Good,Training
E1739,Atishay Kamat,54,Operations,Operations Manager,Full-Time,Permanent,B5,18.0,3.3,97.1,5,27,25,92.59,87.26,87.73,88.08,75.59,87.21,86.25,89.83,0.8,40,88.92,88.23,Excellent,Promotion
E1740,Praveen Tomar,24,Customer Support,Customer Success Associate,Full-Time,Permanent,B1,0.6,0.3,90.0,8,42,28,66.67,64.2,62.82,75.43,66.96,52.34,64.53,69.15,15.7,40,80.1,69.37,Average,Training
E1741,Gauri Malik,31,Human Resources,HR Executive,Full-Time,Permanent,B3,5.1,3.4,70.6,25,26,22,84.62,89.93,83.05,79.43,84.56,68.71,83.11,85.55,3.3,40,93.93,82.64,Excellent,Incentive
E1742,Tulika Paswan,56,AI & Data Science,AI Engineer,Full-Time,Permanent,B4,13.1,9.0,97.1,8,32,22,68.75,63.32,69.38,77.04,78.49,66.06,69.91,82.8,6.2,25,81.4,74.34,Good,Training
E1743,Neeti Sahay,37,Finance,Financial Analyst,Contract,6 Months,B4,12.7,1.1,71.5,19,33,25,75.76,71.03,73.01,64.7,71.33,70.57,70.57,76.73,3.9,20,65.92,71.15,Good,Training
E1744,Tejasvi Dikshit,30,Sales,Sales Executive,Full-Time,Permanent,B2,2.3,0.1,96.7,4,21,16,76.19,83.63,79.09,72.45,64.73,61.67,80.28,78.65,4.5,25,85.67,78.16,Good,Incentive
E1745,Anuja Reddy,54,Operations,Process Analyst,Full-Time,Permanent,B5,23.6,17.4,97.3,8,21,15,71.43,80.04,72.41,77.94,67.06,75.17,71.36,67.27,2.9,30,92.91,77.04,Good,Training
E1746,Sanjeet Sharma,39,Finance,Financial Analyst,Full-Time,Permanent,B4,14.2,11.0,97.3,4,23,21,91.3,88.17,90.66,86.53,80.31,80.09,88.73,90.08,5.6,5,33.52,85.88,Excellent,Promotion
E1747,Palash Gond,41,Information Technology,DevOps Engineer,Full-Time,Permanent,B3,5.0,3.5,97.4,8,40,29,72.5,77.52,74.72,69.67,67.27,61.5,73.44,68.56,9.9,25,86.13,75.11,Good,Training
E1748,Amrish Sahu,51,Operations,Operations Manager,Full-Time,Permanent,B4,9.8,3.9,92.7,10,18,13,72.22,68.34,66.6,76.24,72.57,59.78,67.64,74.88,0.0,10,41.37,71.22,Good,Training
E1749,Lalita More,50,Information Technology,System Administrator,Contract,12 Months,B5,16.2,1.8,96.4,1,24,19,79.17,76.68,78.4,75.95,81.06,81.61,78.4,66.9,0.0,30,85.97,79.92,Good,Incentive
E1750,Shubhi Dogra,50,Human Resources,HR Analyst,Full-Time,Permanent,B5,20.6,12.7,92.3,5,35,26,74.29,69.65,75.39,78.61,71.15,86.97,69.04,64.82,1.7,40,95.67,76.86,Good,Incentive
E1751,Lalita Negi,39,AI & Data Science,ML Engineer,Full-Time,Permanent,B3,7.6,5.8,92.2,6,26,20,76.92,79.44,77.42,79.4,83.96,71.44,76.44,79.32,6.8,25,83.48,80.13,Excellent,Incentive
E1752,Ravindra Khemka,53,Marketing,Marketing Executive,Full-Time,Permanent,B5,27.0,3.6,94.1,5,29,20,68.97,66.64,68.28,67.16,78.26,84.14,68.91,62.48,4.2,5,52.54,71.3,Good,Training
E1753,Aarti Poddar,48,Human Resources,Talent Acquisition Specialist,Contract,6 Months,B5,22.0,9.6,83.2,9,24,13,54.17,58.41,58.23,56.9,72.75,73.52,58.31,58.8,7.2,40,96.58,64.11,Average,Training
E1754,Kanaklata Khosla,44,Operations,Process Analyst,Full-Time,Permanent,B5,20.8,18.1,93.9,9,30,20,66.67,60.95,65.35,68.35,73.64,73.75,70.28,75.22,8.3,40,92.43,71.54,Good,Training
E1755,Indumati Tandon,34,AI & Data Science,ML Engineer,Full-Time,Permanent,B2,3.3,2.2,91.1,10,18,13,72.22,77.28,72.03,72.75,65.59,50.21,71.86,64.45,0.0,20,62.29,72.25,Good,Training
E1756,Pragati Mahto,35,Operations,Process Analyst,Part-Time,12 Months,B3,8.5,3.8,93.8,4,38,26,68.42,67.04,70.32,65.78,66.33,58.57,70.86,60.01,12.5,15,69.16,69.68,Average,Training
E1757,Nivedita Dave,38,Information Technology,DevOps Engineer,Contract,6 Months,B4,14.9,4.9,92.1,9,35,27,77.14,76.42,79.09,68.8,61.26,72.91,76.46,62.6,11.5,25,71.04,74.7,Good,Training
E1758,Simran Bhogle,24,Marketing,Digital Marketing Specialist,Full-Time,Permanent,B1,0.7,0.2,97.9,1,31,23,74.19,66.0,70.47,67.08,67.07,50.68,72.17,80.85,1.4,40,96.78,73.18,Good,Training
E1759,Rakshit Basu,34,Operations,Process Analyst,Full-Time,Permanent,B4,10.9,10.4,70.0,17,38,21,55.26,61.89,65.62,65.51,76.21,72.73,66.14,63.77,15.5,30,70.31,65.51,Average,PIP
E1760,Manjula Bansal,33,Sales,Sales Executive,Full-Time,Permanent,B2,3.1,0.4,97.3,2,29,23,79.31,84.15,80.09,81.76,84.21,70.42,75.08,67.58,8.3,30,94.83,82.34,Excellent,Incentive
E1761,Babloo Rajpoot,39,AI & Data Science,Data Analyst,Full-Time,Permanent,B2,4.8,2.0,72.4,11,22,13,59.09,61.56,62.94,68.8,82.46,52.01,63.67,73.29,0.0,5,57.47,65.67,Average,PIP
E1762,Vineeta Arora,34,Operations,Process Analyst,Full-Time,Permanent,B4,11.4,0.6,92.1,3,44,32,72.73,71.62,77.1,78.03,68.63,67.45,71.05,66.94,8.0,50,76.35,75.08,Good,Incentive
E1763,Babita Dogra,45,Sales,Business Development Executive,Full-Time,Permanent,B3,5.9,5.3,88.2,10,47,31,65.96,74.21,72.31,68.08,74.63,62.71,78.63,80.87,18.9,25,70.66,73.01,Good,Training
E1764,Tara Chopra,54,Operations,Process Analyst,Full-Time,Permanent,B4,12.0,2.7,83.0,7,24,16,66.67,71.27,73.21,67.63,76.95,62.44,75.26,74.86,0.0,15,50.3,70.95,Good,Training
E1765,Mohit Bose,25,Customer Support,Support Analyst,Full-Time,Permanent,B2,2.7,0.8,92.5,8,45,27,60.0,61.95,64.68,66.81,67.47,56.9,66.66,58.57,19.1,30,75.42,66.89,Average,Training
E1766,Tara Shandilya,52,Finance,Financial Analyst,Contract,24 Months,B5,15.7,0.3,96.7,3,32,25,78.12,76.9,72.46,81.01,76.01,67.64,75.49,75.99,18.6,30,72.89,78.14,Good,Training
E1767,Kanakpratap Kher,52,Operations,Operations Manager,Part-Time,6 Months,B4,13.9,2.9,86.8,15,28,21,75.0,76.41,73.14,67.88,67.02,61.38,72.94,61.39,7.5,15,52.14,71.64,Good,Training
E1768,Sonakshi Kashyap,50,Operations,Operations Executive,Full-Time,Permanent,B4,11.3,11.2,90.7,8,32,23,71.88,78.88,72.22,68.15,59.19,64.9,69.93,61.58,16.7,10,41.6,70.56,Good,Training
E1769,Divyanshu Kohli,35,Marketing,Digital Marketing Specialist,Full-Time,Permanent,B4,12.2,3.1,81.0,15,35,22,62.86,68.38,62.51,60.89,61.94,70.01,71.54,79.86,3.2,30,75.82,67.35,Average,Training
E1770,Jyoti Puri,29,Customer Support,Support Executive,Full-Time,Permanent,B2,4.2,1.8,91.3,5,26,20,76.92,70.12,71.01,79.68,82.29,62.25,69.35,76.12,10.5,20,63.16,75.56,Good,Training
E1771,Geetika Jain,37,Information Technology,Software Engineer,Full-Time,Permanent,B4,13.7,6.0,86.0,14,16,9,56.25,60.49,57.34,61.46,71.46,74.33,62.09,58.49,0.0,25,79.44,64.79,Average,Training
E1772,Snehlata Pujari,54,Customer Support,Support Executive,Full-Time,Permanent,B5,29.9,18.7,97.8,1,50,35,70.0,77.27,74.08,70.81,64.53,83.19,72.09,73.15,8.6,10,44.06,73.68,Good,Training
E1773,Ishita Ghoshal,28,Information Technology,DevOps Engineer,Full-Time,Permanent,B2,3.1,0.9,91.1,5,29,19,65.52,61.39,68.38,75.87,72.74,59.71,73.66,84.47,2.4,20,77.62,71.83,Good,Training
E1774,Shridevi Desai,42,Human Resources,HR Analyst,Full-Time,Permanent,B3,8.8,7.9,94.0,9,27,20,74.07,81.1,72.61,67.33,72.48,54.99,70.36,61.72,0.0,10,45.33,72.53,Good,Training
E1775,Pratap Gadkari,50,Customer Support,Customer Success Associate,Full-Time,Permanent,B5,16.6,0.5,82.9,14,32,23,71.88,70.48,75.4,69.82,71.04,76.4,73.6,60.88,15.9,15,50.75,71.61,Good,Training
E1776,Sakshi Haldar,44,Marketing,Marketing Analyst,Contract,6 Months,B3,7.5,6.5,86.9,7,24,20,83.33,88.47,85.54,88.58,77.27,76.95,84.31,89.75,0.0,15,57.39,83.73,Excellent,Incentive
E1777,Palak Bhargav,43,Customer Support,Customer Success Associate,Full-Time,Permanent,B5,20.2,1.3,95.0,6,24,15,62.5,71.12,70.98,71.07,71.33,73.07,74.43,73.52,10.5,10,57.54,71.91,Good,Training
E1778,Harishankar Mondal,37,Customer Support,Support Executive,Full-Time,Permanent,B2,4.5,3.4,82.3,8,39,25,64.1,60.89,64.49,73.68,70.43,57.87,69.14,74.78,6.2,25,69.7,68.32,Average,Training
E1779,Santosh Prakash,28,Customer Support,Support Analyst,Full-Time,Permanent,B2,2.5,1.7,93.7,5,40,29,72.5,66.47,72.73,79.77,84.6,52.81,71.91,76.93,1.4,30,81.32,75.7,Good,Training
E1780,Shridevi Chaurasiya,51,Marketing,Marketing Analyst,Full-Time,Permanent,B3,7.5,0.8,93.2,6,35,26,74.29,70.75,71.26,72.41,76.32,61.42,71.85,66.4,11.6,25,77.72,74.13,Good,Training
E1781,Vipin Saxena,35,Finance,Financial Analyst,Full-Time,Permanent,B4,10.8,1.7,97.7,1,30,20,66.67,74.78,69.37,68.39,69.85,65.1,66.55,58.58,4.9,25,76.43,71.97,Good,Training
E1782,Jagvanti Rout,24,AI & Data Science,Data Analyst,Full-Time,Permanent,B1,0.5,0.4,91.8,7,35,23,65.71,76.34,67.82,64.89,74.53,50.78,70.85,64.63,1.5,20,60.14,70.17,Good,Training
E1783,Prateek Shorey,55,Human Resources,HR Analyst,Full-Time,Permanent,B5,16.8,4.5,97.4,6,20,14,70.0,75.94,73.21,81.38,78.12,78.56,77.28,79.3,0.0,30,72.23,78.0,Good,Training
E1784,Gajendra Mandal,49,Operations,Process Analyst,Full-Time,Permanent,B5,19.0,16.7,87.4,7,26,10,38.46,46.72,44.47,52.73,57.65,60.5,54.84,62.94,0.0,30,82.98,54.92,Needs Improvement,PIP
E1785,Kaavya Malik,53,Human Resources,HR Analyst,Full-Time,Permanent,B5,30.0,7.8,87.1,12,35,22,62.86,70.76,64.94,64.69,66.27,75.25,68.27,74.55,9.4,40,93.06,70.38,Good,Training
E1786,Koustubh Arora,32,AI & Data Science,Data Analyst,Contract,12 Months,B2,3.3,2.1,93.1,6,24,22,91.67,83.08,90.1,85.9,75.35,69.94,88.79,94.4,0.7,15,69.25,85.58,Excellent,Incentive
E1787,Somesh Nishad,49,Sales,Business Development Executive,Full-Time,Permanent,B5,16.8,13.5,91.1,6,41,31,75.61,80.36,77.04,76.46,66.45,74.78,77.59,71.6,3.8,40,78.19,77.28,Good,Incentive
E1788,Vilasrao Kulkarni,37,Information Technology,Software Engineer,Contract,6 Months,B3,6.4,1.3,84.3,8,26,19,73.08,81.55,78.19,72.28,83.0,59.69,76.94,68.36,6.5,30,77.21,76.6,Good,Incentive
E1789,Sagar Dhoundial,35,AI & Data Science,Data Analyst,Full-Time,Permanent,B4,11.6,10.5,93.9,10,44,35,79.55,74.84,79.03,81.92,79.89,76.71,75.01,65.41,14.5,10,52.0,78.14,Good,Incentive
E1790,Samanata Adarsh,33,Information Technology,Cloud Engineer,Full-Time,Permanent,B4,10.6,1.2,97.5,2,19,15,78.95,75.39,72.45,65.44,77.99,65.24,75.41,85.73,8.6,25,64.36,75.92,Good,Training
E1791,Kangana Saini,33,Information Technology,Cloud Engineer,Full-Time,Permanent,B4,9.1,2.2,71.2,18,35,27,77.14,75.3,78.47,71.76,64.82,58.04,70.92,64.52,7.5,15,68.56,72.1,Good,Training
E1792,Adhya Bhandari,57,Human Resources,HR Analyst,Contract,6 Months,B5,17.2,4.0,93.3,10,31,27,87.1,76.39,77.98,72.41,79.94,81.61,74.14,81.1,9.4,25,66.98,79.6,Good,Incentive
E1793,Ankush Gaharwar,53,AI & Data Science,AI Engineer,Full-Time,Permanent,B5,20.2,9.9,92.8,4,25,16,64.0,68.12,70.01,66.37,65.45,80.55,65.2,60.02,9.3,15,66.09,69.69,Average,Training
E1794,Rohini Ketkar,54,Human Resources,HR Analyst,Full-Time,Permanent,B5,23.5,15.6,93.8,5,17,13,76.47,68.95,76.43,66.52,62.61,68.03,76.41,71.26,0.0,20,73.59,73.36,Good,Training
E1795,Mahavir Mukhopadhyay,37,Information Technology,Software Engineer,Full-Time,Permanent,B4,11.5,2.6,90.4,9,15,11,73.33,78.71,72.7,76.27,65.9,60.38,76.4,79.04,0.0,5,57.12,74.43,Good,Training
E1796,Suryakanti Joshi,57,AI & Data Science,Data Scientist,Full-Time,Permanent,B4,13.5,3.6,96.6,4,28,17,60.71,66.74,70.0,66.45,77.28,66.73,71.38,68.02,5.2,40,95.86,72.07,Good,Training
E1797,Ratnakar Ram,27,Human Resources,Talent Acquisition Specialist,Full-Time,Permanent,B2,3.6,0.5,98.0,0,39,26,66.67,66.88,68.9,73.36,82.78,57.04,74.25,76.27,4.7,25,76.71,73.66,Good,Training
E1798,Vasundhara Bhasin,32,Information Technology,System Administrator,Contract,12 Months,B4,10.0,7.4,93.9,9,28,21,75.0,71.4,70.59,80.56,84.16,72.92,74.19,68.92,14.2,50,98.03,78.14,Good,Training
E1799,Akshara Raje,26,Operations,Operations Executive,Full-Time,Permanent,B1,1.5,0.2,92.5,7,39,21,53.85,65.39,63.91,60.03,63.8,57.56,72.42,82.27,18.5,20,70.73,66.26,Average,Training
E1800,Balwant Kher,41,Finance,Accountant,Part-Time,12 Months,B5,18.3,6.6,90.0,2,20,14,70.0,63.7,66.73,60.51,66.04,69.67,69.76,75.59,4.8,20,74.8,69.24,Average,Training
E1801,Nalini Gehlot,32,Human Resources,HR Executive,Full-Time,Permanent,B4,10.0,5.5,94.3,8,28,23,82.14,73.25,77.04,67.69,77.28,69.42,78.24,86.4,3.8,25,66.77,77.22,Good,Training
E1802,Narayan Chandra,47,Information Technology,Cloud Engineer,Full-Time,Permanent,B5,18.9,7.0,80.2,8,18,13,72.22,70.36,67.34,77.22,69.15,77.71,69.88,85.84,0.0,20,61.86,72.77,Good,Training
E1803,Avanti Deshmukh,41,Operations,Operations Manager,Full-Time,Permanent,B3,5.3,5.1,87.4,8,18,10,55.56,63.83,61.36,59.01,78.28,50.83,64.85,64.49,2.5,25,69.57,65.02,Average,Training
E1804,Vishnu Kejriwal,33,Information Technology,DevOps Engineer,Full-Time,Permanent,B2,4.3,3.8,66.2,17,29,13,44.83,57.71,53.09,66.22,78.34,66.4,62.54,73.39,2.6,30,89.53,62.32,Average,PIP
E1805,Vartika Vaidya,50,AI & Data Science,AI Engineer,Contract,12 Months,B5,27.4,24.9,91.5,2,33,23,69.7,74.36,71.24,79.47,73.72,78.9,78.43,85.37,7.3,30,84.01,77.07,Good,Training
E1806,Sanskriti Rout,27,Customer Support,Customer Success Associate,Full-Time,Permanent,B2,3.7,2.5,94.0,9,49,27,55.1,56.92,60.03,61.37,59.89,45.95,58.81,62.39,11.7,25,65.57,62.04,Average,Training
E1807,Shiv Misra,34,Finance,Accountant,Part-Time,12 Months,B3,6.8,6.5,93.5,3,38,27,71.05,65.79,66.9,67.09,65.4,56.52,69.21,68.12,7.1,20,69.48,69.68,Average,Training
E1808,Raushan Mohanty,42,Human Resources,Talent Acquisition Specialist,Full-Time,Permanent,B3,6.8,4.3,96.9,3,45,28,62.22,73.54,69.65,75.49,78.46,66.97,77.81,87.26,10.9,30,81.94,75.37,Good,Training
E1809,Sukriti Jaitley,36,AI & Data Science,Data Analyst,Part-Time,12 Months,B4,13.4,0.7,98.0,0,42,36,85.71,74.71,78.4,72.47,64.91,74.8,77.67,78.28,6.5,20,63.09,77.68,Good,Incentive
E1810,Dhara Kher,33,Information Technology,Software Engineer,Contract,24 Months,B3,7.3,2.6,93.5,9,27,17,62.96,74.91,73.95,77.59,80.77,69.09,76.64,67.48,0.0,5,55.12,74.25,Good,Training
E1811,Niyati Kedia,49,Operations,Operations Manager,Part-Time,12 Months,B4,10.0,9.3,92.6,4,30,20,66.67,67.64,66.95,70.07,63.48,67.63,70.32,73.71,3.3,15,69.54,70.37,Good,Training
E1812,Rupanjali Soni,40,Information Technology,DevOps Engineer,Part-Time,6 Months,B5,15.1,2.8,93.4,6,23,19,82.61,80.66,81.82,83.87,88.95,74.77,83.78,91.3,13.2,5,56.51,82.9,Excellent,Incentive
E1813,Sundari Bedi,33,Human Resources,HR Analyst,Contract,12 Months,B3,8.4,2.2,81.0,9,33,24,72.73,82.19,77.36,75.81,77.46,62.95,83.22,87.91,3.0,20,59.4,76.73,Good,Incentive
E1814,Shantanu Gujjar,27,Marketing,Marketing Executive,Full-Time,Permanent,B2,3.2,1.5,91.0,9,36,30,83.33,72.47,78.1,70.3,81.37,64.7,77.21,81.44,0.0,10,63.67,77.22,Good,Incentive
E1815,Ujjwala Sethi,47,Information Technology,DevOps Engineer,Full-Time,Permanent,B5,19.7,14.9,82.5,13,15,9,60.0,58.08,61.12,66.57,72.7,69.93,64.36,66.06,1.9,20,61.57,65.48,Average,Training
E1816,Vishnukant Gambhir,32,Marketing,Digital Marketing Specialist,Contract,6 Months,B2,4.5,4.1,90.5,3,35,24,68.57,64.61,71.57,76.74,85.01,71.48,74.67,76.48,16.1,25,72.12,74.51,Good,Training
E1817,Shanti Srivastava,23,Marketing,Marketing Executive,Full-Time,Permanent,B1,0.9,0.7,91.0,9,26,18,69.23,77.91,75.18,82.54,68.03,56.38,74.28,71.06,0.0,20,68.75,75.16,Good,Incentive
E1818,Shridevi Mohapatra,26,AI & Data Science,AI Engineer,Full-Time,Permanent,B2,2.3,1.8,90.4,9,33,24,72.73,68.35,67.4,64.32,75.01,52.3,64.45,58.34,7.4,20,70.16,69.72,Average,Training
E1819,Vishakha Rathod,34,Operations,Process Analyst,Full-Time,Permanent,B2,4.3,4.1,93.8,9,38,32,84.21,87.72,85.93,89.2,87.96,72.76,80.78,81.46,11.9,20,59.14,84.94,Excellent,Incentive
E1820,Harshini Maheshwari,39,Finance,Accountant,Contract,6 Months,B2,4.9,0.1,94.4,4,39,25,64.1,65.77,68.07,75.07,80.6,58.08,70.33,68.5,14.9,20,56.86,71.14,Good,Training
E1821,Gyanendra Mehra,36,Information Technology,Software Engineer,Full-Time,Permanent,B2,3.6,2.9,90.7,6,22,19,86.36,87.4,81.94,73.11,76.57,57.97,86.85,87.63,0.0,30,77.95,81.57,Excellent,Incentive
E1822,Mahesh Rana,55,Information Technology,Software Engineer,Full-Time,Permanent,B5,30.1,21.7,91.8,9,22,15,68.18,78.52,69.08,68.59,58.7,78.44,67.74,60.05,5.9,25,74.03,71.72,Good,Training
E1823,Abhinesh Kamble,37,Human Resources,Talent Acquisition Specialist,Part-Time,6 Months,B2,3.8,3.6,93.5,9,26,16,61.54,65.43,62.95,69.46,78.62,51.34,71.76,79.77,10.3,40,89.14,70.72,Good,Training
E1824,Indumati Shorey,42,Operations,Operations Manager,Full-Time,Permanent,B3,7.4,6.4,97.4,4,15,8,53.33,69.36,62.43,63.46,64.34,62.45,66.62,66.34,0.0,20,59.28,66.2,Average,Training
E1825,Asha Bisht,25,Information Technology,System Administrator,Full-Time,Permanent,B1,1.4,0.7,72.8,10,45,26,57.78,55.63,58.5,55.73,76.54,59.6,65.52,77.72,8.5,50,97.36,64.09,Average,PIP
E1826,Shivangi Thackeray,48,Finance,Accountant,Full-Time,Permanent,B5,23.8,20.5,98.0,7,35,27,77.14,78.26,76.28,82.41,75.53,88.75,74.58,70.42,5.5,20,63.75,79.34,Good,Incentive
E1827,Mudrika Gupta,35,Information Technology,DevOps Engineer,Part-Time,12 Months,B4,9.0,2.4,92.5,3,39,27,69.23,75.26,72.41,80.2,85.04,63.18,78.5,86.23,11.4,25,83.18,77.87,Good,Training
E1828,Aman Gaur,24,Human Resources,HR Analyst,Contract,24 Months,B1,1.2,0.9,88.2,5,32,18,56.25,57.04,60.2,65.44,69.98,44.7,63.57,79.28,7.6,15,70.06,64.54,Average,Training
E1829,Unnati Khera,48,Customer Support,Support Executive,Full-Time,Permanent,B4,14.4,11.4,72.5,21,27,15,55.56,54.75,62.36,60.11,74.35,77.53,67.05,73.4,0.3,25,87.35,64.87,Average,PIP
E1830,Abhigyan Dhumal,44,Information Technology,System Administrator,Full-Time,Permanent,B4,13.8,4.1,97.9,7,32,22,68.75,73.73,67.53,74.38,71.37,78.35,67.07,60.81,8.0,20,66.81,73.24,Good,Training
E1831,Ramprasad Shekhawat,51,Human Resources,HR Executive,Full-Time,Permanent,B4,12.7,11.0,96.6,0,30,23,76.67,74.9,71.52,79.39,81.66,66.05,75.42,74.22,5.4,20,66.83,77.32,Good,Training
E1832,Tamanna Malode,52,Information Technology,Software Engineer,Full-Time,Permanent,B4,9.8,6.1,97.0,0,28,17,60.71,64.45,61.19,59.7,77.78,57.91,68.88,74.63,3.6,15,69.1,67.91,Average,Training
E1833,Mihika Rao,42,Customer Support,Customer Success Associate,Full-Time,Permanent,B4,10.4,4.7,83.3,12,37,21,56.76,58.28,60.17,70.64,71.15,69.28,69.21,82.26,7.5,25,63.62,66.54,Average,Training
E1834,Kaushiki Chandravanshi,38,Marketing,Marketing Analyst,Full-Time,Permanent,B4,14.2,14.0,90.5,4,25,16,64.0,72.32,72.09,65.48,60.3,58.44,71.47,64.23,0.4,5,41.44,67.94,Average,Training
E1835,Abhijeet Dadhich,29,Operations,Operations Executive,Full-Time,Permanent,B3,5.2,3.7,91.1,7,49,35,71.43,69.83,70.1,78.45,64.1,58.82,68.63,64.04,21.4,15,61.81,71.66,Good,Training
E1836,Sulabha Jaiswal,49,Customer Support,Customer Success Associate,Full-Time,Permanent,B5,26.7,3.5,94.9,8,36,24,66.67,69.38,73.55,78.43,69.76,86.28,72.52,78.84,11.6,30,94.85,76.3,Good,Training
E1837,Balwant Atrey,46,Information Technology,Cloud Engineer,Full-Time,Permanent,B5,22.8,18.7,97.8,8,30,19,63.33,74.61,72.78,74.64,81.02,87.92,74.26,66.22,12.1,20,63.07,75.26,Good,Training
E1838,Puja Tomar,31,Customer Support,Support Analyst,Full-Time,Permanent,B3,7.1,5.7,94.8,2,28,13,46.43,55.21,52.47,66.5,78.49,53.22,61.95,77.62,3.2,25,86.29,64.37,Average,Training
E1839,Pratibha Bahuguna,42,Information Technology,DevOps Engineer,Full-Time,Permanent,B4,12.1,7.5,69.0,11,35,23,65.71,74.74,68.88,73.44,66.67,59.08,70.96,66.31,6.4,30,80.64,69.83,Average,PIP
E1840,Reshama Deshmukh,39,AI & Data Science,AI Engineer,Full-Time,Permanent,B5,16.0,12.7,96.2,8,25,18,72.0,80.32,73.8,75.54,78.6,66.61,76.74,85.97,2.3,20,55.61,76.98,Good,Training
E1841,Swaraj Patil,30,Finance,Finance Executive,Full-Time,Permanent,B2,4.1,0.9,74.7,21,17,7,41.18,49.86,49.68,50.82,55.34,49.32,51.6,55.33,0.0,25,87.01,53.9,Needs Improvement,PIP
E1842,Poonam Kakkar,52,AI & Data Science,AI Engineer,Full-Time,Permanent,B5,23.1,20.3,90.4,2,26,21,80.77,83.1,83.65,73.52,75.89,85.4,78.05,63.22,5.3,25,63.54,79.3,Good,Incentive
E1843,Rita Acharya,34,Information Technology,Cloud Engineer,Contract,6 Months,B2,4.9,3.8,93.5,4,40,26,65.0,73.3,70.52,79.67,75.77,62.39,75.97,77.58,11.9,15,56.74,73.83,Good,Training
E1844,Sajan Shaw,52,Customer Support,Support Executive,Full-Time,Permanent,B5,25.8,11.3,87.5,6,38,28,73.68,73.74,75.06,71.16,73.61,79.15,74.53,62.68,15.2,25,84.84,75.22,Good,Incentive
E1845,Veena Ambani,33,Human Resources,HR Executive,Full-Time,Permanent,B3,8.3,1.6,94.5,7,34,22,64.71,76.62,68.74,80.82,68.33,56.82,73.94,76.63,6.0,15,65.03,73.54,Good,Training
E1846,Rohan Negi,29,Marketing,Digital Marketing Specialist,Contract,6 Months,B2,3.0,2.0,67.8,18,19,13,68.42,76.16,69.55,78.59,77.98,64.65,71.48,80.07,1.7,25,62.6,72.43,Good,Training
E1847,Akhilesh Khandelwal,56,Marketing,Digital Marketing Specialist,Full-Time,Permanent,B3,8.9,0.1,96.5,8,44,32,72.73,72.4,71.86,73.36,81.02,69.41,71.9,73.06,11.6,20,67.66,75.41,Good,Training
E1848,Chhaya Jalan,46,Human Resources,HR Executive,Full-Time,Permanent,B5,23.9,4.6,72.8,14,21,16,76.19,70.35,77.45,75.94,74.02,88.67,72.34,62.79,0.0,15,60.0,73.86,Good,Training
E1849,Jwala Shrivastava,37,Finance,Finance Executive,Full-Time,Permanent,B2,3.8,1.9,94.0,8,21,17,80.95,77.18,78.71,85.52,79.3,55.21,75.26,69.4,5.2,5,51.88,78.27,Good,Incentive
E1850,Suhani Bhat,25,Customer Support,Support Executive,Contract,12 Months,B2,2.1,0.7,96.7,8,42,24,57.14,61.25,62.19,58.1,59.56,49.15,62.54,69.48,9.4,25,65.02,63.74,Average,Training
E1851,Nootan Goyal,30,Information Technology,Software Engineer,Full-Time,Permanent,B2,3.3,1.8,72.6,21,38,24,63.16,63.08,69.58,78.36,65.94,63.66,73.1,76.16,13.9,15,57.91,68.52,Average,PIP
E1852,Vasundhara Nayak,45,Customer Support,Support Executive,Full-Time,Permanent,B3,8.1,0.5,66.0,10,52,27,51.92,63.55,63.08,65.88,77.15,64.93,64.6,58.13,12.3,25,70.09,63.87,Average,PIP
E1853,Raushan Kanetkar,30,Sales,Sales Executive,Full-Time,Permanent,B2,4.7,0.8,97.6,3,34,27,79.41,70.99,74.76,80.5,76.91,58.55,77.09,77.04,0.8,20,78.76,77.87,Good,Training
E1854,Samar Sawant,32,Sales,Sales Executive,Full-Time,Permanent,B3,8.6,8.4,84.3,10,32,23,71.88,81.41,73.54,77.67,78.94,62.39,77.77,69.2,16.8,20,68.62,75.9,Good,Training
E1855,Jaya Sharma,35,Human Resources,Talent Acquisition Specialist,Full-Time,Permanent,B3,7.5,0.2,80.1,12,36,28,77.78,72.86,79.66,72.01,61.63,59.66,71.81,61.81,10.7,25,79.95,73.18,Good,Training
E1856,Suhasini Goswami,48,Marketing,Marketing Executive,Full-Time,Permanent,B5,23.2,3.5,87.1,11,29,18,62.07,60.9,61.03,67.76,68.28,85.28,67.08,83.98,4.0,25,63.59,68.3,Average,Training
E1857,Shantanu Kothari,53,Customer Support,Support Executive,Full-Time,Permanent,B4,11.6,8.3,97.1,8,58,40,68.97,66.16,66.56,63.03,68.97,69.56,67.01,62.15,22.1,40,85.58,70.53,Good,Training
E1858,Pratyusha Dwivedi,46,Human Resources,HR Executive,Full-Time,Permanent,B4,10.1,4.1,93.2,2,32,25,78.12,84.27,76.66,80.64,69.08,72.5,73.85,65.17,9.6,10,45.8,77.05,Good,Incentive
E1859,Sarika Ambedkar,45,Human Resources,HR Executive,Full-Time,Permanent,B5,19.9,8.2,83.5,5,33,25,75.76,80.73,73.1,77.51,81.03,73.96,70.15,62.49,10.4,30,84.82,77.09,Good,Training
E1860,Lata Patwari,53,Customer Support,Support Analyst,Full-Time,Permanent,B4,9.0,4.3,91.3,8,24,18,75.0,77.7,79.64,81.51,83.78,63.2,82.35,87.52,5.1,40,82.87,80.38,Excellent,Incentive
E1861,Ritesh Gadkari,50,Sales,Business Development Executive,Contract,12 Months,B5,21.4,17.6,75.8,16,25,15,60.0,58.41,67.36,65.58,71.49,83.65,64.67,78.66,0.0,25,72.6,67.41,Average,Training
E1862,Anish Vyas,27,AI & Data Science,Data Analyst,Full-Time,Permanent,B2,3.6,1.3,96.8,2,24,18,75.0,83.38,82.87,87.39,73.23,63.35,78.42,73.0,4.3,25,70.96,80.59,Excellent,Incentive
E1863,Janhvi Lalwani,32,Operations,Operations Manager,Full-Time,Permanent,B4,9.2,6.2,80.7,11,15,10,66.67,63.58,65.99,69.82,76.44,73.92,70.39,67.84,0.0,20,70.98,69.78,Average,Training
E1864,Taniya Dwivedi,46,Customer Support,Support Executive,Full-Time,Permanent,B3,7.3,2.5,88.7,13,35,23,65.71,73.56,65.81,77.3,84.3,70.42,66.95,70.97,6.1,25,78.18,73.98,Good,Training
E1865,Premnarayan Ganguly,45,Sales,Sales Executive,Part-Time,6 Months,B4,9.7,7.0,86.3,10,41,32,78.05,76.22,76.09,83.07,80.91,66.16,77.74,77.2,7.8,20,66.36,78.11,Good,Incentive
E1866,Meghna Bhargav,53,Customer Support,Support Executive,Part-Time,6 Months,B5,23.1,6.8,90.1,9,29,22,75.86,67.19,73.62,71.49,82.95,82.51,68.28,68.11,14.0,25,64.15,74.68,Good,Training
E1867,Nisha Chandrachud,56,AI & Data Science,Data Scientist,Full-Time,Permanent,B5,17.4,10.5,96.1,2,24,18,75.0,75.28,70.81,70.64,73.64,76.36,71.44,69.32,5.6,15,54.11,74.3,Good,Training
E1868,Shailja Runthla,35,Customer Support,Customer Success Associate,Contract,6 Months,B3,6.0,5.5,86.5,12,42,30,71.43,64.4,72.41,69.82,64.77,63.12,72.07,77.38,6.0,25,69.81,70.95,Good,Training
E1869,Anubhuti Shah,40,Sales,Business Development Executive,Full-Time,Permanent,B3,8.9,0.2,95.0,3,24,17,70.83,72.69,68.05,64.66,65.29,63.82,65.68,59.24,0.9,15,66.7,70.24,Good,Training
E1870,Rajeev Gujral,39,Customer Support,Support Executive,Full-Time,Permanent,B5,15.2,6.7,94.7,2,50,33,66.0,76.72,70.4,68.64,64.98,65.75,74.27,70.94,13.3,30,94.7,73.52,Good,Training
E1871,Lakshya Sisodia,37,Finance,Financial Analyst,Part-Time,6 Months,B3,6.6,3.2,93.1,5,29,25,86.21,84.11,83.4,80.54,80.4,68.2,81.25,73.36,0.0,15,61.64,81.71,Excellent,Incentive
E1872,Tushar Bind,35,Human Resources,HR Executive,Contract,24 Months,B3,8.6,1.9,91.8,4,31,16,51.61,53.94,60.19,68.05,66.06,69.5,56.94,57.04,0.0,25,76.93,63.87,Average,Training
E1873,Bhuwaneshwar Nath,31,Finance,Finance Executive,Part-Time,12 Months,B3,8.7,3.1,82.0,8,17,8,47.06,65.17,58.45,73.64,77.91,60.7,62.52,63.86,0.0,40,90.41,66.51,Average,Training
E1874,Sharda Khemka,48,Human Resources,HR Analyst,Full-Time,Permanent,B5,22.2,17.8,96.3,8,28,23,82.14,76.28,79.77,78.33,86.81,86.01,81.46,87.45,4.3,40,76.41,82.36,Excellent,Incentive
E1875,Manmohan Kohli,40,Marketing,Marketing Analyst,Full-Time,Permanent,B5,16.6,0.9,92.1,3,34,24,70.59,75.64,71.55,68.81,81.69,84.04,71.33,72.65,6.3,25,83.2,75.93,Good,Training
E1876,Suryaprakash Kapoor,31,Sales,Business Development Executive,Part-Time,6 Months,B2,4.9,2.5,91.6,3,22,16,72.73,77.84,73.45,78.04,71.43,60.78,79.52,82.59,0.0,5,40.63,74.79,Good,Training
E1877,Pranav Ahir,41,Operations,Operations Executive,Full-Time,Permanent,B3,8.6,6.7,86.4,11,41,27,65.85,65.03,72.08,72.65,83.87,64.61,74.35,86.81,7.4,5,46.87,72.0,Good,Training
E1878,Devang Nag,57,Customer Support,Support Executive,Full-Time,Permanent,B5,31.2,7.1,92.6,2,53,35,66.04,61.45,67.96,75.72,62.72,84.82,68.51,64.31,11.0,40,77.24,70.95,Good,Training
E1879,Yashodhara Joshi,38,Customer Support,Support Executive,Full-Time,Permanent,B3,7.3,6.0,92.1,3,51,38,74.51,80.04,78.83,81.05,90.18,72.38,76.6,85.42,15.0,5,34.53,78.84,Good,Incentive
E1880,Devdutt Pratap,26,Human Resources,HR Analyst,Full-Time,Permanent,B2,2.4,1.0,93.8,8,26,19,73.08,78.06,79.03,81.32,77.49,68.36,75.17,79.8,7.0,10,40.07,77.02,Good,Incentive
E1881,Riti Thackeray,54,Information Technology,Software Engineer,Part-Time,12 Months,B5,26.3,4.9,84.4,5,28,22,78.57,83.23,82.86,88.09,86.23,92.42,78.18,75.29,4.4,15,69.38,82.74,Excellent,Incentive
E1882,Sampada Rawal,35,Marketing,Marketing Analyst,Full-Time,Permanent,B2,3.9,3.5,92.9,2,33,20,60.61,70.95,65.89,67.75,59.7,60.91,66.92,59.16,5.8,10,55.1,67.14,Average,Training
E1883,Rupesh Lohia,28,AI & Data Science,Data Analyst,Full-Time,Permanent,B2,2.0,1.3,94.3,9,34,24,70.59,74.04,74.43,67.6,68.35,53.05,75.04,75.11,1.6,25,69.28,72.89,Good,Training
E1884,Malini Hajariya,48,AI & Data Science,AI Engineer,Full-Time,Permanent,B3,6.9,4.6,92.6,9,29,18,62.07,72.71,68.77,79.05,79.33,64.45,71.09,65.23,0.0,50,93.52,74.3,Good,Training
E1885,Saroj Nag,26,Customer Support,Support Analyst,Full-Time,Permanent,B2,3.1,0.0,96.1,7,22,12,54.55,68.7,61.17,73.39,71.13,50.53,71.84,74.32,6.4,15,58.81,68.17,Average,Training
E1886,Ashutosh Mantri,30,Operations,Operations Executive,Part-Time,6 Months,B2,3.7,2.0,96.4,4,44,33,75.0,80.81,75.12,78.41,85.49,67.96,79.83,84.95,4.8,20,65.5,79.5,Good,Incentive
E1887,Santanika Athawale,54,Information Technology,Cloud Engineer,Full-Time,Permanent,B5,26.8,17.7,92.9,5,30,23,76.67,84.54,74.95,72.51,84.76,73.21,76.87,84.87,3.9,20,69.51,79.29,Good,Training
E1888,Bahadur Marandi,50,Customer Support,Customer Success Associate,Full-Time,Permanent,B5,22.4,6.3,86.9,15,45,34,75.56,76.17,73.95,76.71,67.69,72.52,73.95,67.59,4.7,40,99.99,76.52,Good,Training
E1889,Naitik Saha,25,Operations,Process Analyst,Full-Time,Permanent,B2,2.2,1.9,93.4,8,36,28,77.78,69.33,78.88,71.49,75.46,59.21,79.4,84.8,6.2,30,87.12,77.03,Good,Incentive
E1890,Snehlata Kumar,56,Human Resources,Talent Acquisition Specialist,Full-Time,Permanent,B5,33.2,11.4,94.9,10,24,15,62.5,63.03,66.97,64.51,71.98,79.84,72.13,74.83,3.5,20,67.1,69.93,Average,Training
E1891,Kokila Roshan,54,Information Technology,Software Engineer,Full-Time,Permanent,B5,25.9,13.5,92.2,10,34,20,58.82,63.35,66.37,71.9,77.4,78.88,66.82,75.55,13.6,25,83.57,71.27,Good,Training
E1892,Uttam Kakkar,30,AI & Data Science,Data Analyst,Full-Time,Permanent,B2,2.8,2.4,91.1,4,24,17,70.83,71.29,74.34,77.26,76.18,60.44,76.22,74.7,0.3,15,60.15,74.36,Good,Training
E1893,Shashinath Rana,28,Information Technology,Cloud Engineer,Full-Time,Permanent,B3,5.0,0.5,90.0,3,25,18,72.0,75.64,72.26,72.41,63.14,66.36,75.54,67.66,8.1,30,79.06,73.59,Good,Training
E1894,Khyati Ghoshal,57,Customer Support,Support Executive,Full-Time,Permanent,B5,22.0,4.7,90.6,7,35,20,57.14,68.92,61.33,76.42,67.36,74.1,63.71,64.93,11.7,30,84.22,69.72,Average,Training
E1895,Arushi More,34,Customer Support,Support Executive,Full-Time,Permanent,B2,4.8,1.1,70.9,18,45,27,60.0,70.0,68.7,63.26,80.39,52.97,75.56,81.62,22.0,25,75.48,68.7,Average,PIP
E1896,Vignesh Tata,53,Finance,Accountant,Full-Time,Permanent,B5,27.9,20.9,71.0,15,40,24,60.0,67.7,69.38,78.83,75.07,81.15,71.04,80.99,12.6,25,83.16,71.81,Good,Training
E1897,Premprakash Dhumal,27,Sales,Account Manager,Full-Time,Permanent,B2,4.9,4.9,90.1,3,26,20,76.92,70.96,70.81,80.03,89.41,59.88,72.27,82.22,11.9,15,71.08,77.03,Good,Training
E1898,Kalavati Chouhan,47,Operations,Process Analyst,Full-Time,Permanent,B4,14.2,10.5,78.8,25,20,17,85.0,81.94,85.55,84.29,75.87,69.31,86.85,89.04,6.1,25,87.41,82.61,Excellent,Incentive
E1899,Gajendra Sardana,53,Operations,Operations Executive,Full-Time,Permanent,B5,22.0,17.6,86.2,10,47,35,74.47,69.32,74.23,78.38,82.03,78.98,69.99,72.64,11.2,40,78.83,76.31,Good,Training
E1900,Karn Bhattacharya,42,Operations,Process Analyst,Part-Time,6 Months,B4,13.8,9.5,91.0,2,34,26,76.47,68.52,75.17,81.19,78.41,75.49,73.16,64.05,11.3,15,62.47,75.9,Good,Incentive
E1901,Vishnupriya Bhadauria,44,Customer Support,Customer Success Associate,Full-Time,Permanent,B4,14.1,2.1,83.4,14,36,22,61.11,74.72,67.43,68.51,70.0,73.37,72.12,63.22,9.4,20,59.77,69.53,Average,Training
E1902,Darshan Shaw,42,Marketing,Digital Marketing Specialist,Full-Time,Permanent,B4,11.2,2.0,93.4,8,34,25,73.53,70.55,69.18,68.39,73.93,68.37,73.53,73.48,8.1,5,56.66,72.58,Good,Training
E1903,Nimisha Scindia,39,AI & Data Science,AI Engineer,Full-Time,Permanent,B3,5.5,3.3,88.6,11,15,12,80.0,73.78,81.55,77.51,72.53,62.81,77.4,77.15,0.0,15,68.32,77.32,Good,Incentive
E1904,Vineet Mistry,55,Information Technology,DevOps Engineer,Full-Time,Permanent,B5,20.5,10.2,94.3,5,39,28,71.79,80.66,77.69,70.07,67.03,73.4,79.92,85.92,18.0,15,53.52,75.8,Good,Incentive
E1905,Narayani Jahagirdar,35,Customer Support,Support Executive,Full-Time,Permanent,B3,5.8,0.7,86.8,5,29,23,79.31,83.24,83.31,79.9,79.0,67.87,82.2,76.86,4.8,50,83.92,80.99,Excellent,Incentive
E1906,Lata Gujjar,30,AI & Data Science,Data Scientist,Full-Time,Permanent,B2,2.6,0.2,92.2,2,24,14,58.33,58.52,59.18,58.26,72.13,54.17,67.8,77.44,4.5,25,77.78,65.44,Average,Training
E1907,Prabhakar Tendulkar,45,Information Technology,DevOps Engineer,Full-Time,Permanent,B4,11.7,10.1,83.6,13,33,24,72.73,66.58,71.78,66.8,64.89,72.48,69.97,84.25,0.0,30,71.61,71.45,Good,Training
E1908,Mudrika Swaraj,30,Information Technology,Cloud Engineer,Full-Time,Permanent,B3,6.0,5.7,87.7,15,32,18,56.25,69.6,60.58,69.58,76.52,65.8,63.92,57.15,0.3,20,76.63,68.0,Average,Training
E1909,Swapnil Bhadauria,35,Customer Support,Support Executive,Contract,6 Months,B2,3.6,2.7,93.5,10,25,18,72.0,71.89,75.99,69.45,83.45,54.67,78.65,78.9,0.9,20,59.69,74.69,Good,Training
E1910,Nimish Acharya,50,AI & Data Science,Data Analyst,Full-Time,Permanent,B4,14.9,1.8,87.9,10,41,26,63.41,60.02,66.83,65.15,72.43,61.93,64.43,62.84,12.4,15,69.12,67.26,Average,Training
E1911,Abhigyan Dabral,38,Finance,Financial Analyst,Part-Time,12 Months,B4,10.8,7.3,91.2,2,22,15,68.18,75.74,69.44,81.37,77.39,66.32,73.79,88.02,4.5,25,80.06,76.48,Good,Training
E1912,Rishu Shukla,40,AI & Data Science,Data Scientist,Full-Time,Permanent,B4,9.4,0.9,84.7,15,18,12,66.67,65.53,66.56,77.4,71.41,61.98,71.54,81.66,1.6,50,96.68,72.63,Good,Training
E1913,Nitya Rathod,52,Sales,Account Manager,Full-Time,Permanent,B5,24.2,15.6,72.0,10,19,4,21.05,40.0,33.49,47.46,64.56,71.63,46.88,55.63,0.0,25,83.79,47.85,Needs Improvement,PIP
E1914,Shakuntala Maali,54,Customer Support,Support Executive,Contract,24 Months,B5,30.2,11.8,96.9,5,26,20,76.92,72.41,70.9,70.81,62.6,78.7,70.66,63.77,3.5,40,99.79,75.25,Good,Training
E1915,Jeevika Dalal,52,Finance,Accountant,Full-Time,Permanent,B5,26.2,16.7,96.3,2,20,15,75.0,70.75,78.21,76.2,84.24,87.81,74.09,75.56,0.0,20,73.8,78.64,Good,Incentive
E1916,Koustubh Parmar,43,Operations,Process Analyst,Full-Time,Permanent,B5,17.0,2.0,97.9,4,30,21,70.0,66.81,73.52,69.97,61.28,73.08,67.62,69.82,1.8,10,55.43,71.26,Good,Training
E1917,Babloo Deshpande,39,Human Resources,HR Analyst,Contract,12 Months,B5,15.9,4.0,97.4,4,21,16,76.19,74.25,71.2,81.24,79.18,84.95,72.42,78.83,6.2,15,58.27,77.81,Good,Training
E1918,Purva Deewan,37,AI & Data Science,Data Scientist,Full-Time,Permanent,B3,7.1,3.5,96.0,2,26,16,61.54,60.47,62.09,73.48,65.61,56.95,63.36,76.46,5.1,20,79.85,68.63,Average,Training
E1919,Aditya Bind,32,Customer Support,Support Executive,Full-Time,Permanent,B2,2.7,1.0,96.9,0,47,32,68.09,75.26,69.66,67.06,61.89,48.19,72.39,61.32,9.6,25,65.08,70.24,Good,Training
E1920,Anubhav Tiwari,45,Sales,Sales Executive,Contract,6 Months,B5,19.8,15.5,96.6,4,43,31,72.09,71.51,76.89,74.52,74.21,76.62,70.87,68.65,8.2,40,88.88,76.58,Good,Incentive
E1921,Shivangi Bhat,52,AI & Data Science,AI Engineer,Contract,12 Months,B4,13.1,12.9,97.2,2,26,19,73.08,73.2,68.66,73.42,77.6,64.41,71.35,83.9,0.5,30,76.27,75.53,Good,Training
E1922,Govind Kejriwal,31,Information Technology,Software Engineer,Full-Time,Permanent,B3,8.5,7.4,92.0,3,32,20,62.5,71.47,64.36,75.8,77.68,71.13,69.08,81.09,9.7,40,95.23,73.91,Good,Training
E1923,Jeetesh Jadhav,23,AI & Data Science,ML Engineer,Full-Time,Permanent,B1,0.3,0.2,80.5,13,31,18,58.06,60.31,58.28,63.43,76.59,54.21,64.83,68.07,10.0,25,80.86,65.12,Average,Training
E1924,Poonam Mukhopadhyay,33,Operations,Process Analyst,Full-Time,Permanent,B3,5.7,2.8,97.5,5,42,31,73.81,70.33,76.33,75.96,70.79,57.84,76.93,88.94,6.2,30,81.77,76.57,Good,Incentive
E1925,Surekha Phogat,31,Operations,Operations Manager,Full-Time,Permanent,B3,7.7,3.2,91.6,9,34,25,73.53,68.16,70.72,75.72,77.58,60.0,73.28,66.8,12.5,5,49.41,72.61,Good,Training
E1926,Ajay Sen,34,Human Resources,Talent Acquisition Specialist,Full-Time,Permanent,B4,11.8,10.9,86.2,9,26,16,61.54,57.87,62.43,66.01,66.39,66.92,66.52,80.03,1.1,20,72.38,66.73,Average,Training
E1927,Brajesh Roshan,36,Customer Support,Support Analyst,Full-Time,Permanent,B4,9.6,4.5,74.5,15,47,25,53.19,56.23,61.11,63.73,65.98,57.62,61.24,75.7,13.9,50,79.82,62.91,Average,PIP
E1928,Virat Biswas,30,Operations,Process Analyst,Full-Time,Permanent,B2,4.6,2.6,90.3,6,34,25,73.53,71.98,77.25,66.84,69.18,56.96,75.13,65.3,8.9,15,56.1,72.06,Good,Training
E1929,Karn Wahal,34,Customer Support,Customer Success Associate,Full-Time,Permanent,B3,5.7,5.1,99.1,1,44,34,77.27,74.66,76.24,77.03,68.9,63.63,71.35,73.13,5.1,40,81.71,77.07,Good,Incentive
E1930,Divakar Malik,33,Information Technology,Cloud Engineer,Full-Time,Permanent,B3,8.8,7.8,94.5,2,31,22,70.97,72.9,67.92,74.75,87.09,68.25,74.94,85.73,3.5,30,86.77,76.92,Good,Training
E1931,Pramila Gavaskar,53,Operations,Operations Executive,Full-Time,Permanent,B4,11.7,0.8,86.2,5,49,31,63.27,75.06,70.19,68.15,82.56,61.58,74.98,80.81,12.3,15,70.27,72.76,Good,Training
E1932,Amish Sood,54,Sales,Sales Executive,Full-Time,Permanent,B5,23.6,0.1,97.0,3,28,20,71.43,73.86,74.54,72.81,68.67,72.27,74.14,74.09,0.0,25,86.85,75.83,Good,Training
E1933,Raghu Parekh,43,Customer Support,Support Executive,Full-Time,Permanent,B5,16.3,10.4,97.6,1,60,44,73.33,66.48,69.72,65.64,69.26,71.71,68.47,73.79,22.0,20,56.59,71.49,Good,Training
E1934,Shubham Bahl,45,Finance,Financial Analyst,Full-Time,Permanent,B5,18.8,8.6,72.2,19,34,17,50.0,67.4,60.81,65.91,67.16,74.57,64.06,75.14,6.1,25,68.7,64.68,Average,PIP
E1935,Abhilesh Kamal,44,Finance,Financial Analyst,Full-Time,Permanent,B4,9.5,5.8,85.8,10,35,28,80.0,79.43,83.22,88.07,90.86,81.44,83.91,87.53,9.2,25,69.35,83.39,Excellent,Incentive
E1936,Archita Kaushik,30,Information Technology,DevOps Engineer,Full-Time,Permanent,B3,5.1,0.8,97.6,0,29,20,68.97,65.26,66.88,69.52,73.45,56.58,68.68,60.98,0.0,25,82.2,71.12,Good,Training
E1937,Chandan Yadav,57,Operations,Operations Executive,Full-Time,Permanent,B4,10.4,6.0,90.2,3,28,20,71.43,76.25,69.61,67.04,64.05,59.88,72.04,82.58,13.9,5,46.55,71.13,Good,Training
E1938,Shefali Nath,46,Marketing,Marketing Executive,Full-Time,Permanent,B4,9.3,7.6,94.9,8,37,32,86.49,74.95,84.42,84.06,74.38,76.96,73.52,68.97,7.5,20,73.95,81.09,Excellent,Incentive
E1939,Vedika Kulkarni,24,Human Resources,HR Analyst,Full-Time,Permanent,B1,1.1,0.8,86.3,14,32,21,65.62,64.55,64.31,74.9,78.23,59.9,66.98,70.22,8.4,30,92.65,71.35,Good,Training
E1940,Vineeta Khurrana,41,Human Resources,HR Analyst,Full-Time,Permanent,B5,17.4,6.3,85.5,10,31,20,64.52,63.53,62.01,75.21,78.12,80.74,68.41,84.25,1.3,20,76.9,71.67,Good,Training
E1941,Jeetendra Munda,39,Operations,Operations Executive,Full-Time,Permanent,B3,7.7,2.5,87.5,11,35,23,65.71,71.42,66.12,79.06,71.0,61.58,75.83,82.82,0.0,40,93.98,73.91,Good,Training
E1942,Vedang Haldar,50,Sales,Sales Executive,Full-Time,Permanent,B4,13.1,2.9,98.0,0,29,19,65.52,63.83,64.38,70.15,81.09,72.01,63.24,69.93,0.7,30,77.97,71.65,Good,Training
E1943,Ranveer Scindia,26,Human Resources,Talent Acquisition Specialist,Full-Time,Permanent,B2,2.8,2.6,71.9,16,39,25,64.1,73.0,71.18,68.33,63.09,57.37,75.46,75.94,6.8,40,76.65,69.26,Average,PIP
E1944,Rita Negi,35,Human Resources,HR Executive,Full-Time,Permanent,B3,6.9,4.4,94.9,9,15,14,93.33,91.89,88.1,90.96,75.46,62.24,86.71,77.14,0.0,30,90.95,87.53,Excellent,Incentive
E1945,Satyaprakash Misra,54,Human Resources,Talent Acquisition Specialist,Full-Time,Permanent,B5,30.3,25.1,94.9,3,41,29,70.73,69.47,75.98,72.97,80.47,74.3,71.54,72.1,5.7,30,72.29,75.42,Good,Incentive
E1946,Abhigyan Singh,41,Information Technology,Cloud Engineer,Contract,12 Months,B5,17.1,16.7,83.0,10,23,16,69.57,69.6,65.83,70.97,82.47,75.13,67.37,65.79,6.3,15,60.62,71.39,Good,Training
E1947,Dhrupad Das,57,Sales,Account Manager,Full-Time,Permanent,B5,18.7,0.9,94.3,3,31,25,80.65,78.08,76.82,77.48,69.43,68.98,74.99,70.17,6.2,20,63.34,77.2,Good,Incentive
E1948,Adyashankar Kohli,50,Customer Support,Support Analyst,Contract,24 Months,B3,8.2,1.4,94.5,5,48,37,77.08,67.99,74.95,69.57,80.77,68.15,67.93,65.81,18.2,15,72.34,74.68,Good,Training
E1949,Mahadevi Gehlot,40,Marketing,Digital Marketing Specialist,Contract,12 Months,B3,7.0,2.8,97.7,8,30,16,53.33,54.46,55.55,60.01,64.75,56.74,59.11,59.38,7.5,25,71.76,62.1,Average,Training
E1950,Tejasvi Shrivastava,55,Information Technology,System Administrator,Full-Time,Permanent,B5,17.6,8.6,92.9,5,43,26,60.47,59.06,67.4,63.97,71.33,72.68,67.93,73.51,18.8,20,63.21,67.92,Average,Training
E1951,Khushboo Maurya,30,AI & Data Science,Data Analyst,Full-Time,Permanent,B3,6.0,5.5,93.1,6,29,17,58.62,59.16,66.34,68.07,73.19,58.42,64.19,68.15,9.9,20,61.74,67.08,Average,Training
E1952,Pragati Surana,26,Customer Support,Support Executive,Contract,24 Months,B2,3.3,1.7,88.2,9,32,24,75.0,75.69,72.63,75.7,86.09,57.4,72.32,81.46,11.2,15,54.78,75.58,Good,Training
E1953,Malti Pradhan,49,Finance,Accountant,Full-Time,Permanent,B4,12.3,8.9,92.1,2,39,31,79.49,75.01,76.62,78.26,71.55,62.24,74.7,77.5,15.3,25,85.79,77.78,Good,Incentive
E1954,Nupur Kulkarni,38,Finance,Financial Analyst,Full-Time,Permanent,B4,14.6,3.3,94.7,3,15,10,66.67,70.63,71.19,72.99,62.71,73.99,70.93,73.19,1.2,10,54.39,71.59,Good,Training
E1955,Shwetank Wahal,53,Human Resources,Talent Acquisition Specialist,Part-Time,12 Months,B5,23.8,7.2,92.0,5,22,18,81.82,84.04,81.03,79.36,69.76,78.11,79.93,77.81,1.6,10,62.55,80.03,Excellent,Incentive
E1956,Sohan Shekhawat,36,Information Technology,System Administrator,Full-Time,Permanent,B4,13.4,1.9,96.3,8,33,25,75.76,72.05,75.41,72.72,80.49,73.23,73.07,70.83,0.4,30,75.62,76.71,Good,Incentive
E1957,Jagvanti Thakur,56,Operations,Operations Manager,Full-Time,Permanent,B5,15.8,2.1,91.9,2,32,25,78.12,79.69,81.52,82.29,83.37,85.14,84.45,88.14,6.4,5,49.35,81.12,Excellent,Incentive
E1958,Gaurish Mohanty,46,Information Technology,Software Engineer,Full-Time,Permanent,B5,17.4,6.9,92.1,2,16,12,75.0,82.48,78.63,84.91,82.29,77.13,79.74,69.63,0.0,5,39.31,78.88,Good,Incentive
E1959,Debashish Goenka,31,Finance,Accountant,Full-Time,Permanent,B3,7.7,3.6,94.9,3,40,27,67.5,75.56,71.62,79.29,85.77,71.97,73.05,81.67,10.2,20,78.47,77.42,Good,Training
E1960,Abha Priyadarshini,32,AI & Data Science,Data Scientist,Part-Time,12 Months,B3,5.5,2.1,94.1,4,33,26,78.79,83.44,83.8,85.38,73.29,56.05,76.88,67.06,10.2,25,64.07,79.65,Good,Incentive
E1961,Surekha Tyagi,46,Information Technology,System Administrator,Part-Time,6 Months,B4,10.6,10.6,94.5,7,29,19,65.52,67.6,63.78,74.23,70.26,71.53,68.37,80.82,10.0,15,54.01,70.88,Good,Training
E1962,Yashwant Saxena,49,Customer Support,Customer Success Associate,Full-Time,Permanent,B5,21.0,10.7,94.5,5,46,38,82.61,77.04,76.26,82.6,86.03,81.03,78.87,81.02,12.3,30,73.13,81.53,Excellent,Incentive
E1963,Harini Sahu,37,Sales,Business Development Executive,Part-Time,6 Months,B4,12.5,12.5,86.4,10,47,32,68.09,63.04,70.09,65.8,71.83,69.57,66.55,59.16,13.4,25,75.89,69.43,Average,Training
E1964,Palash Yadav,48,Sales,Business Development Executive,Full-Time,Permanent,B4,11.8,8.4,65.8,10,41,22,53.66,63.36,60.63,59.27,77.71,70.99,67.23,80.48,9.5,25,66.39,64.14,Average,PIP
E1965,Govinda Sethi,45,AI & Data Science,ML Engineer,Full-Time,Permanent,B4,9.7,7.4,96.5,2,32,20,62.5,58.41,61.77,68.58,79.52,71.21,63.86,58.68,7.6,40,76.2,68.79,Average,Training
E1966,Anvesha Mohapatra,42,AI & Data Science,AI Engineer,Full-Time,Permanent,B4,13.7,11.6,82.4,15,21,12,57.14,71.19,68.09,65.32,59.83,63.38,69.05,68.13,6.8,30,87.67,67.9,Average,Training
E1967,Meera Dave,26,Information Technology,System Administrator,Full-Time,Permanent,B2,2.0,1.8,91.1,5,39,29,74.36,70.09,73.8,69.6,71.4,52.5,73.97,61.63,4.8,20,66.0,72.13,Good,Training
E1968,Ashwin Nagar,23,Sales,Business Development Executive,Full-Time,Permanent,B1,0.8,0.7,84.0,8,20,14,70.0,74.94,68.44,74.15,70.65,57.25,74.69,71.61,0.0,25,69.81,72.26,Good,Training
E1969,Abhay Parmar,24,Human Resources,HR Executive,Full-Time,Permanent,B1,1.5,0.6,94.5,4,29,23,79.31,70.79,75.81,76.7,75.63,62.98,70.5,74.14,0.0,25,63.36,75.95,Good,Incentive
E1970,Aishwarya Sahay,43,Information Technology,DevOps Engineer,Full-Time,Permanent,B3,6.0,2.8,85.2,15,27,19,70.37,77.69,78.05,72.54,71.5,54.95,76.97,88.62,0.0,25,68.89,74.94,Good,Training
E1971,Poonam Kejriwal,44,Finance,Accountant,Full-Time,Permanent,B3,6.8,3.7,93.4,3,22,18,81.82,73.85,80.24,81.31,70.06,67.1,78.07,77.3,0.3,25,85.7,79.34,Good,Incentive
E1972,Babita Goenka,55,Operations,Operations Executive,Full-Time,Permanent,B5,15.0,1.0,74.7,17,31,23,74.19,68.93,70.93,69.52,81.67,74.25,71.05,86.25,0.0,25,84.88,73.99,Good,Training
E1973,Jagdish Tiwari,37,AI & Data Science,Data Analyst,Full-Time,Permanent,B4,13.5,3.0,67.2,11,21,9,42.86,60.04,55.22,55.81,78.01,71.23,61.41,72.8,6.5,5,39.92,58.88,Needs Improvement,PIP
E1974,Udit Jaiswal,37,Finance,Financial Analyst,Contract,12 Months,B3,8.0,5.9,99.5,0,27,21,77.78,68.9,73.05,71.47,71.61,70.53,74.97,86.36,1.5,40,79.11,76.34,Good,Training
E1975,Nitisha Rawal,43,AI & Data Science,Data Scientist,Full-Time,Permanent,B4,14.8,7.5,85.6,13,16,11,68.75,74.9,73.71,73.69,82.45,70.3,76.73,80.87,0.0,25,71.76,75.45,Good,Training
E1976,Anubhuti Kaushik,27,AI & Data Science,Data Scientist,Full-Time,Permanent,B2,2.7,1.2,93.2,6,30,22,73.33,81.47,81.28,84.97,76.53,63.05,78.14,65.57,0.0,30,75.44,79.24,Good,Incentive
E1977,Anju Sengupta,45,Finance,Finance Executive,Full-Time,Permanent,B4,9.5,0.4,69.4,16,21,12,57.14,59.27,58.58,60.36,64.55,66.05,67.51,76.8,3.4,50,86.72,63.55,Average,PIP
E1978,Gautami Nag,40,Human Resources,Talent Acquisition Specialist,Part-Time,12 Months,B5,15.4,12.2,70.9,14,30,21,70.0,64.41,68.75,75.43,80.44,67.14,73.74,82.66,5.0,20,59.1,71.05,Good,Training
E1979,Deepali Gujjar,57,Customer Support,Customer Success Associate,Contract,24 Months,B5,28.9,1.5,97.8,8,49,36,73.47,82.29,80.0,87.38,84.06,84.94,76.55,65.7,13.7,30,82.55,82.14,Excellent,Incentive
E1980,Ritika Sethi,45,AI & Data Science,AI Engineer,Full-Time,Permanent,B5,19.2,17.7,80.9,12,18,11,61.11,69.51,66.99,61.69,61.33,81.4,70.93,70.92,0.0,20,65.39,67.55,Average,Training
E1981,Urmila Kushwaha,32,AI & Data Science,ML Engineer,Contract,12 Months,B2,4.0,2.6,80.1,5,27,19,70.37,72.59,72.33,72.16,78.61,56.29,71.08,71.53,7.0,25,70.27,72.45,Good,Training
E1982,Kanchan Gujral,30,Finance,Finance Executive,Full-Time,Permanent,B2,3.9,1.7,92.9,9,37,24,64.86,68.1,70.56,74.66,65.96,60.01,70.72,76.02,5.5,15,51.53,70.53,Good,Training
E1983,Murali Bhandari,27,AI & Data Science,Data Analyst,Full-Time,Permanent,B2,3.6,2.6,97.4,1,31,26,83.87,83.29,84.57,83.02,87.0,66.02,81.99,91.18,6.7,20,67.28,83.98,Excellent,Incentive
E1984,Havisha Narula,51,Sales,Sales Executive,Contract,24 Months,B5,28.5,9.8,94.3,5,45,35,77.78,81.67,81.32,72.05,77.11,82.74,77.86,65.23,19.7,50,97.54,80.23,Excellent,Incentive
E1985,Vicky Arora,24,Marketing,Marketing Analyst,Full-Time,Permanent,B1,1.6,1.2,93.3,5,15,10,66.67,77.82,73.0,67.17,79.1,50.49,80.34,84.79,0.0,20,63.04,73.87,Good,Training
E1986,Vardhaman Kanetkar,52,Finance,Accountant,Part-Time,6 Months,B4,13.9,2.0,96.5,6,34,22,64.71,66.35,63.29,68.8,68.49,71.38,67.27,77.85,13.4,20,70.07,70.3,Good,Training
E1987,Jagannath Shekhawat,34,Finance,Accountant,Full-Time,Permanent,B2,3.2,2.3,92.9,7,23,14,60.87,64.43,61.63,70.68,64.78,51.39,66.04,58.61,0.0,40,80.58,67.24,Average,Training
E1988,Gangesh Sood,35,AI & Data Science,Data Analyst,Contract,24 Months,B4,12.1,4.8,91.3,6,45,31,68.89,64.1,67.86,75.84,82.25,70.95,66.43,66.97,16.2,15,66.73,72.41,Good,Training
E1989,Aditi Pal,50,Human Resources,Talent Acquisition Specialist,Contract,6 Months,B5,15.7,2.8,90.4,3,27,14,51.85,57.7,60.1,66.97,64.43,69.43,64.07,64.43,3.8,5,52.64,63.5,Average,Training
E1990,Geetanjali Kejriwal,31,Information Technology,System Administrator,Full-Time,Permanent,B3,5.1,1.6,91.5,5,37,31,83.78,83.62,78.16,77.65,73.11,56.64,75.33,63.82,8.0,15,51.91,77.33,Good,Incentive
E1991,Hardik Kakkar,43,AI & Data Science,Data Analyst,Part-Time,6 Months,B4,11.3,0.2,83.3,8,29,21,72.41,66.45,70.08,76.66,64.84,62.97,66.59,69.24,5.2,5,35.0,69.34,Average,Training
E1992,Anshika Athawale,56,Sales,Business Development Executive,Full-Time,Permanent,B4,12.8,7.4,96.5,5,36,31,86.11,77.85,81.6,85.27,65.65,70.7,73.04,65.36,0.7,40,99.49,81.27,Excellent,Incentive
E1993,Bipin Kharwar,47,Sales,Account Manager,Full-Time,Permanent,B5,21.9,0.1,93.4,6,23,15,65.22,68.42,72.4,67.98,64.76,70.41,76.13,84.06,9.8,25,66.5,71.77,Good,Training
E1994,Swapnil Giri,44,Operations,Process Analyst,Part-Time,12 Months,B4,14.7,4.3,85.1,12,33,24,72.73,69.18,68.21,69.36,70.2,64.09,65.68,67.25,5.0,15,61.25,70.37,Good,Training
E1995,Sumitra Sampla,23,Information Technology,System Administrator,Contract,24 Months,B1,0.3,0.2,77.2,10,20,14,70.0,75.23,67.83,69.25,71.04,53.73,69.54,63.74,0.0,15,65.61,69.8,Average,Training
E1996,Satyaprakash Ambani,43,AI & Data Science,Data Scientist,Contract,24 Months,B3,6.2,4.7,90.9,4,21,13,61.9,73.01,69.31,70.1,66.8,57.23,69.52,76.69,0.0,40,92.42,71.71,Good,Training
E1997,Akshat Kumar,44,Operations,Process Analyst,Full-Time,Permanent,B5,17.6,10.9,87.4,14,29,20,68.97,77.19,77.37,79.33,72.02,82.08,74.33,74.05,0.0,20,68.99,76.34,Good,Incentive
E1998,Jagvanti Mazumdar,38,Information Technology,Cloud Engineer,Full-Time,Permanent,B3,5.7,4.4,82.2,10,31,21,67.74,70.35,69.66,79.86,82.86,60.39,75.08,85.93,1.6,25,82.9,74.86,Good,Training
E1999,Rajan Malhotra,39,Sales,Sales Executive,Full-Time,Permanent,B5,15.9,7.8,86.3,7,38,27,71.05,70.85,69.49,73.25,65.53,77.5,73.77,78.11,12.1,10,51.7,71.93,Good,Training
E2000,Indumati Tiwari,48,AI & Data Science,ML Engineer,Part-Time,6 Months,B4,11.9,10.1,96.2,1,32,26,81.25,86.98,86.59,82.16,70.27,75.57,80.12,69.81,0.0,30,76.76,82.31,Excellent,Incentive
E2001,Kamya Bharadwaj,39,Marketing,Marketing Executive,Full-Time,Permanent,B5,15.9,8.2,93.7,2,30,23,76.67,78.83,81.96,84.49,82.62,75.92,81.92,80.34,14.5,15,52.76,80.47,Excellent,Incentive
E2002,Poornima Gaharwar,28,Sales,Business Development Executive,Full-Time,Permanent,B2,3.0,3.0,97.5,6,36,26,72.22,64.87,72.08,67.25,80.08,48.6,70.98,81.22,13.2,25,65.28,72.52,Good,Training
E2003,Dinkar Didwania,36,Information Technology,Software Engineer,Full-Time,Permanent,B4,13.8,3.9,90.2,4,26,19,73.08,67.03,73.27,70.45,83.76,69.16,70.81,77.67,0.0,20,79.04,74.8,Good,Training
E2004,Ahilya Tomar,37,Finance,Accountant,Full-Time,Permanent,B3,6.5,5.8,74.6,16,30,16,53.33,59.86,61.64,67.68,66.37,64.44,64.0,82.73,8.2,30,90.74,65.57,Average,PIP
E2005,Devendra Rajpoot,49,Finance,Accountant,Full-Time,Permanent,B5,17.0,13.9,96.3,2,25,17,68.0,65.11,66.55,75.59,70.99,70.83,72.27,72.82,9.7,30,88.77,73.25,Good,Training
E2006,Shailja Biswas,53,Customer Support,Support Executive,Full-Time,Permanent,B4,11.0,5.6,94.7,10,48,36,75.0,66.68,76.65,78.17,84.74,70.83,69.54,69.73,0.1,20,76.87,76.77,Good,Incentive
E2007,Priyali Batra,57,AI & Data Science,Data Scientist,Full-Time,Permanent,B5,15.6,10.0,82.2,9,29,24,82.76,82.17,79.49,80.08,88.74,74.42,79.56,80.89,3.9,25,71.8,81.1,Excellent,Incentive
E2008,Damini Dhoundial,27,Operations,Process Analyst,Full-Time,Permanent,B2,4.7,3.0,97.0,6,40,25,62.5,60.24,64.56,66.1,78.06,56.28,68.59,80.99,12.4,15,61.87,68.9,Average,Training
E2009,Divyansh Balyan,45,Operations,Process Analyst,Full-Time,Permanent,B5,16.4,10.1,97.8,1,22,16,72.73,73.87,77.19,79.34,79.97,76.62,78.36,73.15,1.6,15,63.09,77.81,Good,Incentive
E2010,Sulabh Ahuja,48,Marketing,Digital Marketing Specialist,Contract,6 Months,B5,19.8,11.4,82.3,14,21,11,52.38,68.51,60.61,67.27,73.63,78.77,69.75,75.61,2.0,20,64.77,67.35,Average,Training
E2011,Devbrat Gadkari,48,Finance,Accountant,Full-Time,Permanent,B5,20.7,10.8,69.1,12,45,28,62.22,68.76,68.41,64.9,72.12,82.72,69.44,59.26,11.7,20,71.58,67.92,Average,PIP
E2012,Amogh Priyadarshini,28,Human Resources,HR Analyst,Full-Time,Permanent,B1,1.8,1.6,99.5,4,25,18,72.0,75.17,74.09,82.88,78.67,57.44,77.55,75.19,1.6,10,44.26,76.16,Good,Training
E2013,Prajjwal Roshan,40,Finance,Financial Analyst,Contract,6 Months,B5,15.0,10.4,85.2,9,18,13,72.22,67.44,68.46,74.76,74.43,67.43,66.43,67.08,0.0,50,79.53,72.42,Good,Training
E2014,Jayanti Kanetkar,36,AI & Data Science,Data Scientist,Full-Time,Permanent,B3,5.4,3.8,81.9,6,24,13,54.17,63.16,61.63,65.15,72.49,52.3,60.72,59.79,6.4,15,70.07,64.2,Average,Training
E2015,Vimal Scindia,29,Sales,Sales Executive,Full-Time,Permanent,B3,5.9,5.0,94.2,6,26,19,73.08,68.64,73.71,64.18,83.13,65.5,76.4,76.15,5.1,20,56.85,73.42,Good,Training
E2016,Tamanna Kaushik,37,Operations,Process Analyst,Full-Time,Permanent,B4,12.9,4.3,75.1,12,28,17,60.71,68.83,70.98,67.09,79.34,69.31,71.49,68.12,11.8,25,85.57,70.31,Good,Training
E2017,Madhurima Bhasin,57,Sales,Business Development Executive,Full-Time,Permanent,B5,18.3,7.1,93.8,5,30,25,83.33,76.69,79.05,83.64,84.85,89.45,79.42,71.27,8.5,5,42.64,80.41,Excellent,Incentive
E2018,Nandu Chakraborty,41,Marketing,Marketing Executive,Full-Time,Permanent,B4,12.3,7.4,94.2,4,21,17,80.95,74.81,77.68,67.9,73.22,75.24,78.64,70.3,0.0,15,55.86,75.95,Good,Training
E2019,Hamsika Kulkarni,57,Finance,Accountant,Full-Time,Permanent,B5,29.0,16.1,97.2,7,29,22,75.86,76.08,74.66,76.19,68.12,76.14,74.33,62.68,7.1,15,60.62,75.64,Good,Training
E2020,Sudeshna Dhoni,46,Marketing,Marketing Executive,Full-Time,Permanent,B3,6.2,1.6,96.7,1,29,21,72.41,78.69,70.28,72.5,73.26,58.35,76.72,82.75,14.1,25,86.66,76.3,Good,Training
E2021,Himansh Wahal,39,Finance,Financial Analyst,Full-Time,Permanent,B5,15.3,11.5,90.8,4,24,14,58.33,58.59,59.28,56.18,71.39,69.78,65.21,64.38,6.5,20,76.15,64.85,Average,Training
E2022,Atulanand Shandilya,23,Information Technology,Software Engineer,Full-Time,Permanent,B1,0.9,0.8,99.1,0,19,15,78.95,78.4,74.06,81.0,75.76,60.75,77.51,68.51,0.0,30,76.74,78.52,Good,Training
E2023,Prateek Jahagirdar,35,Information Technology,Software Engineer,Full-Time,Permanent,B2,4.8,1.4,68.2,14,39,23,58.97,68.12,60.53,60.43,66.93,57.36,64.86,58.27,7.7,15,49.03,62.2,Average,PIP
E2024,Swara Parekh,36,Information Technology,DevOps Engineer,Full-Time,Permanent,B4,13.7,1.6,98.0,2,33,26,78.79,73.63,78.59,76.43,74.65,69.93,72.22,73.54,3.0,30,88.84,78.61,Good,Incentive
E2025,Aradhya Sarkar,37,Customer Support,Support Executive,Full-Time,Permanent,B3,6.8,3.8,71.5,11,50,31,62.0,62.1,68.93,67.19,79.13,69.5,67.99,61.63,12.2,30,80.53,68.08,Average,PIP
E2026,Bhagwati Bandopadhyay,26,Information Technology,Software Engineer,Full-Time,Permanent,B2,2.8,1.5,92.3,9,21,15,71.43,73.45,75.26,78.06,73.54,50.88,72.6,67.41,5.4,25,66.64,74.19,Good,Training
E2027,Ashwin Batra,38,Information Technology,Cloud Engineer,Full-Time,Permanent,B4,10.0,9.3,81.5,10,34,20,58.82,73.13,65.91,70.64,70.96,69.05,71.22,59.1,7.6,30,72.4,69.11,Average,Training
E2028,Ujjwala Narula,26,Information Technology,Software Engineer,Full-Time,Permanent,B2,2.8,0.4,96.8,0,31,23,74.19,77.37,76.92,71.47,84.78,62.88,76.28,80.17,4.2,15,70.22,77.63,Good,Incentive
E2029,Arun Rout,50,Customer Support,Support Executive,Full-Time,Permanent,B4,11.1,3.8,97.5,3,38,28,73.68,77.92,74.9,78.21,83.19,63.5,79.49,78.05,9.9,15,48.31,77.24,Good,Training
E2030,Saumya Gaitonde,24,Finance,Accountant,Full-Time,Permanent,B1,1.5,0.3,97.0,3,25,18,72.0,77.27,76.25,67.56,73.85,61.27,72.47,72.9,2.0,20,75.33,75.15,Good,Training
E2031,Rukmini Bhat,30,Finance,Accountant,Full-Time,Permanent,B2,4.1,3.0,72.7,21,40,25,62.5,64.79,64.43,69.2,76.32,61.65,66.31,78.89,15.6,25,81.16,68.44,Average,PIP
E2032,Chandani Holkar,53,Sales,Account Manager,Full-Time,Permanent,B5,24.2,21.6,81.0,15,16,7,43.75,61.55,59.97,63.09,72.94,84.97,61.34,66.55,0.0,25,73.64,63.97,Average,Training
E2033,Preyash Sinha,24,Sales,Business Development Executive,Full-Time,Permanent,B1,0.6,0.1,96.3,4,46,30,65.22,73.29,72.6,81.98,72.71,52.66,73.71,66.8,15.2,25,69.87,74.02,Good,Training
E2034,Krishna Jethwani,38,Sales,Account Manager,Part-Time,6 Months,B4,9.7,3.3,97.4,3,40,30,75.0,68.35,73.76,69.96,74.12,60.89,77.23,82.93,23.7,25,84.83,75.51,Good,Training
E2035,Pratyasha Shorey,32,Sales,Sales Executive,Contract,6 Months,B3,8.0,6.2,84.0,12,37,26,70.27,71.29,70.92,75.07,71.45,58.0,72.57,78.82,11.9,20,71.48,72.72,Good,Training
E2036,Raghav Scindia,27,AI & Data Science,Data Scientist,Full-Time,Permanent,B1,1.4,0.2,100.0,8,15,10,66.67,67.34,69.63,67.39,60.42,51.85,66.74,61.82,0.0,25,62.99,68.87,Average,Training
E2037,Rakhi Raina,56,AI & Data Science,Data Scientist,Contract,24 Months,B4,10.1,1.7,80.6,9,33,19,57.58,57.95,56.5,64.54,72.87,62.79,57.22,60.66,6.3,10,41.0,61.92,Average,Training
E2038,Vaagishwari Narula,45,AI & Data Science,ML Engineer,Part-Time,6 Months,B3,7.3,5.3,92.7,2,27,17,62.96,65.69,69.03,69.32,78.67,59.0,69.54,80.91,6.1,15,70.93,71.21,Good,Training
E2039,Rupanjali Priyadarshini,28,Marketing,Marketing Executive,Full-Time,Permanent,B3,5.7,2.7,90.3,5,32,18,56.25,60.86,57.66,61.64,75.62,57.48,63.96,57.67,3.8,15,56.74,63.85,Average,Training
E2040,Bhargav Chaurasiya,26,AI & Data Science,Data Scientist,Contract,12 Months,B1,1.0,0.3,92.5,7,26,17,65.38,63.77,70.23,62.17,77.0,47.56,63.78,62.59,3.4,10,58.34,67.8,Average,Training
E2041,Madri Bachchan,28,Information Technology,Software Engineer,Full-Time,Permanent,B2,4.7,0.2,93.4,4,25,19,76.0,80.3,74.61,71.53,73.92,67.15,74.35,61.38,0.0,30,90.83,76.78,Good,Training
E2042,Keshav Jethwani,40,AI & Data Science,Data Analyst,Full-Time,Permanent,B3,6.0,5.0,96.9,1,45,35,77.78,78.33,79.03,83.49,79.55,64.34,81.77,81.86,7.1,30,78.39,80.76,Excellent,Incentive
E2043,Mimansa Gond,54,Information Technology,Software Engineer,Full-Time,Permanent,B5,27.7,4.1,93.2,9,22,17,77.27,77.05,78.84,79.24,87.18,90.34,79.64,86.57,2.0,10,59.15,80.68,Excellent,Incentive
E2044,Rahul Lokhande,32,Operations,Operations Executive,Full-Time,Permanent,B3,6.2,3.1,93.3,9,34,24,70.59,72.27,67.18,62.49,63.83,65.43,71.58,75.57,6.0,30,85.83,71.51,Good,Training
E2045,Ravindra Ambani,25,Sales,Sales Executive,Full-Time,Permanent,B2,2.0,0.1,82.2,11,32,19,59.38,57.57,63.98,68.74,67.1,62.65,59.88,57.93,7.7,10,43.51,63.58,Average,Training
E2046,Shivangi Kejriwal,39,Marketing,Marketing Analyst,Contract,12 Months,B4,14.1,13.8,96.0,4,15,10,66.67,72.62,71.67,77.31,76.41,81.26,71.18,66.13,0.0,40,80.41,75.43,Good,Training
E2047,Riti Basu,26,Human Resources,Talent Acquisition Specialist,Full-Time,Permanent,B2,3.4,2.0,96.1,6,42,33,78.57,75.65,81.81,76.63,74.76,50.72,80.63,84.8,8.3,40,91.97,79.39,Good,Incentive
E2048,Umakant Bhawsar,41,AI & Data Science,Data Analyst,Full-Time,Permanent,B3,5.4,3.8,94.1,7,31,23,74.19,81.32,81.13,75.74,73.79,57.63,73.76,64.8,1.8,10,45.28,75.72,Good,Incentive
E2049,Devdutt Lakhotia,44,Human Resources,HR Analyst,Full-Time,Permanent,B5,17.9,10.5,96.9,1,33,22,66.67,62.89,68.32,62.47,69.55,79.7,68.15,81.48,2.6,5,35.85,68.96,Average,Training
E2050,Nityanand Bhatnagar,57,Information Technology,DevOps Engineer,Full-Time,Permanent,B5,34.3,26.3,91.7,2,37,22,59.46,73.59,70.42,68.95,71.82,84.28,76.06,81.53,8.7,10,60.46,72.33,Good,Training
E2051,Sunanda Bachchan,42,Marketing,Marketing Executive,Full-Time,Permanent,B5,17.3,6.8,97.9,0,21,16,76.19,74.45,73.25,72.93,85.72,77.5,74.98,83.77,3.1,40,97.22,79.56,Good,Training
E2052,Omkar Dutta,33,Sales,Account Manager,Full-Time,Permanent,B3,7.7,1.1,66.5,11,29,17,58.62,65.15,66.81,73.03,72.35,69.76,64.26,64.83,13.0,15,51.08,65.92,Average,PIP
E2053,Kamlesh Thackeray,25,Operations,Operations Executive,Full-Time,Permanent,B2,2.5,0.0,90.1,9,31,14,45.16,55.41,54.92,67.44,78.83,54.93,60.58,65.07,0.5,20,77.39,63.23,Average,Training
E2054,Karn Batra,34,Operations,Operations Executive,Full-Time,Permanent,B4,11.0,4.4,78.4,14,24,14,58.33,67.48,69.72,74.33,69.34,60.08,71.55,84.27,2.0,30,89.79,70.54,Good,Training
E2055,Radharaman Ketkar,55,AI & Data Science,Data Analyst,Full-Time,Permanent,B5,15.7,12.5,91.7,4,22,16,72.73,77.15,75.61,73.74,72.45,69.05,79.44,75.0,0.0,15,62.12,75.58,Good,Incentive
E2056,Kaushalya Ambani,31,Operations,Operations Manager,Full-Time,Permanent,B2,3.4,1.8,92.1,6,24,19,79.17,73.42,78.64,82.14,84.97,70.05,76.32,82.18,0.4,25,63.42,79.31,Good,Incentive
E2057,Bhaskar Jahagirdar,41,Human Resources,HR Executive,Full-Time,Permanent,B4,13.3,5.9,90.5,5,35,21,60.0,60.96,65.44,59.2,76.21,61.65,64.3,59.75,11.7,30,77.39,66.67,Average,Training
E2058,Prafull Purohit,27,Operations,Operations Manager,Full-Time,Permanent,B2,4.1,1.7,90.0,10,34,25,73.53,72.45,69.33,69.96,84.67,60.65,74.84,83.39,5.2,25,66.5,74.53,Good,Training
E2059,Arpita Rana,45,Operations,Operations Executive,Full-Time,Permanent,B5,15.7,8.7,86.3,5,40,28,70.0,74.53,74.8,77.01,65.65,74.34,71.47,62.2,0.0,30,79.43,74.02,Good,Training
E2060,Mona Deo,50,AI & Data Science,Data Scientist,Full-Time,Permanent,B5,15.2,0.7,92.0,7,22,18,81.82,73.89,78.24,82.88,77.28,84.02,74.75,87.68,0.0,5,54.8,79.51,Good,Incentive
E2061,Nilesh Parmar,47,Sales,Business Development Executive,Full-Time,Permanent,B5,23.9,1.8,75.0,17,49,28,57.14,71.47,70.03,68.23,63.79,76.32,71.44,67.33,12.2,15,49.67,67.15,Average,Training
E2062,Sajjan Sahu,52,Marketing,Marketing Executive,Full-Time,Permanent,B5,24.4,17.3,83.2,12,40,30,75.0,82.26,74.76,82.74,67.0,77.48,76.27,64.4,7.0,25,82.56,77.27,Good,Training
E2063,Vimala Bandopadhyay,47,Finance,Finance Executive,Full-Time,Permanent,B3,6.9,2.2,96.6,6,37,26,70.27,64.22,66.3,75.1,83.3,57.28,64.38,65.28,8.4,50,94.11,73.43,Good,Training
E2064,Vicky Batra,56,AI & Data Science,ML Engineer,Full-Time,Permanent,B4,10.1,2.8,97.6,2,23,20,86.96,85.44,83.2,81.69,74.78,72.52,80.69,66.63,5.6,30,81.85,82.92,Excellent,Incentive
E2065,Balwant Acharya,33,Information Technology,DevOps Engineer,Full-Time,Permanent,B3,6.8,1.7,70.3,10,38,29,76.32,68.16,76.45,75.41,77.77,69.13,75.62,70.65,3.9,25,73.17,73.69,Good,Training
E2066,Akshat Sood,43,Information Technology,DevOps Engineer,Full-Time,Permanent,B4,12.8,4.9,81.2,9,30,15,50.0,63.33,57.5,58.34,60.89,70.57,64.25,58.9,0.0,25,82.05,62.37,Average,Training
E2067,Janhvi Srivastava,29,Operations,Operations Manager,Full-Time,Permanent,B2,2.9,1.9,91.9,9,26,21,80.77,83.33,78.92,84.34,80.54,63.33,80.34,64.75,3.5,15,58.72,79.7,Good,Incentive
E2068,Harsha Govil,24,Human Resources,HR Executive,Contract,6 Months,B1,1.5,1.3,80.3,9,23,12,52.17,60.07,58.48,64.74,65.67,55.1,66.72,74.87,0.0,40,75.28,63.51,Average,Training
E2069,Damini Reddy,40,Information Technology,System Administrator,Full-Time,Permanent,B3,7.7,4.2,96.3,8,34,29,85.29,74.04,83.05,82.69,72.99,74.4,80.42,79.02,7.4,25,79.73,81.37,Excellent,Incentive
E2070,Sanidhya Dixit,33,Information Technology,Software Engineer,Part-Time,12 Months,B2,3.3,2.0,99.3,8,39,30,76.92,67.63,75.27,73.54,78.63,61.54,73.77,71.53,12.1,25,78.05,76.04,Good,Incentive
E2071,Aditi Mukherjee,40,Operations,Operations Manager,Contract,6 Months,B4,11.1,3.4,96.2,5,29,19,65.52,69.71,65.82,74.94,71.17,66.16,72.58,74.17,3.0,20,64.45,72.0,Good,Training
E2072,Asha Bansal,48,Sales,Business Development Executive,Full-Time,Permanent,B4,12.2,8.5,99.9,1,32,20,62.5,65.57,69.75,74.36,69.59,71.9,68.9,71.71,7.0,30,83.07,72.55,Good,Training
E2073,Harshini Pujari,34,Information Technology,Cloud Engineer,Full-Time,Permanent,B2,4.6,2.1,97.3,2,23,18,78.26,77.01,78.69,83.8,77.16,71.9,77.44,79.37,0.0,25,75.47,80.32,Excellent,Incentive
E2074,Sudevi Pal,26,AI & Data Science,ML Engineer,Full-Time,Permanent,B1,1.5,1.4,99.6,0,15,8,53.33,65.9,58.95,70.83,69.08,49.92,62.55,63.12,0.9,50,86.96,67.35,Average,Training
E2075,Manjesh Tata,24,Operations,Process Analyst,Full-Time,Permanent,B1,0.8,0.1,85.1,6,34,27,79.41,70.73,76.53,65.83,73.31,52.62,75.09,81.89,5.4,40,80.24,74.21,Good,Training
E2076,Aastha Kothari,49,Information Technology,Software Engineer,Full-Time,Permanent,B4,12.7,4.4,99.9,5,22,15,68.18,66.07,72.99,76.29,86.24,65.79,71.17,87.75,0.0,20,62.5,75.5,Good,Training
E2077,Navya Sen,30,Operations,Process Analyst,Full-Time,Permanent,B3,5.5,3.3,97.5,7,35,22,62.86,59.1,59.92,70.33,66.86,61.67,58.57,57.12,4.5,10,46.64,65.47,Average,Training
E2078,Sonu Modanwal,34,Human Resources,Talent Acquisition Specialist,Contract,12 Months,B4,10.9,6.7,94.0,5,33,24,72.73,73.53,70.82,75.28,88.45,67.75,73.34,83.37,5.5,25,84.41,77.54,Good,Training
E2079,Suraj Jadhav,39,Sales,Business Development Executive,Contract,6 Months,B4,11.4,7.2,93.5,2,28,22,78.57,71.03,80.14,72.47,83.63,74.71,73.25,78.59,5.9,15,52.81,77.01,Good,Incentive
E2080,Taruna Sahani,39,Marketing,Digital Marketing Specialist,Contract,6 Months,B4,11.6,8.6,90.7,3,18,14,77.78,70.48,69.85,72.01,78.15,63.59,74.64,79.36,0.0,50,97.01,76.13,Good,Training
E2081,Jatashankar Kushwaha,43,Operations,Operations Manager,Contract,24 Months,B5,20.6,12.8,97.0,6,17,15,88.24,82.46,88.45,74.56,74.21,71.1,81.2,81.1,0.0,5,54.11,81.55,Excellent,Incentive
E2082,Manorama Patel,48,Finance,Financial Analyst,Full-Time,Permanent,B4,10.4,8.5,96.4,3,28,23,82.14,70.91,75.36,69.96,76.09,59.65,75.01,65.17,16.1,20,69.36,75.46,Good,Training
E2083,Somdatt Kejriwal,50,Finance,Accountant,Full-Time,Permanent,B5,15.0,14.9,97.6,0,39,33,84.62,87.63,81.1,76.97,74.04,81.98,81.73,76.44,19.0,20,69.35,82.19,Excellent,Incentive
E2084,Himansh Upadhyay,34,Customer Support,Support Analyst,Contract,6 Months,B3,6.8,3.5,80.7,15,26,18,69.23,79.83,73.26,77.68,76.49,61.77,77.34,69.6,4.1,15,54.17,73.86,Good,Training
E2085,Indu Kaul,45,AI & Data Science,AI Engineer,Full-Time,Permanent,B5,22.1,8.2,87.2,5,26,20,76.92,71.36,77.53,72.37,66.37,73.92,78.05,72.98,0.0,25,86.66,75.66,Good,Incentive
E2086,Abhinav Dubey,32,Finance,Financial Analyst,Full-Time,Permanent,B4,9.1,3.0,95.0,8,33,23,69.7,75.62,69.46,69.14,84.42,69.04,74.25,81.87,3.4,30,93.84,76.48,Good,Training
E2087,Mitali Malhotra,51,Customer Support,Customer Success Associate,Full-Time,Permanent,B5,19.6,12.3,85.8,14,22,16,72.73,76.91,77.79,74.85,63.98,83.62,79.96,73.89,9.0,40,83.31,76.36,Good,Incentive
E2088,Akriti Deewan,41,Information Technology,DevOps Engineer,Full-Time,Permanent,B3,6.8,0.1,99.5,8,33,27,81.82,87.96,80.87,87.79,82.86,67.73,84.22,80.47,18.3,25,82.97,84.77,Excellent,Incentive
E2089,Shashank Kelkar,43,AI & Data Science,ML Engineer,Full-Time,Permanent,B3,6.6,0.3,97.6,6,33,22,66.67,72.08,68.29,69.04,73.28,61.54,75.62,77.45,9.4,50,93.07,73.88,Good,Training
E2090,Anusha Bhargav,49,AI & Data Science,Data Scientist,Full-Time,Permanent,B3,8.8,6.3,90.4,2,15,8,53.33,52.82,55.25,67.15,73.19,67.45,61.21,63.71,0.0,30,87.05,64.61,Average,Training
E2091,Pragati Vats,51,AI & Data Science,Data Analyst,Full-Time,Permanent,B4,14.3,4.6,97.4,6,24,20,83.33,77.32,78.17,69.47,81.31,75.44,77.01,67.9,0.0,25,73.64,78.81,Good,Training
E2092,Ved Awasthi,28,Information Technology,Software Engineer,Full-Time,Permanent,B2,4.1,0.4,96.2,1,24,18,75.0,75.26,72.43,69.67,77.02,63.44,78.14,78.75,0.0,10,56.92,75.04,Good,Training
E2093,Saurav Malik,24,Human Resources,Talent Acquisition Specialist,Contract,24 Months,B1,0.9,0.1,93.2,2,22,16,72.73,65.9,72.89,66.97,65.39,51.13,74.57,77.96,0.0,50,91.26,72.38,Good,Training
E2094,Satish Khurrana,38,Marketing,Digital Marketing Specialist,Contract,6 Months,B3,8.7,2.7,82.8,11,43,31,72.09,67.33,74.03,64.34,75.02,65.54,70.32,71.77,15.6,15,64.35,71.05,Good,Training
E2095,Krish Atrey,52,Human Resources,HR Analyst,Contract,24 Months,B5,29.3,4.7,92.2,5,27,20,74.07,68.31,76.77,73.89,75.83,79.47,71.1,63.69,5.9,10,63.45,74.64,Good,Training
E2096,Vishwas Lohia,45,Customer Support,Customer Success Associate,Full-Time,Permanent,B5,18.7,1.6,80.8,9,38,22,57.89,61.38,67.28,66.2,67.2,76.65,65.44,74.63,8.3,10,44.96,65.8,Average,Training
E2097,Priti Bhatia,51,Operations,Process Analyst,Full-Time,Permanent,B4,11.0,5.9,90.1,4,39,29,74.36,67.17,76.26,82.1,82.61,74.56,70.94,73.84,9.4,25,83.53,77.4,Good,Incentive
E2098,Mahavir Gambhir,31,Information Technology,DevOps Engineer,Contract,6 Months,B3,7.1,1.6,88.0,9,17,13,76.47,71.05,69.43,65.01,66.13,65.34,66.39,59.45,0.0,15,59.12,70.22,Good,Training
E2099,Narmada Ghosh,41,Operations,Operations Executive,Part-Time,12 Months,B4,14.2,8.8,94.5,9,20,14,70.0,79.49,70.59,66.54,69.63,71.52,74.26,66.66,0.0,25,73.75,73.72,Good,Training
E2100,Manmohan Dadhich,37,Sales,Sales Executive,Part-Time,6 Months,B2,4.5,1.6,97.4,4,39,26,66.67,71.73,69.62,75.54,69.58,60.59,73.13,79.74,4.2,40,86.07,74.21,Good,Training
E2101,Gagan Kanetkar,31,Information Technology,Cloud Engineer,Part-Time,6 Months,B2,3.1,0.3,87.6,12,40,27,67.5,78.4,75.14,69.65,74.09,58.36,76.24,86.24,3.5,15,61.3,73.88,Good,Training
E2102,Charu Dhoundial,40,AI & Data Science,AI Engineer,Contract,12 Months,B5,17.8,13.1,93.3,6,24,21,87.5,90.32,85.12,82.64,69.26,86.69,86.16,78.6,0.0,25,84.94,84.91,Excellent,Incentive
E2103,Anish Rana,45,Finance,Finance Executive,Full-Time,Permanent,B5,15.8,14.4,91.6,7,31,20,64.52,66.45,64.11,65.03,77.04,76.45,64.61,62.36,7.3,50,92.78,70.69,Good,Training
E2104,Akshat Purohit,44,Operations,Process Analyst,Full-Time,Permanent,B4,11.2,0.3,91.8,9,40,27,67.5,62.52,71.15,75.92,69.61,64.42,66.41,74.4,4.1,15,59.68,70.95,Good,Training
E2105,Dipanshi Saxena,51,Information Technology,Software Engineer,Contract,12 Months,B5,20.5,4.2,94.8,6,24,12,50.0,59.43,57.27,72.74,64.3,77.48,62.38,69.75,0.0,30,86.12,66.61,Average,Training
E2106,Arunita Khemka,35,Information Technology,System Administrator,Contract,24 Months,B3,6.1,4.3,91.2,5,40,21,52.5,62.72,56.6,64.86,73.55,56.27,65.27,77.12,8.7,40,78.02,65.81,Average,Training
E2107,Ratnakar Marandi,53,Marketing,Marketing Analyst,Full-Time,Permanent,B5,23.1,13.8,90.1,9,34,18,52.94,65.63,57.4,72.5,81.78,82.84,65.03,74.76,8.1,5,44.62,67.82,Average,Training
E2108,Rinkesh Vats,41,AI & Data Science,Data Scientist,Full-Time,Permanent,B3,7.2,4.6,92.8,8,29,23,79.31,81.14,76.67,74.87,77.03,66.4,75.32,70.95,4.3,30,82.45,78.54,Good,Incentive
E2109,Runjhun Mohanty,53,Human Resources,HR Executive,Full-Time,Permanent,B4,14.9,2.3,96.5,7,24,17,70.83,66.24,72.5,76.75,63.1,67.39,65.14,61.84,0.3,5,36.55,70.45,Good,Training
E2110,Indumati Lalwani,43,Customer Support,Support Analyst,Full-Time,Permanent,B4,9.6,4.4,70.8,17,34,17,50.0,52.98,51.38,61.33,83.86,69.33,60.02,80.37,13.3,30,94.75,63.04,Average,PIP
E2111,Vedant Jethwani,41,Human Resources,HR Executive,Full-Time,Permanent,B3,5.3,4.7,93.1,7,32,17,53.12,61.13,58.02,62.14,61.85,62.86,58.81,60.62,7.0,5,54.72,62.51,Average,Training
E2112,Ramdev Kadam,54,Marketing,Digital Marketing Specialist,Full-Time,Permanent,B5,15.1,14.3,91.2,4,18,12,66.67,75.47,67.61,80.27,67.54,71.22,73.01,73.91,0.0,15,61.91,73.38,Good,Training
E2113,Gangesh Deo,32,Human Resources,HR Executive,Contract,24 Months,B3,8.5,2.3,80.3,5,24,16,66.67,64.63,70.52,62.66,62.89,53.45,69.03,69.79,0.0,40,97.81,68.5,Average,Training
E2114,Narendra Goel,46,Customer Support,Support Executive,Full-Time,Permanent,B3,6.6,3.2,94.4,9,58,41,70.69,71.33,68.91,71.69,66.7,53.38,75.72,83.28,10.8,5,41.25,71.18,Good,Training
E2115,Gagandeep Vishwakarma,38,Information Technology,DevOps Engineer,Full-Time,Permanent,B3,6.5,3.2,69.0,10,27,15,55.56,65.04,64.06,64.0,73.64,60.73,66.79,71.44,3.1,40,79.23,65.47,Average,PIP
E2116,Jamunadas Agnihotri,53,Information Technology,Software Engineer,Full-Time,Permanent,B4,13.5,8.9,90.3,3,24,16,66.67,72.57,66.17,68.86,80.99,67.9,73.6,80.75,4.4,10,43.72,71.57,Good,Training
E2117,Lakshmi Bhasin,23,Information Technology,Cloud Engineer,Full-Time,Permanent,B1,0.8,0.2,90.2,8,29,23,79.31,85.23,75.85,69.33,78.0,60.91,75.17,68.84,1.4,30,79.92,77.52,Good,Training
E2118,Garima Jaiswal,43,AI & Data Science,ML Engineer,Contract,12 Months,B5,19.0,1.6,94.6,7,27,18,66.67,73.65,67.54,66.19,73.27,80.64,67.55,68.67,4.5,20,63.42,71.91,Good,Training
E2119,Varun Saxena,48,Sales,Business Development Executive,Full-Time,Permanent,B5,25.4,2.0,94.7,4,24,17,70.83,78.95,75.58,83.64,70.29,81.9,74.18,70.31,10.4,20,67.25,77.53,Good,Incentive
E2120,Reet Bhatt,34,AI & Data Science,Data Scientist,Contract,12 Months,B4,10.6,9.5,94.3,5,28,24,85.71,80.79,81.84,80.23,78.59,61.88,75.97,70.39,0.0,30,74.86,80.73,Excellent,Incentive
E2121,Devdutt Gujral,55,AI & Data Science,Data Analyst,Full-Time,Permanent,B5,29.3,12.1,93.2,2,37,27,72.97,81.46,76.16,74.79,63.54,69.3,78.81,70.67,3.8,25,79.8,76.41,Good,Incentive
E2122,Karn Chaubey,54,Operations,Process Analyst,Full-Time,Permanent,B4,13.6,3.0,96.5,1,26,20,76.92,81.58,76.05,82.74,79.11,75.93,78.74,77.11,3.5,25,87.23,81.11,Excellent,Incentive
E2123,Santoshi Giri,50,AI & Data Science,Data Analyst,Full-Time,Permanent,B4,9.6,2.4,91.2,8,43,28,65.12,69.87,73.42,68.09,64.16,62.34,76.12,79.89,2.8,25,71.14,71.49,Good,Training
E2124,Anoop Narula,29,Sales,Sales Executive,Part-Time,6 Months,B2,4.9,2.8,65.3,16,27,17,62.96,65.32,62.96,61.58,63.56,61.16,63.1,62.88,2.7,20,61.47,63.24,Average,PIP
E2125,Shubhi Parekh,46,Operations,Process Analyst,Full-Time,Permanent,B4,14.7,2.7,87.2,10,27,19,70.37,65.8,65.2,61.72,72.84,74.36,66.05,72.98,8.4,20,57.13,68.99,Average,Training
E2126,Divya Purohit,41,Human Resources,HR Analyst,Full-Time,Permanent,B5,18.4,15.3,97.8,3,21,18,85.71,83.38,82.01,83.78,92.11,89.27,81.84,90.95,0.0,10,54.37,85.04,Excellent,Incentive
E2127,Vishakha Choudhuri,33,AI & Data Science,Data Analyst,Full-Time,Permanent,B2,4.5,4.0,92.3,5,43,28,65.12,69.86,69.58,64.32,66.99,63.78,72.21,64.73,13.4,20,72.38,69.92,Average,Training
E2128,Prabha Nayak,34,Finance,Accountant,Full-Time,Permanent,B4,10.9,3.9,93.8,3,39,31,79.49,75.8,80.55,78.91,81.24,64.08,76.17,74.5,0.0,50,89.3,79.92,Good,Incentive
E2129,Padmavati Kamath,49,Information Technology,Cloud Engineer,Full-Time,Permanent,B4,10.7,7.3,96.6,1,28,20,71.43,66.65,67.45,69.85,67.48,72.55,66.48,71.36,10.0,25,65.78,71.52,Good,Training
E2130,Murali Baghel,24,Customer Support,Support Executive,Full-Time,Permanent,B1,1.7,1.0,96.5,3,31,21,67.74,69.47,65.81,72.77,71.44,50.86,70.59,75.1,13.3,5,50.89,70.53,Good,Training
E2131,Prashant Bhaskar,24,AI & Data Science,Data Scientist,Full-Time,Permanent,B1,1.9,0.2,85.9,8,24,16,66.67,78.27,68.05,71.98,74.03,58.57,67.53,61.25,5.6,30,88.99,72.56,Good,Training
E2132,Arunita Kayasth,52,AI & Data Science,ML Engineer,Full-Time,Permanent,B5,29.8,7.2,92.5,4,25,19,76.0,72.2,74.32,72.46,66.64,80.58,70.65,76.19,2.5,40,78.32,75.45,Good,Training
E2133,Sagarika Khanna,50,Sales,Sales Executive,Full-Time,Permanent,B4,13.4,6.2,92.1,3,44,29,65.91,70.21,70.68,80.33,68.58,79.49,72.47,73.47,15.8,20,73.24,74.07,Good,Training
E2134,Mitali Mukherjee,32,Information Technology,System Administrator,Full-Time,Permanent,B3,8.4,3.5,94.2,3,33,23,69.7,64.56,72.22,68.11,69.39,53.76,70.91,65.6,17.1,30,90.78,71.6,Good,Training
E2135,Neeru Banerjee,55,AI & Data Science,Data Analyst,Full-Time,Permanent,B5,18.6,14.0,97.9,1,25,18,72.0,66.19,73.46,77.7,84.58,83.53,71.57,77.97,2.8,25,73.66,76.99,Good,Training
E2136,Uday Jaitley,38,AI & Data Science,ML Engineer,Full-Time,Permanent,B2,4.8,3.6,83.4,12,32,23,71.88,80.42,76.82,73.82,77.6,64.4,78.25,80.28,3.3,15,69.72,76.17,Good,Incentive
E2137,Kripashankar Goenka,42,Human Resources,HR Executive,Full-Time,Permanent,B5,19.6,6.4,70.5,13,28,16,57.14,56.6,62.58,66.16,82.99,70.52,66.25,76.72,0.0,20,62.03,65.5,Average,PIP
E2138,Havisha Guha,49,Marketing,Digital Marketing Specialist,Full-Time,Permanent,B4,9.4,8.8,93.1,8,21,14,66.67,67.99,71.11,66.76,66.68,62.9,70.2,67.49,2.5,15,71.01,70.44,Good,Training
E2139,Lakshya Barjatya,56,Finance,Finance Executive,Contract,6 Months,B5,32.3,17.3,91.8,3,34,27,79.41,77.22,80.51,76.17,76.08,78.31,80.2,76.73,4.5,30,87.44,79.92,Good,Incentive
E2140,Chandika Goel,47,Sales,Sales Executive,Full-Time,Permanent,B5,15.7,1.5,90.6,8,31,18,58.06,70.31,70.39,69.23,71.53,66.75,71.19,79.71,4.2,20,56.19,70.1,Good,Training
E2141,Narmada Rastogi,31,AI & Data Science,Data Scientist,Full-Time,Permanent,B3,7.5,0.5,92.3,4,31,22,70.97,69.47,73.2,68.99,65.85,66.78,72.92,71.67,7.3,40,92.62,73.41,Good,Training
E2142,Deepika Oberoi,31,Human Resources,HR Executive,Contract,6 Months,B3,6.2,2.9,91.6,4,32,22,68.75,78.88,72.15,70.66,81.94,60.46,75.62,68.1,4.9,25,78.42,75.05,Good,Training
E2143,Bhavika Mukherjee,56,Human Resources,Talent Acquisition Specialist,Full-Time,Permanent,B5,32.3,25.8,88.7,15,34,21,61.76,67.62,67.54,67.03,62.1,66.68,71.93,76.11,1.4,40,90.54,69.94,Average,Training
E2144,Mona Goel,24,Information Technology,DevOps Engineer,Full-Time,Permanent,B1,1.9,0.8,90.2,3,37,27,72.97,77.89,75.09,75.99,67.73,57.49,78.72,77.01,15.8,10,57.5,74.62,Good,Training
E2145,Kedarnath Gupta,46,Marketing,Marketing Executive,Full-Time,Permanent,B5,19.2,5.8,86.1,12,20,14,70.0,73.8,67.88,69.18,63.21,74.61,68.52,68.55,0.0,50,87.36,72.01,Good,Training
E2146,Khushi Kothari,24,Human Resources,HR Analyst,Full-Time,Permanent,B1,1.7,0.4,88.5,15,32,21,65.62,69.67,66.99,74.49,63.89,62.07,67.59,70.92,3.4,15,52.5,69.41,Average,Training
E2147,Eklavya Kannaujiya,36,Information Technology,Software Engineer,Full-Time,Permanent,B4,11.8,4.8,96.5,4,40,30,75.0,76.43,72.51,76.79,84.4,68.06,78.15,76.76,17.4,30,85.63,78.63,Good,Training
E2148,Raghu Nath,37,Sales,Business Development Executive,Contract,24 Months,B4,10.8,10.3,94.6,9,23,14,60.87,66.64,68.89,76.28,79.64,63.37,70.23,63.09,0.0,25,84.61,72.39,Good,Training
E2149,Dipu Ram,50,AI & Data Science,AI Engineer,Full-Time,Permanent,B5,20.3,10.6,93.3,2,32,25,78.12,82.32,83.26,74.08,87.66,83.08,85.31,86.6,13.5,40,94.26,83.23,Excellent,Incentive
E2150,Chhotelal Kamble,46,Marketing,Marketing Executive,Part-Time,12 Months,B4,11.6,7.6,97.2,3,26,20,76.92,72.61,77.83,78.93,70.99,78.07,77.22,77.19,2.9,15,67.68,77.77,Good,Incentive
E2151,Ruchir Bakshi,36,Sales,Account Manager,Full-Time,Permanent,B3,5.9,2.8,80.7,10,15,8,53.33,62.79,61.99,58.41,70.22,61.83,61.02,59.76,3.0,25,68.39,63.12,Average,Training
E2152,Murlidhar Bahuguna,46,Operations,Process Analyst,Full-Time,Permanent,B5,22.6,4.2,94.9,5,44,33,75.0,71.42,75.45,80.57,80.14,80.21,76.31,81.77,7.8,30,75.89,78.58,Good,Incentive
E2153,Mandira Biswas,34,Sales,Business Development Executive,Full-Time,Permanent,B2,3.0,2.8,99.7,5,41,34,82.93,76.83,81.95,79.12,77.32,51.06,75.7,72.2,4.5,30,83.73,79.96,Good,Incentive
E2154,Deepti Deshmukh,28,Sales,Sales Executive,Full-Time,Permanent,B2,3.5,1.1,90.7,6,43,29,67.44,77.03,73.28,83.5,65.95,67.74,71.76,69.66,18.2,5,39.36,73.28,Good,Training
E2155,Samarth Khatri,44,Finance,Accountant,Full-Time,Permanent,B5,21.8,19.8,96.9,5,34,25,73.53,71.01,71.51,80.82,67.42,71.69,67.51,66.29,7.4,40,91.38,75.81,Good,Training
E2156,Gagandeep Soni,38,Operations,Operations Executive,Full-Time,Permanent,B3,8.6,3.8,93.1,3,48,26,54.17,55.58,56.69,56.88,64.49,56.43,66.0,76.52,8.7,20,59.43,62.18,Average,Training
E2157,Aanchal Runthla,47,Human Resources,HR Executive,Contract,24 Months,B5,23.8,7.8,92.9,6,24,18,75.0,67.56,70.38,68.92,68.97,83.25,70.97,64.53,2.7,50,79.38,73.37,Good,Training
E2158,Khushi Mahto,42,Human Resources,HR Executive,Full-Time,Permanent,B4,12.5,5.2,93.3,9,30,17,56.67,66.99,62.16,68.92,85.16,62.83,69.0,80.86,0.0,30,84.53,70.92,Good,Training
E2159,Kalavati Acharya,25,AI & Data Science,Data Analyst,Full-Time,Permanent,B2,2.1,1.8,96.8,7,20,16,80.0,74.93,73.88,70.38,77.19,54.09,79.44,86.2,0.0,15,57.44,76.14,Good,Training
E2160,Adyashankar Ram,38,Finance,Finance Executive,Part-Time,12 Months,B2,4.4,1.3,93.8,7,15,12,80.0,84.53,81.88,74.23,68.62,55.8,78.35,80.02,0.0,30,90.34,79.56,Good,Incentive
E2161,Harsh Hatwal,26,Operations,Process Analyst,Full-Time,Permanent,B2,3.5,3.4,96.3,7,32,25,78.12,72.54,80.11,69.36,76.79,53.82,80.66,84.82,3.0,10,56.82,76.13,Good,Training
E2162,Jayshree Rana,36,Sales,Business Development Executive,Full-Time,Permanent,B4,13.8,4.3,98.0,3,30,23,76.67,76.09,77.74,77.6,79.38,75.58,79.12,79.7,1.8,20,63.69,78.86,Good,Incentive
E2163,Sohini Dhumal,36,AI & Data Science,Data Analyst,Full-Time,Permanent,B3,6.9,0.9,74.7,12,37,21,56.76,55.97,61.81,69.41,78.03,55.79,62.04,69.8,5.6,20,55.64,64.03,Average,PIP
E2164,Arpit Prajapati,38,Sales,Sales Executive,Contract,12 Months,B4,11.3,4.4,97.2,7,48,31,64.58,70.83,66.54,62.31,74.69,63.25,71.09,75.77,11.7,15,64.31,70.55,Good,Training
E2165,Avantika Pushkar,45,Sales,Sales Executive,Full-Time,Permanent,B4,10.9,0.2,91.5,3,48,34,70.83,72.53,72.71,80.93,70.88,60.68,72.89,73.47,9.9,5,41.83,73.23,Good,Training
E2166,Tejas Kohli,29,Marketing,Digital Marketing Specialist,Full-Time,Permanent,B3,6.1,4.6,100.0,7,41,34,82.93,85.12,87.06,85.11,83.17,64.77,83.72,67.0,12.1,20,61.89,83.22,Excellent,Incentive
E2167,Lakshman Fadnavis,37,Information Technology,System Administrator,Part-Time,6 Months,B3,8.0,4.8,97.6,5,37,31,83.78,88.92,83.67,86.1,82.59,75.28,87.07,84.82,0.3,10,49.36,84.22,Excellent,Incentive
E2168,Lavanya Saha,56,Operations,Operations Manager,Full-Time,Permanent,B5,21.2,2.6,75.0,21,17,12,70.59,74.9,68.25,74.44,74.42,81.05,76.42,83.63,3.3,25,70.86,73.77,Good,Training
E2169,Mihika Giri,49,Marketing,Marketing Analyst,Full-Time,Permanent,B5,25.5,16.8,84.3,14,31,22,70.97,75.79,71.15,77.03,74.22,79.63,73.97,67.66,5.1,25,64.71,74.39,Good,Training
E2170,Nandkishor Sethi,36,Information Technology,System Administrator,Full-Time,Permanent,B4,10.5,1.7,82.4,7,28,21,75.0,67.68,76.49,65.23,77.44,58.69,72.63,71.9,4.0,20,70.04,72.31,Good,Training
E2171,Vishal Hazari,55,Finance,Finance Executive,Full-Time,Permanent,B5,29.1,21.1,88.5,7,38,32,84.21,73.12,78.56,69.68,72.23,78.21,78.84,84.81,6.9,10,52.27,76.61,Good,Training
E2172,Deepak Mahajan,57,Marketing,Digital Marketing Specialist,Part-Time,6 Months,B5,29.8,29.0,91.7,2,15,11,73.33,77.47,78.77,71.64,64.19,81.52,75.9,69.27,0.0,30,83.48,76.28,Good,Incentive
E2173,Kanakpratap Kulkarni,41,Finance,Accountant,Full-Time,Permanent,B3,5.2,5.1,97.7,7,38,31,81.58,73.51,79.51,78.87,70.28,68.86,76.65,76.81,9.6,30,71.17,78.49,Good,Incentive
E2174,Sukritika Awasthi,45,Customer Support,Customer Success Associate,Full-Time,Permanent,B5,15.3,15.3,90.4,8,50,32,64.0,67.0,68.59,68.98,60.72,62.42,64.53,59.66,20.9,5,53.49,67.4,Average,Training
E2175,Shanti Nath,35,Sales,Business Development Executive,Full-Time,Permanent,B3,5.3,0.8,90.6,5,48,28,58.33,68.08,60.51,73.66,65.28,66.73,64.11,60.9,26.1,40,89.5,68.74,Average,Training
E2176,Aryabhatta Dwivedi,57,AI & Data Science,Data Analyst,Full-Time,Permanent,B5,33.4,31.1,82.4,14,28,15,53.57,65.19,61.31,64.48,62.53,81.81,62.67,68.7,0.0,20,74.67,65.57,Average,Training
E2177,Sudeshna Ghosh,51,AI & Data Science,Data Analyst,Full-Time,Permanent,B5,19.6,11.5,97.6,5,23,20,86.96,89.3,83.4,78.53,75.17,76.74,80.57,82.89,0.3,20,72.58,83.64,Excellent,Incentive
E2178,Shubhangi Chouhan,47,Information Technology,Software Engineer,Full-Time,Permanent,B4,10.6,0.3,80.7,13,24,16,66.67,63.55,64.62,69.66,68.94,67.42,69.09,63.99,6.2,20,68.17,68.07,Average,Training
E2179,Nikhil Barjatya,24,Finance,Finance Executive,Full-Time,Permanent,B2,2.0,1.5,99.3,2,20,14,70.0,67.5,66.77,66.64,80.61,60.18,73.2,78.48,0.0,10,47.2,71.58,Good,Training
E2180,Manjunath Rai,49,Customer Support,Support Analyst,Contract,6 Months,B5,15.8,14.4,91.7,9,21,16,76.19,83.53,74.04,75.52,74.47,82.17,75.77,65.62,0.0,25,85.07,78.44,Good,Training
E2181,Nirmala Chakraborty,23,Customer Support,Support Executive,Contract,24 Months,B1,0.5,0.3,96.9,5,59,45,76.27,82.7,81.12,87.59,75.45,51.19,83.55,91.59,22.2,20,57.5,80.58,Excellent,Incentive
E2182,Sanjay Deo,45,Human Resources,HR Analyst,Full-Time,Permanent,B5,15.7,15.3,92.6,3,34,28,82.35,81.88,77.53,71.08,81.24,69.88,76.87,83.27,0.0,25,72.79,79.45,Good,Incentive
E2183,Avinash Rastogi,46,Customer Support,Customer Success Associate,Contract,12 Months,B4,12.1,9.8,82.6,15,34,23,67.65,73.94,74.01,73.37,70.28,74.44,77.69,77.84,5.4,15,54.43,72.85,Good,Training
E2184,Shivshankar Upadhyay,48,Marketing,Marketing Executive,Full-Time,Permanent,B5,21.4,4.8,91.1,6,35,29,82.86,75.34,80.23,79.9,84.23,76.89,76.45,81.81,4.4,25,83.48,81.21,Excellent,Incentive
E2185,Sameet Shankar,42,Operations,Operations Executive,Contract,12 Months,B4,12.4,10.1,96.9,1,21,15,71.43,66.49,73.93,73.65,81.62,65.46,73.97,74.53,4.6,25,66.91,74.72,Good,Training
E2186,Kartik Bahuguna,23,Marketing,Digital Marketing Specialist,Full-Time,Permanent,B1,0.4,0.4,80.8,14,29,20,68.97,70.96,71.64,65.76,78.99,45.75,68.55,69.42,4.4,25,63.82,69.96,Average,Training
E2187,Rashmi Priyadarshini,23,Sales,Business Development Executive,Full-Time,Permanent,B1,0.3,0.3,83.5,10,46,32,69.57,70.97,67.07,79.27,69.38,53.47,68.55,61.26,8.7,25,85.78,71.77,Good,Training
E2188,Deepmala Dadlani,51,Information Technology,DevOps Engineer,Contract,6 Months,B5,23.5,12.8,96.7,1,27,17,62.96,62.39,60.64,60.44,73.58,76.47,60.79,59.52,4.3,15,68.83,67.27,Average,Training
E2189,Janardan Chaurasiya,30,AI & Data Science,Data Analyst,Full-Time,Permanent,B2,2.2,1.9,97.4,0,24,19,79.17,75.62,74.42,66.6,74.77,58.48,72.42,60.05,8.8,15,72.4,74.76,Good,Training
E2190,Nimish Sengupta,55,Operations,Operations Manager,Full-Time,Permanent,B5,28.5,20.1,83.4,6,28,18,64.29,69.82,66.34,67.68,80.59,73.75,69.01,74.06,0.9,20,73.7,71.14,Good,Training
E2191,Deepika Piramal,57,Finance,Finance Executive,Full-Time,Permanent,B5,19.9,17.3,90.6,8,37,25,67.57,69.85,65.59,66.52,60.2,80.03,72.74,69.35,7.0,10,58.1,69.52,Average,Training
E2192,Brijbhushan Patnaik,34,Marketing,Digital Marketing Specialist,Contract,6 Months,B3,6.3,3.8,91.9,5,30,21,70.0,64.45,72.48,79.4,69.45,65.26,71.85,87.34,7.6,30,82.79,74.45,Good,Training
E2193,Anshika Purohit,42,AI & Data Science,Data Scientist,Full-Time,Permanent,B5,17.7,4.2,97.2,2,17,11,64.71,61.24,67.98,72.8,70.41,69.71,65.31,78.05,0.0,15,68.52,70.85,Good,Training
E2194,Roopa Scindia,26,Human Resources,HR Analyst,Full-Time,Permanent,B2,2.5,0.8,91.8,7,31,23,74.19,77.01,79.83,76.16,77.19,57.67,78.55,71.32,11.7,20,69.13,76.81,Good,Incentive
E2195,Geetanjali Unadkat,41,Human Resources,HR Executive,Full-Time,Permanent,B4,13.0,12.8,94.2,5,27,18,66.67,70.11,72.51,69.75,75.19,69.63,73.67,73.61,0.0,40,86.33,73.96,Good,Training
E2196,Tulika Baranwal,35,Operations,Operations Executive,Part-Time,6 Months,B3,6.5,0.0,97.9,8,41,29,70.73,77.08,77.67,72.41,78.87,70.12,77.4,64.11,18.5,25,83.91,77.14,Good,Incentive
E2197,Parthivi Kamal,44,AI & Data Science,Data Analyst,Full-Time,Permanent,B5,15.3,7.1,84.0,6,20,15,75.0,81.6,79.55,82.46,85.28,84.43,80.86,81.15,0.7,30,91.18,81.6,Excellent,Incentive
E2198,Yashodhara Gaur,44,Human Resources,Talent Acquisition Specialist,Full-Time,Permanent,B5,17.4,6.5,85.7,6,29,22,75.86,72.26,73.5,78.8,83.21,72.93,72.11,64.88,6.3,50,82.22,76.56,Good,Training
E2199,Bimal Jindal,30,Finance,Accountant,Full-Time,Permanent,B3,5.4,3.9,86.6,13,38,29,76.32,71.77,70.17,65.11,61.03,47.84,67.44,59.95,8.7,20,68.23,69.44,Average,Training
E2200,Aradhya Singhal,48,AI & Data Science,ML Engineer,Part-Time,6 Months,B5,15.8,15.3,83.7,14,19,15,78.95,76.65,78.45,76.62,64.84,64.65,79.97,73.72,0.0,25,85.3,76.64,Good,Incentive
E2201,Ayushi Parmar,48,AI & Data Science,Data Analyst,Full-Time,Permanent,B3,7.7,1.7,93.4,8,32,24,75.0,79.26,72.2,66.35,69.27,58.16,70.6,61.11,5.5,10,40.52,71.71,Good,Training
E2202,Gajendra Rathore,35,AI & Data Science,Data Scientist,Full-Time,Permanent,B3,8.7,1.9,97.2,5,18,13,72.22,79.23,70.59,81.69,85.53,76.48,79.78,84.93,0.0,30,84.16,80.1,Excellent,Training
E2203,Priyali Gokhale,42,Operations,Operations Manager,Full-Time,Permanent,B4,12.8,6.1,76.7,13,24,14,58.33,66.16,60.2,71.97,87.84,67.69,66.44,83.39,3.7,10,49.53,68.31,Average,Training
E2204,Sonu Malode,34,Marketing,Marketing Executive,Full-Time,Permanent,B2,4.0,3.6,94.3,4,25,18,72.0,68.73,69.47,76.72,70.43,67.76,71.99,71.31,4.8,40,78.92,74.01,Good,Training
E2205,Mehul Tanwar,36,Customer Support,Support Executive,Full-Time,Permanent,B4,11.9,7.6,74.7,21,46,34,73.91,65.58,75.01,69.05,80.33,62.69,72.32,86.4,16.1,10,51.57,71.68,Good,Training
E2206,Veena Bakshi,49,Finance,Finance Executive,Part-Time,6 Months,B4,9.9,1.5,93.5,4,15,8,53.33,56.28,61.48,63.43,75.03,69.94,61.47,67.35,0.0,25,66.68,65.3,Average,Training
E2207,Javitri Kanetkar,56,Customer Support,Customer Success Associate,Full-Time,Permanent,B5,29.8,8.9,90.2,8,33,23,69.7,69.65,70.23,77.65,70.15,81.83,73.23,65.76,4.0,40,82.8,74.3,Good,Training
E2208,Pavan Maheshwari,28,Operations,Process Analyst,Contract,12 Months,B3,5.2,3.1,98.0,5,40,31,77.5,76.66,74.35,71.74,72.41,63.82,71.71,71.5,0.6,25,85.01,76.68,Good,Training
E2209,Sukriti Biswas,50,Information Technology,Software Engineer,Full-Time,Permanent,B5,19.2,12.2,88.2,12,39,23,58.97,59.59,66.77,72.7,82.3,78.31,67.39,81.19,9.7,15,59.99,70.1,Good,Training
E2210,Hansini Bandopadhyay,30,Sales,Sales Executive,Full-Time,Permanent,B2,2.4,2.1,65.4,13,47,26,55.32,58.71,59.29,61.6,83.06,52.3,68.24,78.16,7.3,15,72.25,63.63,Average,PIP
E2211,Ankur Supriyo,29,Customer Support,Support Executive,Contract,24 Months,B2,3.0,1.0,94.0,4,58,41,70.69,73.93,75.03,73.26,72.97,55.29,74.65,70.85,14.1,50,99.44,75.64,Good,Incentive
E2212,Vineet Jalan,26,Information Technology,Cloud Engineer,Full-Time,Permanent,B1,1.2,0.7,97.3,7,15,13,86.67,75.57,78.56,69.38,73.66,59.47,75.68,86.0,0.0,20,58.84,77.62,Good,Training
E2213,Sacchidanand Mohapatra,48,Marketing,Marketing Executive,Full-Time,Permanent,B4,13.5,6.2,92.0,2,33,22,66.67,74.41,69.81,79.75,78.9,65.0,75.65,73.73,9.4,30,73.43,75.08,Good,Training
E2214,Triveni Sharma,34,Sales,Business Development Executive,Part-Time,6 Months,B2,3.3,1.9,82.0,5,24,17,70.83,71.58,69.18,76.19,72.81,59.92,70.08,79.01,0.0,25,78.21,73.01,Good,Training
E2215,Ganesh Dasgupta,46,Human Resources,HR Executive,Full-Time,Permanent,B4,13.1,5.8,93.5,3,17,9,52.94,57.33,54.68,54.78,73.98,65.92,62.53,61.47,8.6,15,54.15,61.91,Average,Training
E2216,Vipin Parmar,35,AI & Data Science,Data Scientist,Part-Time,12 Months,B4,10.4,9.2,81.8,8,31,19,61.29,72.6,63.62,69.8,66.12,65.4,71.44,77.16,0.0,20,62.77,68.73,Average,Training
E2217,Chhotelal Mittal,26,Information Technology,System Administrator,Full-Time,Permanent,B2,3.4,1.0,96.3,8,50,37,74.0,75.92,77.88,70.47,79.22,57.96,75.58,69.09,20.9,15,67.44,75.8,Good,Incentive
E2218,Pratima Bhansali,29,AI & Data Science,Data Analyst,Full-Time,Permanent,B2,2.4,0.0,85.3,11,23,16,69.57,64.64,72.23,70.83,80.45,55.49,71.24,74.14,0.0,30,70.78,71.75,Good,Training
E2219,Samanata Munda,33,Marketing,Marketing Executive,Full-Time,Permanent,B3,8.9,5.3,96.4,5,40,30,75.0,70.47,77.71,80.81,77.06,74.85,73.58,64.14,9.1,25,84.02,77.77,Good,Incentive
E2220,Tripurari Khattar,45,Sales,Business Development Executive,Part-Time,6 Months,B3,7.6,6.2,83.3,12,45,27,60.0,57.06,59.18,57.1,60.98,54.29,64.21,76.0,0.6,25,71.62,62.73,Average,Training
E2221,Vinay Soman,50,Operations,Operations Manager,Full-Time,Permanent,B4,9.6,0.8,91.5,5,32,22,68.75,70.86,71.21,64.92,69.01,71.15,77.03,83.6,8.3,25,79.52,72.98,Good,Training
E2222,Ramchandra Runthla,48,Operations,Operations Executive,Contract,6 Months,B4,13.0,2.1,96.4,6,45,30,66.67,65.75,69.75,65.37,59.06,59.18,68.71,61.22,22.9,25,85.83,69.42,Average,Training
E2223,Rupali Dutta,51,Sales,Business Development Executive,Full-Time,Permanent,B5,21.7,10.2,82.8,11,41,29,70.73,71.17,68.11,74.66,83.97,89.47,67.34,71.88,5.3,10,63.33,73.98,Good,Training
E2224,Aniket Kothari,36,Customer Support,Customer Success Associate,Full-Time,Permanent,B4,9.4,2.6,69.0,17,26,18,69.23,64.24,72.69,64.16,73.45,64.23,68.27,68.57,7.6,5,42.17,66.95,Average,PIP
E2225,Shantanu Adarsh,52,AI & Data Science,Data Analyst,Full-Time,Permanent,B3,7.7,1.9,96.5,3,41,30,73.17,71.52,69.18,68.75,72.04,54.82,71.96,63.25,7.8,40,95.91,73.54,Good,Training
E2226,Hritik Haldar,25,AI & Data Science,Data Analyst,Full-Time,Permanent,B2,2.3,2.2,87.8,5,20,14,70.0,71.12,69.31,68.9,83.07,56.83,72.19,77.16,2.0,40,78.03,73.2,Good,Training
E2227,Marutanjali Tata,52,Operations,Process Analyst,Full-Time,Permanent,B4,13.0,9.9,96.4,3,42,26,61.9,65.32,61.11,66.27,74.34,74.33,64.71,66.0,29.7,15,70.16,69.02,Average,Training
E2228,Mona Maali,37,Sales,Sales Executive,Full-Time,Permanent,B4,14.3,8.2,90.1,7,42,30,71.43,66.52,66.24,61.45,68.15,65.1,71.04,70.22,17.8,15,57.14,68.85,Average,Training
E2229,Anvesha Bisht,47,Operations,Process Analyst,Full-Time,Permanent,B4,9.6,2.6,94.2,5,38,28,73.68,73.02,71.55,79.14,81.11,66.99,68.57,70.35,13.7,25,62.69,75.57,Good,Training
E2230,Parinita Gujjar,45,Marketing,Digital Marketing Specialist,Full-Time,Permanent,B5,16.0,11.4,93.2,9,17,13,76.47,77.12,76.46,77.44,81.25,69.51,75.62,68.21,0.0,20,70.1,77.74,Good,Incentive
E2231,Harshit Pawar,29,AI & Data Science,Data Analyst,Contract,12 Months,B3,5.6,2.6,90.5,2,36,24,66.67,68.38,68.33,76.67,68.79,54.29,72.6,80.94,10.2,25,68.12,71.73,Good,Training
E2232,Suraj Anand,40,Information Technology,Cloud Engineer,Full-Time,Permanent,B4,11.1,0.9,73.6,24,24,17,70.83,73.5,68.76,69.09,81.06,68.16,76.37,78.14,3.4,30,89.59,73.41,Good,Training
E2233,Madhulika Mazumdar,32,Information Technology,System Administrator,Full-Time,Permanent,B2,3.0,2.6,96.6,6,40,30,75.0,79.79,72.78,70.31,62.69,47.59,71.91,62.65,6.8,15,49.83,72.21,Good,Training
E2234,Prateek Chandrachud,29,Information Technology,Software Engineer,Full-Time,Permanent,B2,3.2,0.0,95.0,8,35,25,71.43,80.75,74.82,75.42,71.73,61.8,76.01,79.08,6.8,15,51.06,75.43,Good,Training
E2235,Pratiksha Atrey,49,Customer Support,Customer Success Associate,Full-Time,Permanent,B4,9.3,3.1,84.9,12,50,35,70.0,71.24,74.65,80.92,69.33,58.89,69.96,72.32,12.3,20,68.64,73.44,Good,Training
E2236,Ridhima Sampla,23,Marketing,Marketing Analyst,Full-Time,Permanent,B1,0.4,0.2,84.3,12,17,13,76.47,71.2,70.2,69.32,77.49,60.37,73.43,65.42,5.4,30,76.22,73.03,Good,Training
E2237,Bahadur Dalal,56,Human Resources,HR Analyst,Contract,24 Months,B5,27.1,26.5,92.2,8,26,22,84.62,79.88,77.61,80.99,71.55,80.54,71.88,64.44,3.6,15,56.9,78.53,Good,Incentive
E2238,Pratigya Maheshwari,26,Information Technology,Software Engineer,Contract,24 Months,B2,2.7,0.5,90.6,3,31,24,77.42,71.08,76.76,81.76,84.36,57.64,74.21,69.28,12.3,15,65.93,76.9,Good,Incentive
E2239,Aishwaran Bose,48,AI & Data Science,AI Engineer,Full-Time,Permanent,B5,20.7,2.8,96.1,1,15,12,80.0,77.15,76.95,83.34,70.42,88.95,81.18,83.04,0.0,20,77.65,80.81,Excellent,Incentive
E2240,Mandavi Dixit,29,Finance,Financial Analyst,Contract,24 Months,B3,5.4,2.7,91.8,9,17,12,70.59,65.12,73.3,64.62,77.25,55.64,69.9,83.54,0.0,40,76.35,72.22,Good,Training
E2241,Saroj Chakraborty,31,Marketing,Digital Marketing Specialist,Full-Time,Permanent,B2,2.4,2.1,97.4,3,45,37,82.22,73.27,77.58,75.89,75.06,56.65,78.5,72.93,19.0,20,55.44,76.77,Good,Incentive
E2242,Satish Kharwar,30,Customer Support,Support Executive,Full-Time,Permanent,B3,8.0,7.0,96.5,1,42,32,76.19,80.23,72.76,74.41,81.65,74.9,73.08,71.85,10.3,20,75.98,78.14,Good,Training
E2243,Rita Prakash,41,Human Resources,HR Executive,Contract,24 Months,B4,10.7,7.4,99.5,2,33,26,78.79,77.08,75.44,72.5,72.68,66.03,72.56,75.05,4.3,20,64.42,76.69,Good,Incentive
E2244,Jayesh Sisodia,49,Information Technology,Software Engineer,Part-Time,12 Months,B5,21.4,21.1,86.7,15,31,21,67.74,72.5,72.7,70.03,79.08,85.94,76.48,82.18,0.0,20,79.5,75.23,Good,Training
E2245,Dhruv Sinha,40,AI & Data Science,Data Analyst,Full-Time,Permanent,B3,5.1,0.2,97.7,4,23,19,82.61,88.3,82.59,76.37,70.56,55.97,83.14,82.81,1.5,15,63.34,80.57,Excellent,Incentive
E2246,Prabha Parmar,51,Operations,Process Analyst,Part-Time,12 Months,B5,26.2,10.3,97.5,7,39,32,82.05,85.77,83.54,85.2,87.64,93.14,85.6,91.57,11.5,15,48.38,84.93,Excellent,Incentive
E2247,Premnarayan Supriyo,53,Finance,Financial Analyst,Part-Time,6 Months,B5,24.2,21.6,97.5,0,30,22,73.33,77.13,74.21,67.87,73.91,80.67,74.71,63.26,4.2,10,62.51,75.08,Good,Training
E2248,Naina Pal,39,Human Resources,HR Executive,Full-Time,Permanent,B3,8.7,0.4,94.6,10,28,20,71.43,77.56,73.65,80.98,73.92,67.11,79.34,87.86,8.9,20,57.41,76.98,Good,Training
E2249,Nitisha Gupta,48,AI & Data Science,Data Analyst,Contract,24 Months,B5,19.3,11.7,70.3,25,20,12,60.0,68.15,68.37,70.45,60.7,77.52,68.03,59.1,0.0,15,55.92,66.17,Average,PIP
E2250,Mansa Kamath,26,Customer Support,Support Executive,Contract,6 Months,B2,2.8,1.4,90.2,6,52,39,75.0,81.97,75.84,78.2,68.78,62.54,79.19,82.51,17.4,25,80.81,77.8,Good,Incentive
E2251,Nitya Goel,44,Sales,Business Development Executive,Full-Time,Permanent,B3,8.4,1.8,90.8,10,47,33,70.21,79.44,74.41,67.57,73.41,60.77,80.41,78.11,15.1,30,77.17,74.99,Good,Training
E2252,Anushka More,34,Information Technology,Cloud Engineer,Full-Time,Permanent,B4,11.6,3.3,72.1,17,19,10,52.63,54.34,56.16,61.61,56.01,56.05,57.34,54.66,0.0,30,87.31,59.29,Needs Improvement,PIP
E2253,Pariniti Misra,40,Information Technology,DevOps Engineer,Full-Time,Permanent,B4,14.5,9.3,82.6,14,19,14,73.68,76.93,74.32,69.56,70.18,69.44,73.0,81.97,2.4,25,75.06,74.42,Good,Training
E2254,Karuna Lalwani,29,AI & Data Science,Data Scientist,Full-Time,Permanent,B3,6.2,3.3,91.4,9,35,24,68.57,72.35,72.16,79.12,79.42,67.26,75.85,78.56,7.1,30,75.6,75.78,Good,Training
E2255,Vishal Dave,48,Information Technology,Software Engineer,Full-Time,Permanent,B4,14.9,7.6,94.0,10,33,19,57.58,68.77,61.48,68.26,69.27,77.21,69.55,83.25,0.0,20,59.51,69.22,Average,Training
E2256,Rachit Pawar,28,AI & Data Science,Data Analyst,Full-Time,Permanent,B3,5.3,3.3,84.9,12,27,17,62.96,71.25,66.87,64.06,61.13,63.82,68.89,73.49,0.9,40,85.1,68.94,Average,Training
E2257,Suyash Kamath,30,Information Technology,DevOps Engineer,Part-Time,12 Months,B2,2.3,0.9,86.5,11,36,22,61.11,68.27,63.24,61.41,64.06,51.26,68.88,57.06,10.2,20,66.08,65.32,Average,Training
E2258,Bhuwaneshwar Narula,41,Finance,Financial Analyst,Full-Time,Permanent,B4,9.9,5.7,83.9,14,33,22,66.67,64.82,63.02,62.68,59.88,59.66,70.14,69.14,0.7,10,42.93,65.05,Average,Training
E2259,Ameya Thackeray,53,Information Technology,Cloud Engineer,Full-Time,Permanent,B4,12.1,4.2,91.4,3,34,17,50.0,59.39,57.38,62.18,69.2,56.9,59.25,60.34,3.3,15,57.57,62.11,Average,Training
E2260,Mohit Som,52,Finance,Financial Analyst,Full-Time,Permanent,B5,23.2,7.5,67.0,19,22,12,54.55,61.85,63.32,64.5,79.73,69.56,68.4,77.6,5.3,25,75.27,65.85,Average,PIP
E2261,Amrita Mangeshkar,55,Sales,Account Manager,Full-Time,Permanent,B3,8.7,2.8,97.2,4,31,25,80.65,83.14,82.87,77.47,74.34,61.17,79.63,80.14,6.5,20,62.34,79.94,Good,Incentive
E2262,Mitali Lalwani,34,Finance,Accountant,Full-Time,Permanent,B3,8.7,4.0,81.3,11,29,15,51.72,66.35,60.29,70.02,70.65,58.87,71.2,77.86,1.0,5,44.92,65.09,Average,Training
E2263,Raghav Mathur,49,Sales,Account Manager,Full-Time,Permanent,B5,15.2,13.3,99.5,6,37,29,78.38,78.3,81.24,81.68,72.01,72.27,83.72,88.84,3.7,5,55.77,80.12,Excellent,Incentive
E2264,Surendra Sharma,43,Finance,Finance Executive,Full-Time,Permanent,B4,11.6,10.0,97.4,5,26,24,92.31,86.77,91.18,91.9,81.07,77.6,86.88,74.73,7.7,40,81.4,88.2,Excellent,Incentive
E2265,Padmini Patwari,51,Information Technology,Software Engineer,Full-Time,Permanent,B5,23.4,12.5,91.4,3,21,16,76.19,77.91,79.29,78.75,86.99,81.32,79.34,81.08,0.9,25,70.42,80.27,Excellent,Incentive
E2266,Simran Kamal,37,AI & Data Science,Data Analyst,Full-Time,Permanent,B3,8.6,3.2,76.8,16,33,20,60.61,72.71,69.23,64.48,76.18,59.35,71.09,61.32,8.1,25,65.33,68.21,Average,Training
E2267,Suruchi Upadhyay,40,Sales,Business Development Executive,Full-Time,Permanent,B5,15.7,2.3,81.2,12,48,31,64.58,76.96,71.19,75.76,77.15,68.42,75.15,76.64,14.6,25,76.31,73.93,Good,Training
E2268,Shashinath Dhumal,40,AI & Data Science,ML Engineer,Full-Time,Permanent,B5,16.2,9.1,81.0,6,19,13,68.42,73.39,67.01,74.93,80.38,76.57,71.06,74.66,0.0,15,70.89,73.36,Good,Training
E2269,Umakant Jaitley,55,Information Technology,Software Engineer,Contract,24 Months,B5,31.6,26.2,91.5,3,34,21,61.76,71.13,71.73,75.2,82.73,79.06,75.08,86.55,5.1,20,64.51,74.66,Good,Training
E2270,Shishir Lakhotia,53,Operations,Operations Executive,Full-Time,Permanent,B5,22.8,7.0,94.4,7,20,13,65.0,74.78,66.81,78.49,84.22,77.45,72.21,81.94,5.3,20,70.71,75.74,Good,Training
E2271,Shanti Gaur,26,Operations,Operations Manager,Full-Time,Permanent,B2,2.0,0.0,91.8,7,29,23,79.31,76.54,77.33,83.16,82.27,62.06,78.7,69.61,0.0,20,61.66,78.46,Good,Incentive
E2272,Nikita Athawale,26,Operations,Operations Executive,Full-Time,Permanent,B2,3.6,0.3,97.6,6,45,34,75.56,81.43,78.43,69.7,82.26,55.27,74.54,73.14,6.8,30,91.74,78.49,Good,Training
E2273,Vishnu Rathod,51,Sales,Sales Executive,Full-Time,Permanent,B5,24.9,14.5,85.8,15,24,20,83.33,75.77,78.52,85.21,73.3,76.91,82.16,90.13,2.0,50,81.08,80.85,Excellent,Incentive
E2274,Dhwani Khajuria,24,Information Technology,System Administrator,Part-Time,6 Months,B1,0.8,0.3,97.5,2,36,24,66.67,68.59,70.34,76.84,72.46,62.88,71.29,72.24,14.9,20,68.29,73.1,Good,Training
E2275,Aaradhita Mumukshu,28,AI & Data Science,ML Engineer,Full-Time,Permanent,B2,4.5,4.1,91.1,3,25,18,72.0,72.51,71.5,79.85,87.72,59.98,76.79,86.87,10.8,50,86.35,77.76,Good,Training
E2276,Himadri Gujral,43,AI & Data Science,ML Engineer,Full-Time,Permanent,B5,19.6,15.7,93.6,3,24,18,75.0,81.65,82.13,86.01,79.64,89.1,81.83,68.58,1.3,30,93.88,82.71,Excellent,Incentive
E2277,Suhasini Bhattacharya,38,AI & Data Science,Data Analyst,Full-Time,Permanent,B3,7.0,3.2,77.1,23,31,17,54.84,60.41,57.24,62.42,70.45,55.67,64.8,66.33,3.7,40,92.12,63.94,Average,Training
E2278,Suryaprakash Sahu,50,Human Resources,HR Executive,Full-Time,Permanent,B4,14.4,8.6,82.1,9,19,13,68.42,66.05,71.93,64.57,63.73,66.61,68.47,69.8,0.0,30,85.35,69.74,Average,Training
E2279,Devbrat Ambedkar,31,Human Resources,HR Executive,Contract,24 Months,B3,5.7,2.3,92.7,2,26,23,88.46,88.16,82.67,84.13,68.22,66.0,77.82,67.32,0.0,40,97.42,83.03,Excellent,Incentive
E2280,Sanjeet Malode,44,Information Technology,Software Engineer,Full-Time,Permanent,B5,21.6,12.5,81.5,7,22,18,81.82,84.15,85.16,85.68,76.24,84.65,85.69,79.22,4.9,20,59.01,81.72,Excellent,Incentive
E2281,Aditya Deo,45,Marketing,Digital Marketing Specialist,Full-Time,Permanent,B5,22.1,18.0,90.6,7,37,24,64.86,71.58,69.2,63.34,69.24,67.18,70.48,69.48,6.3,25,65.11,69.94,Average,Training
E2282,Ishika Bhattacharya,54,Human Resources,HR Analyst,Full-Time,Permanent,B5,28.4,10.9,91.2,6,23,14,60.87,59.68,59.52,65.08,66.27,72.16,65.04,72.1,0.0,40,78.15,66.89,Average,Training
E2283,Kapil Joshi,37,Finance,Accountant,Full-Time,Permanent,B3,6.6,0.4,93.9,9,21,15,71.43,79.52,76.48,74.63,67.24,57.86,75.34,78.14,0.7,20,59.48,74.96,Good,Training
E2284,Darshan Ketkar,25,Marketing,Marketing Executive,Contract,6 Months,B1,1.6,1.5,99.4,7,22,18,81.82,73.97,76.96,83.78,81.11,52.76,72.88,71.27,8.6,25,75.17,79.13,Good,Incentive
E2285,Hemant Goel,50,AI & Data Science,ML Engineer,Full-Time,Permanent,B5,20.8,6.2,82.8,10,18,13,72.22,69.34,75.34,76.37,80.22,81.9,75.23,70.65,0.0,40,79.37,75.65,Good,Incentive
E2286,Chhaya Shorey,57,Operations,Process Analyst,Full-Time,Permanent,B5,15.1,7.9,96.8,8,29,25,86.21,82.8,86.35,85.23,86.38,69.88,85.62,93.0,5.4,5,55.7,84.62,Excellent,Incentive
E2287,Damini Marandi,35,Information Technology,Software Engineer,Full-Time,Permanent,B2,3.3,2.2,86.4,6,36,20,55.56,64.29,57.98,58.23,62.58,44.15,61.96,67.77,4.9,30,73.47,62.67,Average,Training
E2288,Manjula Atlani,25,Information Technology,System Administrator,Part-Time,12 Months,B1,0.9,0.7,85.8,5,30,21,70.0,73.24,69.74,67.8,77.69,48.57,72.4,64.2,1.3,25,71.65,71.31,Good,Training
E2289,Uday Biswas,42,Operations,Operations Manager,Full-Time,Permanent,B5,18.3,14.1,96.2,5,34,25,73.53,75.57,72.5,72.76,82.51,82.44,75.64,77.61,3.0,20,77.06,77.66,Good,Training
E2290,Indira Verma,43,Sales,Sales Executive,Contract,12 Months,B4,9.8,7.8,94.3,5,33,29,87.88,81.05,81.02,71.03,81.11,70.8,82.92,79.09,2.7,40,79.33,81.29,Excellent,Incentive
E2291,Nilesh Chawla,30,AI & Data Science,Data Analyst,Full-Time,Permanent,B2,3.1,0.6,83.2,12,39,25,64.1,75.15,67.02,74.41,74.48,55.98,73.94,68.28,6.8,10,52.06,70.38,Good,Training
E2292,Kashika Bachchan,35,Marketing,Digital Marketing Specialist,Full-Time,Permanent,B3,7.1,2.2,87.6,13,36,17,47.22,63.72,60.26,74.95,64.62,61.36,63.65,63.84,6.8,30,71.46,65.16,Average,Training
E2293,Ashirwad Banerjee,31,Information Technology,Cloud Engineer,Full-Time,Permanent,B3,6.6,6.2,97.0,3,35,25,71.43,77.53,77.13,70.86,77.48,57.32,77.49,68.93,5.4,20,74.6,75.91,Good,Incentive
E2294,Pragati Keshari,35,Sales,Sales Executive,Full-Time,Permanent,B3,8.3,1.7,91.8,7,47,37,78.72,73.68,71.57,79.55,84.15,75.87,74.7,87.5,21.9,50,83.8,79.22,Good,Training
E2295,Damyanti Bhat,29,Customer Support,Customer Success Associate,Full-Time,Permanent,B3,6.2,5.8,92.7,4,43,34,79.07,73.37,72.28,71.02,73.94,54.19,75.13,81.15,10.5,30,90.48,76.07,Good,Training
E2296,Vedant Yaduvanshi,56,Sales,Sales Executive,Full-Time,Permanent,B5,17.8,3.2,96.8,8,27,22,81.48,72.85,73.7,71.41,66.41,67.66,69.83,67.22,1.8,30,85.7,75.76,Good,Training
E2297,Meena Khaitan,46,Information Technology,Software Engineer,Contract,6 Months,B4,12.0,0.4,87.5,11,30,21,70.0,72.51,71.28,73.77,82.91,79.3,75.79,82.47,0.0,10,44.47,74.28,Good,Training
E2298,Pallavi Bishnoi,23,Customer Support,Customer Success Associate,Full-Time,Permanent,B1,0.5,0.4,93.4,5,26,20,76.92,80.05,80.86,79.7,63.85,61.14,76.13,68.77,0.0,10,51.37,76.22,Good,Incentive
E2299,Avinash Dadlani,38,AI & Data Science,Data Scientist,Full-Time,Permanent,B4,9.4,9.3,92.3,4,35,22,62.86,65.03,69.84,77.07,69.1,74.61,69.79,69.8,14.4,25,73.34,71.74,Good,Training
E2300,Diwakar Trivedi,47,Finance,Accountant,Full-Time,Permanent,B5,16.9,6.6,92.8,10,23,13,56.52,71.71,70.51,65.79,76.53,74.99,76.36,82.65,2.1,25,69.32,71.78,Good,Training
E2301,Shwetank Bansal,47,Customer Support,Support Executive,Full-Time,Permanent,B3,6.4,0.9,69.7,25,45,31,68.89,71.37,69.94,67.13,74.57,57.69,71.64,83.63,13.5,25,82.87,70.82,Good,Training
E2302,Nivedita Saha,48,Finance,Finance Executive,Contract,12 Months,B5,22.4,18.7,80.6,11,20,12,60.0,72.49,62.97,72.56,80.87,84.9,67.45,69.37,0.0,25,83.56,71.61,Good,Training
E2303,Swapnil Mathur,36,Sales,Sales Executive,Full-Time,Permanent,B2,3.7,1.3,93.3,5,41,31,75.61,67.61,74.3,66.64,68.92,57.1,72.13,68.11,19.0,25,77.75,72.6,Good,Training
E2304,Prem Sood,45,Information Technology,Software Engineer,Full-Time,Permanent,B3,7.5,4.3,90.8,3,20,9,45.0,52.8,57.43,70.0,70.07,64.46,62.83,68.4,0.0,30,92.38,64.28,Average,Training
E2305,Vivasvan Bharadwaj,27,Sales,Sales Executive,Full-Time,Permanent,B2,4.5,3.3,97.2,5,23,13,56.52,68.21,62.33,61.3,72.15,57.43,60.96,55.35,4.8,15,63.23,66.04,Average,Training
E2306,Haushila Ram,40,Operations,Operations Executive,Contract,6 Months,B5,15.4,4.7,86.2,8,42,24,57.14,64.7,66.99,65.47,78.68,70.51,69.33,63.09,12.8,10,40.65,66.81,Average,Training
E2307,Vikalp Sengupta,36,Sales,Sales Executive,Full-Time,Permanent,B3,6.0,3.4,93.7,8,36,27,75.0,77.65,78.44,71.54,86.56,62.48,81.25,82.89,10.3,25,65.05,78.0,Good,Incentive
E2308,Sujal Bahuguna,50,Human Resources,Talent Acquisition Specialist,Contract,24 Months,B3,7.8,6.3,65.1,24,38,21,55.26,65.77,63.96,71.32,81.28,70.79,68.36,67.97,9.3,25,64.37,66.66,Average,PIP
E2309,Tanu Bansal,49,AI & Data Science,Data Scientist,Full-Time,Permanent,B4,13.8,2.8,92.4,10,27,18,66.67,61.74,70.59,65.3,83.23,72.13,67.87,78.93,0.0,20,55.89,70.95,Good,Training
E2310,Vikrant Rai,31,Information Technology,Software Engineer,Full-Time,Permanent,B3,8.1,2.7,94.6,8,23,17,73.91,73.33,71.44,80.18,83.06,60.04,68.67,67.08,5.6,10,50.36,74.9,Good,Training
E2311,Yashaswi Shah,42,Sales,Business Development Executive,Full-Time,Permanent,B4,11.2,4.8,69.2,16,20,12,60.0,66.88,68.74,62.23,78.47,74.24,69.3,62.48,1.5,30,86.01,68.05,Average,PIP
E2312,Indrajit Bedi,26,Finance,Financial Analyst,Full-Time,Permanent,B2,3.6,2.5,86.7,9,25,19,76.0,69.85,73.8,75.66,81.35,64.05,73.92,67.02,3.8,25,70.52,74.88,Good,Training
E2313,Amarendra Awasthi,56,Marketing,Digital Marketing Specialist,Full-Time,Permanent,B5,18.9,18.4,92.7,5,26,22,84.62,75.59,81.23,77.57,77.63,70.66,79.87,90.07,5.8,25,82.17,81.02,Excellent,Incentive
E2314,Vikrant Dogra,48,AI & Data Science,ML Engineer,Contract,24 Months,B4,10.5,9.3,91.7,3,27,19,70.37,66.68,69.98,62.53,62.89,55.41,65.23,62.34,5.2,5,41.16,67.1,Average,Training
E2315,Anugya Mukherjee,38,Operations,Process Analyst,Full-Time,Permanent,B4,9.6,1.5,77.8,22,28,13,46.43,59.65,61.18,60.43,69.54,70.01,64.06,68.22,9.5,20,66.98,62.35,Average,Training
E2316,Shrikant Dubey,52,Finance,Accountant,Full-Time,Permanent,B5,25.2,17.4,81.2,14,44,29,65.91,70.16,72.24,76.51,86.05,88.28,71.28,87.18,10.5,25,72.93,75.43,Good,Training
E2317,Aarti Saxena,27,Marketing,Marketing Executive,Contract,12 Months,B2,3.6,3.1,91.5,9,26,21,80.77,77.39,74.66,73.99,64.32,52.96,76.38,62.07,5.8,5,42.97,73.32,Good,Training
E2318,Parmanand Pathak,40,Finance,Financial Analyst,Full-Time,Permanent,B3,8.6,0.7,77.8,22,17,9,52.94,63.68,59.8,60.31,64.76,56.85,70.4,78.75,0.0,25,63.65,63.25,Average,Training
E2319,Madhurima Shirke,24,Marketing,Marketing Executive,Part-Time,6 Months,B1,0.9,0.7,94.2,3,17,12,70.59,66.6,66.45,64.45,77.17,60.94,73.24,79.77,0.0,25,83.31,72.21,Good,Training
E2320,Jyotiraditya Kaushik,34,Marketing,Marketing Analyst,Full-Time,Permanent,B2,4.4,0.9,96.5,8,19,17,89.47,79.55,83.87,81.74,67.69,53.63,77.45,74.59,0.0,30,85.5,81.17,Excellent,Incentive
E2321,Neeru Mohapatra,33,Marketing,Digital Marketing Specialist,Full-Time,Permanent,B3,6.4,6.3,92.2,10,41,26,63.41,61.45,63.96,69.56,67.19,61.5,66.66,77.32,17.3,20,57.6,67.85,Average,Training
E2322,Geetanjali Mahto,48,Human Resources,HR Analyst,Full-Time,Permanent,B5,24.0,3.7,72.4,19,32,16,50.0,61.13,61.99,68.33,69.07,75.8,59.99,60.37,0.0,30,82.85,64.31,Average,PIP
E2323,Suyash Rao,46,Sales,Business Development Executive,Full-Time,Permanent,B5,17.6,10.3,99.9,8,23,18,78.26,81.58,74.52,84.5,75.53,86.3,73.33,75.57,1.4,20,78.8,81.07,Excellent,Training
E2324,Shridevi Sengupta,44,Information Technology,DevOps Engineer,Full-Time,Permanent,B3,7.1,6.0,85.0,15,15,12,80.0,71.99,76.4,83.15,84.87,60.64,78.01,81.44,0.0,10,49.44,77.19,Good,Incentive
E2325,Anjani Gupta,41,Information Technology,Software Engineer,Full-Time,Permanent,B5,15.7,15.4,88.0,15,28,20,71.43,68.0,68.35,63.66,81.61,77.11,69.56,70.56,3.0,15,57.77,71.43,Good,Training
E2326,Akash Tendulkar,50,Operations,Operations Executive,Full-Time,Permanent,B5,22.1,2.8,97.6,3,36,27,75.0,72.37,77.1,70.53,64.01,81.82,74.1,74.11,6.3,30,76.95,75.76,Good,Incentive
E2327,Pragya Pathak,55,Information Technology,System Administrator,Part-Time,6 Months,B5,25.2,15.6,96.2,0,48,32,66.67,63.95,68.42,62.62,75.38,84.36,68.92,66.15,12.6,10,49.19,69.84,Average,Training
E2328,Shatrughna Bala,48,AI & Data Science,ML Engineer,Full-Time,Permanent,B5,21.4,7.9,97.3,6,31,20,64.52,62.29,66.76,61.48,58.05,66.03,63.34,63.67,7.6,15,58.22,66.36,Average,Training
E2329,Saurabh Vyas,57,Operations,Operations Executive,Full-Time,Permanent,B4,11.2,6.3,84.8,15,37,25,67.57,71.15,74.02,73.87,75.21,61.12,71.26,79.65,1.3,25,70.18,73.1,Good,Training
E2330,Kumkum Som,35,Customer Support,Support Executive,Part-Time,12 Months,B3,7.9,7.8,99.6,2,58,42,72.41,67.45,67.14,63.21,62.68,59.41,65.34,58.89,12.6,40,77.31,69.81,Average,Training
E2331,Kavita Priyadarshini,44,Information Technology,Software Engineer,Full-Time,Permanent,B4,13.2,8.3,87.2,14,28,22,78.57,72.44,76.51,80.85,62.23,62.8,72.09,63.45,0.0,15,54.42,73.84,Good,Training
E2332,Anmol Verma,57,AI & Data Science,ML Engineer,Full-Time,Permanent,B4,14.0,0.6,75.9,22,17,11,64.71,67.9,66.76,77.45,79.4,74.76,67.42,70.88,0.0,20,74.9,71.45,Good,Training
E2333,Premshankar Advani,30,Finance,Financial Analyst,Full-Time,Permanent,B3,5.1,4.2,66.5,22,33,22,66.67,67.72,65.1,74.13,66.61,56.11,67.11,66.05,9.0,30,74.28,67.53,Average,PIP
E2334,Raju Bishnoi,44,Sales,Sales Executive,Full-Time,Permanent,B5,21.5,1.6,74.3,18,38,20,52.63,63.56,58.87,58.85,63.02,67.8,68.72,74.22,5.5,5,43.47,61.53,Average,PIP
E2335,Jyotsana Keshari,43,Customer Support,Support Executive,Full-Time,Permanent,B3,6.8,3.7,92.8,5,47,26,55.32,62.45,59.25,69.41,64.21,65.17,66.05,77.35,15.6,25,64.71,66.33,Average,Training
E2336,Anoop Modi,23,Human Resources,HR Executive,Contract,24 Months,B1,0.5,0.3,83.5,12,18,13,72.22,70.31,74.84,81.54,88.25,53.19,79.73,89.56,0.0,5,45.56,75.41,Good,Training
E2337,Gangesh Singhi,45,Finance,Accountant,Part-Time,12 Months,B4,14.2,8.4,88.5,11,25,17,68.0,68.03,73.12,66.16,62.2,59.24,73.11,71.33,8.3,15,69.29,70.02,Good,Training
E2338,Nalini Lakhotia,45,Operations,Process Analyst,Full-Time,Permanent,B5,17.3,11.6,93.7,5,44,31,70.45,63.47,66.45,64.85,70.34,79.64,68.3,60.99,3.6,25,67.92,70.03,Good,Training
E2339,Ashirwad Mantri,35,Sales,Sales Executive,Full-Time,Permanent,B3,8.8,1.9,91.4,2,27,19,70.37,71.82,74.94,72.79,82.23,74.2,75.38,75.92,3.0,40,76.06,75.93,Good,Training
E2340,Shanti Pawar,45,Sales,Sales Executive,Full-Time,Permanent,B5,15.2,0.6,94.0,2,39,30,76.92,73.18,70.79,76.05,77.06,65.55,71.83,73.35,8.7,20,76.47,76.01,Good,Training
E2341,Rishikesh Baghel,43,Operations,Process Analyst,Full-Time,Permanent,B5,17.1,3.2,85.3,11,22,15,68.18,69.04,66.78,78.16,76.39,69.39,74.24,78.87,0.0,20,78.07,73.52,Good,Training
E2342,Kirti Bahuguna,45,Marketing,Marketing Executive,Full-Time,Permanent,B5,15.1,9.3,97.1,1,36,28,77.78,79.2,73.68,69.19,64.05,68.99,76.93,68.55,8.8,5,33.45,73.49,Good,Training
E2343,Kalavati Patwari,40,AI & Data Science,ML Engineer,Full-Time,Permanent,B5,15.9,8.5,94.8,10,32,27,84.38,83.88,86.47,80.79,86.23,84.87,81.97,91.42,7.9,25,75.64,85.13,Excellent,Incentive
E2344,Munna Mondal,29,Operations,Operations Executive,Contract,6 Months,B2,2.3,0.6,93.3,10,47,31,65.96,65.79,68.23,76.77,76.17,66.02,71.16,65.14,11.9,20,62.32,71.69,Good,Training
E2345,Suresh Prakash,42,Finance,Accountant,Full-Time,Permanent,B4,10.4,4.6,91.1,4,35,23,65.71,76.24,68.58,72.77,68.67,62.66,71.62,75.1,2.8,30,76.22,72.75,Good,Training
E2346,Roshan Deewan,49,Operations,Process Analyst,Full-Time,Permanent,B5,18.9,10.6,84.1,15,26,16,61.54,58.5,67.19,68.91,71.16,79.6,65.63,58.25,6.6,25,85.69,68.41,Average,Training
E2347,Anugya Nag,53,Human Resources,HR Analyst,Full-Time,Permanent,B5,16.4,1.5,75.0,21,27,19,70.37,76.0,69.9,72.9,63.47,81.05,74.34,70.65,1.2,5,43.84,70.72,Good,Training
E2348,Rita Soni,35,AI & Data Science,Data Scientist,Full-Time,Permanent,B3,5.9,2.0,97.7,6,22,17,77.27,68.45,77.8,78.46,79.49,62.7,78.74,87.31,0.0,40,79.68,78.44,Good,Incentive
E2349,Lav Kamble,42,Information Technology,Cloud Engineer,Part-Time,6 Months,B4,13.5,0.3,80.3,8,35,25,71.43,72.3,71.37,77.09,83.02,68.08,76.73,87.63,9.7,15,72.01,75.38,Good,Training
E2350,Gyanendra Dhanuka,50,Sales,Account Manager,Full-Time,Permanent,B4,14.7,7.2,91.4,8,27,19,70.37,78.38,72.35,80.57,85.34,72.87,72.41,69.74,13.8,20,79.43,77.65,Good,Training
E2351,Virendra Gehlot,24,Human Resources,Talent Acquisition Specialist,Contract,12 Months,B1,1.7,0.9,92.2,7,32,24,75.0,80.63,75.64,81.49,72.81,57.13,75.78,79.0,0.3,30,85.42,78.28,Good,Incentive
E2352,Anupama Khattar,28,Human Resources,HR Executive,Full-Time,Permanent,B3,5.9,1.2,85.0,12,31,17,54.84,60.03,58.28,66.79,70.81,58.85,62.22,63.38,10.5,20,78.52,64.72,Average,Training
E2353,Akshat Paswan,28,Sales,Account Manager,Contract,6 Months,B1,1.8,1.0,98.0,2,30,27,90.0,84.51,85.76,80.25,71.65,58.35,82.07,66.22,2.4,30,77.07,82.23,Excellent,Incentive
E2354,Maruti Ahuja,36,Sales,Sales Executive,Part-Time,12 Months,B3,8.4,8.1,90.7,3,32,26,81.25,73.97,80.17,73.84,73.05,61.29,73.92,76.6,1.3,15,50.82,75.89,Good,Incentive
E2355,Rajshree Holkar,25,Operations,Process Analyst,Full-Time,Permanent,B2,2.1,1.3,90.2,8,41,31,75.61,75.55,73.62,67.73,72.28,53.39,71.68,76.73,11.9,30,88.45,74.64,Good,Training
E2356,Manu Khemka,57,AI & Data Science,AI Engineer,Part-Time,12 Months,B5,18.5,16.0,82.8,7,23,19,82.61,88.61,87.76,81.3,78.52,84.39,81.43,69.62,0.0,20,66.31,82.26,Excellent,Incentive
E2357,Prafull Khaitan,41,Human Resources,HR Executive,Full-Time,Permanent,B5,16.4,2.6,97.4,1,21,15,71.43,75.35,73.52,66.79,63.8,71.3,68.31,61.16,1.1,20,72.14,72.83,Good,Training
E2358,Sandhya Nag,46,Sales,Sales Executive,Full-Time,Permanent,B4,9.9,5.5,85.5,8,24,16,66.67,78.23,74.44,67.99,78.13,64.48,77.61,81.17,0.0,30,76.57,74.45,Good,Training
E2359,Shreyash Gunji,23,Finance,Financial Analyst,Full-Time,Permanent,B1,0.7,0.6,90.7,9,25,20,80.0,78.43,81.02,76.99,84.81,52.5,74.98,75.99,9.4,20,70.25,78.7,Good,Incentive
E2360,Mahua Dwivedi,56,Marketing,Digital Marketing Specialist,Full-Time,Permanent,B4,10.1,4.0,97.1,7,31,20,64.52,62.91,61.6,65.16,72.81,62.78,71.61,81.46,14.2,25,75.8,69.7,Average,Training
E2361,Saroj Mangeshkar,56,Information Technology,Software Engineer,Contract,6 Months,B4,10.6,7.7,94.0,2,33,23,69.7,79.37,73.73,77.09,84.5,72.02,73.88,80.37,8.9,15,66.3,77.46,Good,Training
E2362,Swara Kannaujiya,45,Sales,Business Development Executive,Full-Time,Permanent,B4,12.4,3.5,87.6,11,41,29,70.73,69.28,76.04,73.79,71.4,76.54,70.87,61.19,11.8,20,70.36,73.32,Good,Training
E2363,Nagendra Bachchan,38,AI & Data Science,Data Analyst,Full-Time,Permanent,B3,6.9,5.2,93.7,5,25,19,76.0,74.36,79.78,83.41,71.32,67.19,72.88,72.82,10.9,15,52.96,76.83,Good,Incentive
E2364,Harshvardhan Tanwar,31,Operations,Operations Manager,Full-Time,Permanent,B3,7.1,6.8,90.3,7,32,22,68.75,68.19,66.54,72.03,71.71,59.37,75.08,83.17,9.4,20,58.71,71.34,Good,Training
E2365,Mihika Tripathi,41,Customer Support,Customer Success Associate,Contract,6 Months,B4,9.8,9.6,97.0,8,26,21,80.77,82.87,77.04,72.64,65.61,57.53,81.09,74.19,3.6,25,73.76,77.59,Good,Incentive
E2366,Shekhar Kanetkar,38,Operations,Process Analyst,Full-Time,Permanent,B4,12.6,10.3,87.6,9,42,31,73.81,79.79,74.15,81.56,80.29,81.55,73.03,75.61,5.4,15,50.25,77.21,Good,Training
E2367,Prerna Goel,40,Information Technology,Cloud Engineer,Full-Time,Permanent,B3,6.6,5.3,86.5,11,22,16,72.73,74.78,71.7,72.35,72.49,65.59,74.65,67.81,1.3,40,88.87,74.48,Good,Training
E2368,Bhoomi Prakash,28,AI & Data Science,Data Scientist,Full-Time,Permanent,B3,5.1,1.8,97.0,1,34,24,70.59,66.09,67.95,63.14,60.7,60.36,68.63,57.06,6.2,40,87.91,69.63,Average,Training
E2369,Yogesh Thakur,28,Human Resources,HR Executive,Full-Time,Permanent,B3,5.0,3.2,92.5,8,35,24,68.57,73.01,69.54,76.0,76.16,63.83,70.06,60.48,1.7,15,66.13,72.96,Good,Training
E2370,Aniruddh Chawla,53,AI & Data Science,Data Analyst,Part-Time,6 Months,B4,9.5,0.7,88.4,13,35,27,77.14,67.73,68.86,62.05,62.63,54.21,66.65,71.57,11.5,15,66.24,69.4,Average,Training
E2371,Nirbhay Gunji,52,Information Technology,Cloud Engineer,Full-Time,Permanent,B5,24.7,13.1,91.5,8,17,11,64.71,74.42,66.33,77.5,73.48,86.61,71.18,83.91,1.9,40,90.35,75.54,Good,Training
E2372,Kashyap Goel,40,Information Technology,Software Engineer,Full-Time,Permanent,B3,8.9,6.6,93.1,10,26,20,76.92,75.58,75.36,67.22,81.65,58.44,71.13,72.16,0.0,30,78.71,75.76,Good,Training
E2373,Rajeshwar Raj,31,AI & Data Science,Data Analyst,Contract,6 Months,B3,7.3,5.7,97.9,5,24,17,70.83,78.31,72.04,67.43,74.61,67.55,79.13,85.46,0.0,40,84.54,76.38,Good,Training
E2374,Shailja Meena,26,Human Resources,HR Analyst,Full-Time,Permanent,B2,3.1,1.3,96.2,2,31,22,70.97,68.97,66.25,77.6,85.67,54.38,73.7,83.12,2.2,50,81.58,75.39,Good,Training
E2375,Ishani Bisht,31,Finance,Financial Analyst,Part-Time,6 Months,B3,5.7,1.0,96.3,8,22,17,77.27,71.63,74.12,78.54,78.51,70.14,69.8,66.48,1.4,10,46.9,75.38,Good,Training
E2376,Chandrakala Dhoni,48,Human Resources,HR Analyst,Full-Time,Permanent,B5,22.4,1.8,90.3,2,26,15,57.69,65.47,67.4,62.97,66.32,79.18,70.76,81.4,7.5,30,85.58,69.54,Average,Training
E2377,Shailendra Mahto,38,Sales,Sales Executive,Full-Time,Permanent,B3,8.7,5.1,94.8,5,22,17,77.27,84.51,84.05,78.33,75.97,69.32,80.75,73.54,0.0,20,57.46,79.75,Good,Incentive
E2378,Sanatan Mahto,27,Customer Support,Support Executive,Full-Time,Permanent,B1,1.8,0.3,75.4,18,42,27,64.29,63.77,66.61,71.26,73.06,58.04,62.42,59.09,17.3,25,80.37,67.73,Average,Training
E2379,Smriti Dixit,42,Customer Support,Support Executive,Full-Time,Permanent,B5,19.3,14.3,99.5,1,55,38,69.09,77.49,77.8,84.82,83.97,82.89,72.49,71.13,22.0,20,63.65,79.23,Good,Incentive
E2380,Babita Arora,24,Finance,Financial Analyst,Full-Time,Permanent,B1,1.3,1.1,85.8,12,25,15,60.0,63.82,67.08,73.01,77.32,47.35,70.5,75.82,3.9,20,67.64,68.96,Average,Training
E2381,Havya Pal,26,Customer Support,Support Executive,Contract,6 Months,B1,1.3,1.0,92.8,4,30,14,46.67,60.19,61.94,62.8,63.36,52.11,62.5,67.43,1.2,50,92.28,64.07,Average,Training
E2382,Vineet Bhasin,32,Marketing,Marketing Analyst,Full-Time,Permanent,B3,7.2,2.9,92.6,8,18,14,77.78,79.59,76.06,74.73,68.8,59.15,74.71,73.27,0.0,25,72.05,76.32,Good,Incentive
E2383,Mudrika Dasgupta,30,AI & Data Science,Data Analyst,Part-Time,6 Months,B2,4.0,1.4,96.1,3,45,32,71.11,78.3,74.75,78.59,84.1,60.1,78.16,81.57,16.2,15,49.92,76.92,Good,Training
E2384,Nihal Adarsh,31,Human Resources,HR Executive,Contract,24 Months,B2,3.9,0.3,93.8,4,29,23,79.31,81.73,75.93,76.23,88.27,62.7,77.69,87.61,3.4,5,47.07,78.94,Good,Incentive
E2385,Akshit Pathak,33,AI & Data Science,Data Analyst,Full-Time,Permanent,B3,6.7,6.0,93.3,3,20,16,80.0,73.45,72.14,65.65,83.59,61.37,75.23,83.54,0.0,15,59.34,75.35,Good,Training
E2386,Kamlesh Jaitley,35,Marketing,Marketing Executive,Part-Time,6 Months,B4,10.6,9.3,68.3,15,38,25,65.79,62.32,69.66,71.25,60.37,56.82,69.99,66.26,16.6,15,67.18,66.23,Average,PIP
E2387,Narad Mohanty,35,Sales,Business Development Executive,Full-Time,Permanent,B2,4.0,0.6,94.7,6,29,20,68.97,66.7,68.86,69.08,68.21,57.23,71.81,66.49,7.7,25,84.74,71.35,Good,Training
E2388,Kriti Bishnoi,32,Information Technology,Software Engineer,Full-Time,Permanent,B3,8.2,2.5,97.9,1,24,15,62.5,67.14,69.05,73.94,79.59,67.61,67.2,76.38,0.0,25,68.11,72.61,Good,Training
E2389,Udayraj Tata,31,Human Resources,HR Analyst,Full-Time,Permanent,B3,7.7,4.5,90.4,8,27,17,62.96,65.62,67.47,62.96,74.2,62.4,67.34,76.8,2.4,20,55.67,68.42,Average,Training
E2390,Panchali Mohanty,24,Finance,Finance Executive,Full-Time,Permanent,B1,1.3,0.6,96.9,5,34,24,70.59,79.28,74.15,74.57,76.17,62.0,74.41,66.86,1.6,5,44.06,74.46,Good,Training
E2391,Vinay Scindia,45,AI & Data Science,Data Analyst,Full-Time,Permanent,B4,13.9,11.6,82.1,12,44,28,63.64,63.81,61.9,69.84,69.83,69.8,66.86,62.17,6.8,25,76.12,67.82,Average,Training
E2392,Mudita Dadhich,43,AI & Data Science,Data Analyst,Full-Time,Permanent,B3,6.5,3.0,96.4,1,27,16,59.26,59.83,63.99,67.05,72.61,54.42,66.39,69.13,5.2,25,62.88,67.06,Average,Training
E2393,Anand Guha,36,Sales,Sales Executive,Part-Time,12 Months,B3,7.7,5.8,72.3,16,35,22,62.86,72.61,64.02,71.73,64.24,64.91,71.05,74.24,6.7,15,64.06,68.05,Average,PIP
E2394,Aditya Sengupta,27,Information Technology,Software Engineer,Full-Time,Permanent,B2,3.4,1.7,96.9,8,24,16,66.67,70.31,68.58,64.68,78.66,51.0,72.51,76.73,0.0,25,83.22,72.27,Good,Training
E2395,Sanidhya Maheshwari,47,Information Technology,Software Engineer,Part-Time,6 Months,B5,24.4,6.1,90.7,8,29,23,79.31,72.18,71.06,74.59,75.56,71.78,73.68,64.87,4.7,20,76.33,75.53,Good,Training
E2396,Hemlata Lalwani,42,AI & Data Science,AI Engineer,Full-Time,Permanent,B4,12.0,5.6,76.0,15,16,11,68.75,70.52,66.4,70.72,83.75,79.02,68.06,75.19,7.7,10,42.62,70.68,Good,Training
E2397,Shakuntala Kothari,39,AI & Data Science,AI Engineer,Full-Time,Permanent,B5,15.3,9.7,91.5,9,23,18,78.26,84.32,77.52,84.21,72.37,68.2,82.04,73.56,11.1,40,83.51,80.4,Excellent,Incentive
E2398,Manu Saini,47,Sales,Sales Executive,Full-Time,Permanent,B4,13.9,0.3,81.8,13,33,20,60.61,69.41,66.66,67.34,78.17,66.56,65.93,59.17,3.9,40,82.93,69.33,Average,Training
E2399,Kanakprasad Athawale,50,AI & Data Science,ML Engineer,Full-Time,Permanent,B5,16.7,13.5,93.1,9,30,24,80.0,78.38,74.42,81.67,70.89,73.63,73.13,70.08,8.9,20,74.27,78.12,Good,Training
E2400,Rajyawardhan Bhandarkar,28,Human Resources,HR Executive,Full-Time,Permanent,B2,2.7,2.6,90.4,10,23,17,73.91,66.23,75.31,80.6,79.92,56.14,75.05,79.17,0.0,20,74.49,75.68,Good,Incentive
E2401,Chanchal Maali,57,AI & Data Science,Data Scientist,Full-Time,Permanent,B5,24.0,20.8,94.8,6,22,16,72.73,81.68,73.97,75.77,73.75,72.46,76.29,61.95,0.0,40,77.38,76.88,Good,Training
E2402,Ruchi Kulkarni,42,Marketing,Digital Marketing Specialist,Full-Time,Permanent,B3,8.7,8.3,91.6,5,19,12,63.16,73.8,68.54,71.93,67.22,66.8,76.62,80.79,0.0,15,54.83,71.45,Good,Training
E2403,Jagannath Hazari,41,Operations,Operations Manager,Full-Time,Permanent,B5,17.3,7.4,97.5,1,31,24,77.42,71.53,79.11,78.5,70.6,74.83,74.45,67.62,0.5,25,76.83,77.48,Good,Incentive
E2404,Vijendra Munda,41,Operations,Operations Executive,Full-Time,Permanent,B5,18.3,15.9,88.5,10,38,26,68.42,64.12,70.55,68.07,66.18,71.47,64.86,60.89,9.2,30,91.46,70.58,Good,Training
E2405,Dheeraj Mohanty,38,Sales,Business Development Executive,Part-Time,6 Months,B4,10.9,1.1,97.3,1,44,30,68.18,76.39,72.92,75.07,68.45,67.73,72.43,77.62,10.6,30,72.42,74.97,Good,Training
E2406,Udayraj Joshi,26,Marketing,Marketing Executive,Full-Time,Permanent,B2,3.6,1.0,97.9,7,22,15,68.18,64.29,70.35,65.52,60.52,47.84,67.01,61.77,7.1,20,76.77,68.76,Average,Training
E2407,Ishan Valmiki,57,Sales,Sales Executive,Full-Time,Permanent,B5,16.5,16.5,97.6,8,28,18,64.29,67.63,68.71,66.75,76.08,72.5,68.32,70.73,3.7,20,69.66,71.54,Good,Training
E2408,Shrikant Gaharwar,41,Information Technology,Software Engineer,Full-Time,Permanent,B3,8.3,1.1,82.4,13,39,21,53.85,56.56,61.3,58.24,69.5,67.38,67.67,80.46,11.5,25,77.59,64.34,Average,Training
E2409,Kanta Bhatia,29,Finance,Accountant,Part-Time,12 Months,B3,5.3,0.1,90.9,2,23,20,86.96,86.38,88.75,77.87,78.7,61.91,86.49,72.99,0.9,25,74.4,82.74,Excellent,Incentive
E2410,Yogita Rathi,47,Marketing,Marketing Executive,Full-Time,Permanent,B4,9.5,4.9,94.9,5,15,9,60.0,62.15,63.0,60.57,76.72,69.76,63.34,56.65,7.5,5,44.35,65.72,Average,Training
E2411,Ankit Shastri,30,Operations,Operations Executive,Full-Time,Permanent,B3,7.0,2.5,90.0,6,44,35,79.55,71.73,77.26,78.21,66.7,54.54,72.44,76.01,16.4,25,86.48,76.16,Good,Incentive
E2412,Avichal Prajapati,38,AI & Data Science,Data Scientist,Full-Time,Permanent,B3,6.0,2.9,94.0,7,29,19,65.52,70.1,71.92,78.29,73.51,67.97,76.13,86.21,0.0,30,76.27,74.95,Good,Training
E2413,Prashant Sahani,39,Operations,Operations Executive,Part-Time,12 Months,B2,4.9,0.0,92.4,2,20,15,75.0,70.33,76.09,67.34,65.88,64.27,71.79,62.46,2.9,25,84.77,73.31,Good,Training
E2414,Tarika Rathod,35,AI & Data Science,ML Engineer,Contract,6 Months,B4,10.9,1.5,96.8,6,16,10,62.5,58.5,64.33,68.76,76.24,68.46,68.48,70.12,1.9,10,51.05,68.32,Average,Training
E2415,Pinaka Bansal,32,Human Resources,Talent Acquisition Specialist,Full-Time,Permanent,B3,6.2,2.9,93.1,2,44,29,65.91,62.19,64.59,68.96,72.94,55.25,68.78,71.58,7.4,40,92.19,70.24,Good,Training
E2416,Kumud Narula,47,Information Technology,DevOps Engineer,Contract,6 Months,B5,21.4,15.7,93.8,7,36,22,61.11,68.09,70.21,75.89,73.21,84.79,68.65,69.43,0.0,25,78.88,73.08,Good,Training
E2417,Yash Meena,40,Customer Support,Customer Success Associate,Full-Time,Permanent,B4,13.2,9.8,70.1,17,32,15,46.88,62.23,61.9,68.74,78.75,64.67,61.87,60.21,14.1,10,48.01,62.59,Average,PIP
E2418,Marutanjali Balyan,51,Operations,Operations Executive,Full-Time,Permanent,B4,13.2,2.9,91.9,3,30,22,73.33,70.48,76.25,83.09,83.5,75.37,72.41,66.61,2.8,30,85.3,78.0,Good,Incentive
E2419,Gomed Kharwar,39,Information Technology,Cloud Engineer,Full-Time,Permanent,B3,6.9,2.7,91.5,3,23,15,65.22,63.8,63.86,66.88,80.8,66.91,67.09,64.25,0.0,10,42.69,68.24,Average,Training
E2420,Komal Sagar,33,Information Technology,Software Engineer,Full-Time,Permanent,B2,4.1,1.4,88.3,10,17,12,70.59,75.04,74.11,77.39,74.38,60.36,73.93,64.98,0.0,40,76.63,74.63,Good,Training
E2421,Bhagvati Tata,56,Information Technology,Software Engineer,Full-Time,Permanent,B5,31.5,1.3,91.1,7,34,28,82.35,83.52,81.63,81.44,84.75,85.42,74.49,64.97,16.8,5,32.64,79.8,Good,Incentive
E2422,Aditi Awasthi,33,Marketing,Digital Marketing Specialist,Full-Time,Permanent,B2,4.3,4.2,96.2,7,33,21,63.64,75.66,66.8,77.12,79.35,67.57,68.97,68.06,9.5,5,41.17,72.33,Good,Training
E2423,Niyati Sardana,36,Customer Support,Support Executive,Full-Time,Permanent,B2,4.1,1.8,66.5,22,48,28,58.33,57.13,64.29,74.87,82.6,52.82,65.15,75.72,15.3,25,71.35,66.36,Average,PIP
E2424,Ketki Bishnoi,43,Marketing,Marketing Executive,Full-Time,Permanent,B5,18.5,8.0,91.7,5,23,15,65.22,75.97,75.49,68.54,81.06,77.78,73.33,63.8,7.2,10,51.72,73.39,Good,Training
E2425,Kalyani Bachchan,52,AI & Data Science,Data Analyst,Full-Time,Permanent,B5,25.8,0.6,92.6,9,43,26,60.47,64.22,62.18,71.0,80.9,80.73,62.5,66.68,10.9,25,66.64,69.86,Average,Training
E2426,Kajol Sampla,42,AI & Data Science,ML Engineer,Full-Time,Permanent,B3,5.4,5.4,96.6,4,27,21,77.78,76.25,79.52,82.31,68.15,64.81,72.15,64.52,0.0,50,90.21,78.44,Good,Incentive
E2427,Mridula Sahu,44,AI & Data Science,ML Engineer,Full-Time,Permanent,B4,11.3,3.4,99.6,5,17,11,64.71,69.98,64.25,70.73,65.44,72.11,74.95,82.84,0.0,25,77.19,72.31,Good,Training
E2428,Tejas Rajpurohit,31,Customer Support,Support Executive,Contract,12 Months,B2,3.4,2.5,94.1,8,47,27,57.45,59.15,65.59,69.29,85.34,63.97,70.24,80.4,10.2,50,94.84,71.14,Good,Training
E2429,Shekhar Dadhich,51,Human Resources,HR Executive,Full-Time,Permanent,B4,10.6,2.7,80.1,8,18,10,55.56,68.27,66.56,69.61,62.47,71.73,68.79,74.54,0.0,10,49.22,66.47,Average,Training
E2430,Rudra Haldar,26,Marketing,Digital Marketing Specialist,Full-Time,Permanent,B2,3.0,1.9,90.2,3,33,22,66.67,63.27,63.61,60.86,70.09,48.7,70.91,76.79,5.7,25,71.45,67.58,Average,Training
E2431,Kashi Deol,25,Finance,Accountant,Full-Time,Permanent,B2,2.7,0.9,94.2,5,24,19,79.17,82.84,78.97,73.12,70.51,50.21,79.31,79.61,2.3,25,87.19,78.4,Good,Incentive
E2432,Santosh Jalan,29,Sales,Account Manager,Full-Time,Permanent,B3,6.5,0.3,88.3,8,16,10,62.5,62.94,70.13,73.94,69.82,66.63,66.22,72.96,0.0,40,99.73,71.52,Good,Training
E2433,Archana Parekh,49,AI & Data Science,Data Scientist,Full-Time,Permanent,B5,20.9,4.6,96.4,8,29,23,79.31,74.99,78.8,81.36,85.06,89.63,73.5,70.71,3.8,20,75.51,80.78,Excellent,Incentive
E2434,Sudarshini Mathur,29,Customer Support,Support Executive,Full-Time,Permanent,B2,3.8,2.5,80.4,7,35,24,68.57,63.75,70.75,71.4,65.69,47.79,71.42,80.99,10.3,40,77.09,69.64,Average,Training
E2435,Haripriya Mukhopadhyay,33,Information Technology,DevOps Engineer,Full-Time,Permanent,B4,10.2,9.7,90.5,3,32,21,65.62,69.71,73.55,76.46,81.64,61.6,72.33,69.31,15.7,15,64.93,73.42,Good,Training
E2436,Revati Bhaskar,55,Operations,Process Analyst,Contract,24 Months,B5,17.6,6.1,94.2,3,35,28,80.0,71.65,72.44,68.38,80.89,75.91,73.54,85.9,12.2,25,86.7,77.48,Good,Training
E2437,Madhu Biswas,39,Customer Support,Support Analyst,Full-Time,Permanent,B3,6.5,6.5,66.8,19,25,15,60.0,58.76,67.25,66.97,68.53,54.68,64.05,68.76,1.5,40,92.34,65.47,Average,PIP
E2438,Jawahar Singhi,27,Sales,Account Manager,Full-Time,Permanent,B2,2.4,2.3,92.2,2,40,22,55.0,70.28,68.66,72.66,73.96,56.44,73.21,79.35,1.9,10,55.86,69.85,Average,Training
E2439,Nagesh Kanetkar,25,Customer Support,Support Analyst,Contract,6 Months,B1,0.9,0.1,90.6,6,32,21,65.62,60.78,69.01,63.55,70.17,49.17,69.31,82.59,0.0,30,72.22,68.59,Average,Training
E2440,Umakant Dubey,57,Human Resources,HR Analyst,Full-Time,Permanent,B4,12.3,9.5,96.5,2,34,22,64.71,59.7,63.42,61.55,68.99,66.36,67.38,64.03,11.5,20,79.93,67.84,Average,Training
E2441,Upasana Narayan,53,Finance,Financial Analyst,Full-Time,Permanent,B5,21.0,20.2,97.1,1,23,19,82.61,78.61,82.31,72.98,71.47,81.85,77.89,80.25,0.9,50,96.68,81.17,Excellent,Incentive
E2442,Indraneel Roshan,46,Sales,Sales Executive,Part-Time,6 Months,B5,16.0,2.3,86.4,15,28,22,78.57,79.67,81.22,74.78,81.46,72.42,78.93,84.14,11.8,20,71.62,79.28,Good,Incentive
E2443,Maheshwari Jahagirdar,40,AI & Data Science,Data Scientist,Full-Time,Permanent,B4,9.5,1.3,90.5,4,27,20,74.07,78.21,75.5,71.09,66.82,59.23,77.82,82.08,0.0,25,65.38,74.79,Good,Training
E2444,Bimal Pushkar,36,Human Resources,HR Executive,Full-Time,Permanent,B4,13.5,12.4,97.4,1,21,16,76.19,74.75,78.84,67.91,71.5,71.65,76.85,71.61,3.7,10,55.51,75.32,Good,Training
E2445,Niyati Shandilya,37,Operations,Process Analyst,Full-Time,Permanent,B3,8.3,3.3,71.7,16,38,18,47.37,50.32,54.92,65.36,74.85,57.11,64.08,76.36,1.5,30,82.75,61.37,Average,PIP
E2446,Guddoo Trivedi,37,Finance,Accountant,Full-Time,Permanent,B4,10.9,3.5,65.5,13,31,15,48.39,50.6,50.35,57.54,67.57,60.64,60.58,64.62,4.7,20,56.78,56.47,Needs Improvement,PIP
E2447,Tarika Rathod,30,Finance,Accountant,Full-Time,Permanent,B3,6.9,5.7,96.6,5,33,23,69.7,78.0,78.53,69.87,71.19,63.18,77.75,83.94,5.4,15,66.24,75.75,Good,Training
E2448,Harshvardhan Giri,35,Information Technology,Software Engineer,Part-Time,6 Months,B2,4.5,0.6,73.6,19,32,21,65.62,61.91,61.99,74.78,86.4,58.01,68.92,84.98,4.5,25,80.31,70.26,Good,Training
E2449,Kashinath Pratap,46,Customer Support,Support Executive,Full-Time,Permanent,B5,18.9,17.4,97.6,6,51,31,60.78,73.03,68.83,64.09,80.69,75.05,73.33,79.25,14.5,15,65.19,72.48,Good,Training
E2450,Hansini Jethwani,54,Sales,Sales Executive,Full-Time,Permanent,B5,30.7,20.4,91.6,6,38,19,50.0,61.53,55.89,66.89,74.08,81.69,60.95,71.84,6.2,15,55.81,65.23,Average,Training
E2451,Uday Shankar,35,Information Technology,Software Engineer,Full-Time,Permanent,B3,5.2,3.8,92.9,9,16,8,50.0,57.46,58.96,71.47,60.49,59.8,60.46,65.37,0.0,25,69.01,63.75,Average,Training
E2452,Chandrakala Baranwal,37,AI & Data Science,AI Engineer,Full-Time,Permanent,B4,14.8,2.4,94.8,10,25,19,76.0,82.29,76.52,68.69,81.67,69.14,75.85,70.63,4.8,20,68.07,77.36,Good,Training
E2453,Devdutt Bala,51,Finance,Financial Analyst,Full-Time,Permanent,B4,13.4,7.7,88.6,7,32,22,68.75,73.29,72.18,77.14,72.24,72.9,69.34,72.39,12.9,20,74.22,74.23,Good,Training
E2454,Ashwin Biswas,29,Information Technology,Software Engineer,Full-Time,Permanent,B2,3.4,2.2,92.1,6,39,24,61.54,59.17,66.69,75.29,71.16,57.59,63.02,66.08,10.9,40,92.64,69.7,Average,Training
E2455,Divakar Paswan,53,Operations,Process Analyst,Full-Time,Permanent,B4,12.0,7.4,96.0,7,38,31,81.58,81.27,77.42,84.71,79.46,79.28,74.77,77.19,8.6,10,48.7,80.29,Excellent,Incentive
E2456,Manoj Bhatia,47,Information Technology,DevOps Engineer,Full-Time,Permanent,B4,14.6,4.1,66.5,19,30,20,66.67,77.77,69.82,76.77,87.4,76.25,75.79,84.29,9.8,25,71.23,74.42,Good,Training
E2457,Vikrant Gavaskar,30,Marketing,Marketing Analyst,Full-Time,Permanent,B2,2.7,1.7,93.8,2,35,26,74.29,66.89,72.39,68.11,73.06,62.26,69.95,59.38,8.6,25,85.76,72.81,Good,Training
E2458,Rashi Rajpoot,24,Marketing,Marketing Executive,Contract,24 Months,B2,2.0,1.2,94.5,6,19,16,84.21,80.41,85.48,78.45,78.43,51.64,81.42,86.8,8.1,30,77.0,81.42,Excellent,Incentive
E2459,Vaani Gehlot,36,Marketing,Marketing Analyst,Full-Time,Permanent,B3,8.2,3.1,80.6,6,18,9,50.0,66.75,63.91,66.21,85.08,58.31,66.25,79.13,0.0,20,67.27,67.15,Average,Training
E2460,Parth Bhattacharya,52,Marketing,Marketing Executive,Full-Time,Permanent,B4,11.4,1.0,80.7,7,36,24,66.67,77.0,76.3,76.43,83.55,72.36,79.29,80.94,8.2,15,48.83,74.96,Good,Training
E2461,Vimal Sahay,43,Operations,Process Analyst,Part-Time,12 Months,B4,9.3,5.2,99.7,6,23,18,78.26,85.76,83.93,77.31,79.5,59.87,81.58,67.17,3.6,25,66.35,80.46,Excellent,Incentive
E2462,Nishi Mahto,44,Customer Support,Customer Success Associate,Full-Time,Permanent,B3,8.5,4.4,96.9,3,33,26,78.79,80.86,75.39,72.67,79.75,57.84,75.31,79.36,10.4,25,65.2,77.71,Good,Incentive
E2463,Khushi Khattar,38,Human Resources,HR Analyst,Full-Time,Permanent,B4,14.3,6.9,92.9,4,19,12,63.16,72.27,71.45,76.41,77.59,72.37,70.52,80.7,8.2,15,68.19,74.13,Good,Training
E2464,Suneeta Runthla,39,Information Technology,System Administrator,Full-Time,Permanent,B5,15.6,8.6,93.3,5,50,38,76.0,75.89,80.73,75.58,78.51,83.31,79.92,86.11,6.8,15,70.83,79.42,Good,Incentive
E2465,Abhay Prasad,24,Information Technology,Cloud Engineer,Full-Time,Permanent,B1,1.3,1.2,97.2,4,18,10,55.56,65.6,64.75,64.93,77.27,50.06,69.96,83.49,2.2,20,70.14,68.76,Average,Training
E2466,Sanskriti Sahani,56,AI & Data Science,ML Engineer,Part-Time,6 Months,B4,14.9,7.7,74.6,10,35,20,57.14,57.66,60.62,56.31,74.39,69.52,64.96,71.24,9.3,20,70.79,63.48,Average,PIP
E2467,Kedarnath Pal,39,AI & Data Science,Data Scientist,Full-Time,Permanent,B3,5.9,3.2,90.1,7,32,15,46.88,62.31,60.64,73.17,67.45,54.15,64.02,77.64,5.1,10,59.23,64.96,Average,Training
E2468,Shivangi Prasad,27,Information Technology,System Administrator,Full-Time,Permanent,B1,1.6,1.2,93.0,10,50,38,76.0,78.61,81.62,72.67,69.23,49.19,82.87,80.85,17.6,20,73.86,76.9,Good,Incentive
E2469,Manisha Saxena,38,Marketing,Digital Marketing Specialist,Full-Time,Permanent,B4,12.5,9.6,90.7,3,22,16,72.73,76.03,73.8,79.2,84.8,79.78,70.91,70.81,0.5,30,76.43,77.71,Good,Training
E2470,Surendra Kelkar,31,AI & Data Science,Data Scientist,Full-Time,Permanent,B3,5.7,3.5,93.1,9,23,17,73.91,79.06,72.58,69.36,75.84,59.78,70.62,68.79,8.9,20,67.88,74.48,Good,Training
E2471,Ikshita Scindia,24,Information Technology,DevOps Engineer,Part-Time,6 Months,B1,0.7,0.0,98.0,0,27,27,100.0,94.03,96.22,93.18,83.22,61.0,86.57,76.82,0.0,20,64.09,90.06,Excellent,Incentive
E2472,Pritika Bhatnagar,44,Customer Support,Support Analyst,Full-Time,Permanent,B5,20.5,6.5,96.5,5,27,17,62.96,67.2,66.84,78.02,72.24,80.57,75.42,86.95,6.4,30,92.86,74.92,Good,Training
E2473,Santanika Sen,44,Human Resources,HR Analyst,Full-Time,Permanent,B4,13.1,10.0,96.3,8,18,11,61.11,59.91,65.23,59.34,67.97,61.84,62.98,72.04,0.0,15,54.05,65.81,Average,Training
E2474,Abhilash Sen,51,Human Resources,Talent Acquisition Specialist,Full-Time,Permanent,B5,26.8,12.0,71.7,10,22,16,72.73,66.74,69.3,67.68,72.86,84.2,70.85,77.35,0.0,20,56.08,70.35,Good,Training
E2475,Sonia Rajpurohit,55,Operations,Operations Executive,Full-Time,Permanent,B5,23.2,11.8,99.8,7,50,36,72.0,66.48,69.65,72.97,81.91,84.43,67.01,73.96,18.0,15,66.28,74.92,Good,Training
E2476,Ravindra Rathod,23,Sales,Sales Executive,Contract,24 Months,B1,0.4,0.1,97.0,1,44,35,79.55,74.81,75.11,78.23,73.28,57.97,74.52,89.38,12.3,30,82.74,78.41,Good,Incentive
E2477,Jeetendra Rana,23,Information Technology,Software Engineer,Contract,12 Months,B1,0.8,0.1,97.1,0,40,33,82.5,84.69,82.27,80.59,89.4,60.85,85.03,87.7,2.5,25,87.22,84.2,Excellent,Incentive
E2478,Priyanka Kannaujiya,26,Sales,Business Development Executive,Full-Time,Permanent,B2,3.5,1.8,90.7,10,27,21,77.78,83.5,81.23,80.93,71.12,61.23,81.46,78.81,1.5,20,55.78,78.56,Good,Incentive
E2479,Sudevi Gaitonde,49,Human Resources,HR Executive,Full-Time,Permanent,B4,11.3,0.7,90.3,6,32,23,71.88,71.1,67.62,73.68,85.87,75.22,74.58,78.65,7.7,15,49.11,74.14,Good,Training
E2480,Vidhi Deewan,54,AI & Data Science,Data Scientist,Full-Time,Permanent,B5,26.7,4.7,84.1,5,18,11,61.11,74.58,71.07,73.77,71.43,72.89,69.21,63.88,0.0,10,56.02,70.73,Good,Training
E2481,Kirti Barjatya,28,Sales,Account Manager,Full-Time,Permanent,B2,4.6,3.9,87.0,15,19,15,78.95,73.04,79.74,79.92,64.86,57.65,78.41,69.52,0.0,20,73.93,75.91,Good,Incentive
E2482,Sunanda Chandravanshi,56,Finance,Financial Analyst,Full-Time,Permanent,B5,26.4,10.8,93.5,6,27,23,85.19,88.95,82.78,88.71,84.0,77.07,80.84,74.11,6.4,25,68.99,84.64,Excellent,Incentive
E2483,Suhani Mukhopadhyay,46,AI & Data Science,Data Analyst,Part-Time,12 Months,B5,20.2,12.4,93.8,9,44,37,84.09,75.54,81.96,74.87,79.67,88.1,82.95,83.4,13.8,5,33.3,79.2,Good,Incentive
E2484,Mayuri Govil,35,Customer Support,Support Executive,Part-Time,6 Months,B4,10.4,2.1,90.4,10,56,44,78.57,80.45,73.99,83.16,65.02,68.07,75.86,68.2,16.9,15,64.35,76.79,Good,Training
E2485,Mrityunjay Verma,35,Sales,Account Manager,Full-Time,Permanent,B4,10.0,7.3,82.5,12,20,12,60.0,64.26,68.63,73.42,72.16,71.63,73.44,82.58,0.0,30,81.39,70.86,Good,Training
E2486,Parmeshwar Shekhawat,39,Marketing,Digital Marketing Specialist,Part-Time,12 Months,B3,5.9,0.0,96.2,7,28,18,64.29,69.95,68.73,65.37,61.78,58.17,68.93,70.04,0.0,30,91.42,70.48,Good,Training
E2487,Aseem Rawal,45,Finance,Finance Executive,Full-Time,Permanent,B3,6.3,0.4,90.4,3,20,13,65.0,75.47,67.84,77.47,85.68,58.39,74.53,86.94,2.7,40,79.28,75.43,Good,Training
E2488,Shalini Das,52,Information Technology,Software Engineer,Full-Time,Permanent,B5,29.3,14.9,82.1,15,20,12,60.0,70.46,63.5,76.49,77.8,73.47,65.38,66.31,1.4,40,78.32,70.73,Good,Training
E2489,Preyash Bahl,26,Information Technology,Cloud Engineer,Full-Time,Permanent,B1,1.5,1.1,82.6,14,27,12,44.44,57.91,54.58,67.79,64.54,47.2,58.35,68.19,7.5,10,55.24,59.87,Needs Improvement,PIP
E2490,Anuradha Malhotra,40,Information Technology,System Administrator,Contract,24 Months,B5,17.3,4.5,86.6,6,42,22,52.38,61.97,59.07,66.48,84.82,77.23,68.77,79.53,18.2,10,43.83,66.59,Average,Training
E2491,Chhaya Runthla,28,Information Technology,System Administrator,Full-Time,Permanent,B2,4.1,0.2,97.1,5,40,31,77.5,81.99,79.39,73.5,82.54,53.79,79.89,68.69,8.0,20,75.35,78.71,Good,Incentive
E2492,Sampada Rathore,23,Operations,Operations Manager,Full-Time,Permanent,B1,0.8,0.6,77.7,20,34,18,52.94,56.26,60.69,57.9,71.72,59.08,58.57,58.42,9.3,15,54.64,60.65,Average,Training
E2493,Tanuja Singhi,51,AI & Data Science,Data Analyst,Full-Time,Permanent,B4,14.1,1.9,83.9,12,24,15,62.5,62.29,63.68,70.22,74.36,79.33,65.29,72.1,4.9,5,43.16,67.62,Average,Training
E2494,Seema Gandhi,36,Customer Support,Support Executive,Full-Time,Permanent,B4,12.3,11.8,92.3,4,35,22,62.86,69.16,69.73,71.42,60.74,64.58,68.16,66.84,9.1,25,71.4,69.83,Average,Training
E2495,Foolkumari Ghosh,34,Sales,Business Development Executive,Contract,24 Months,B3,6.3,2.1,91.6,10,28,16,57.14,64.45,58.98,68.39,79.4,62.53,68.17,72.09,3.7,10,60.94,67.63,Average,Training
E2496,Shubh Pednekar,28,AI & Data Science,ML Engineer,Full-Time,Permanent,B3,5.7,2.9,92.1,5,32,24,75.0,79.12,74.94,71.69,77.17,64.38,80.8,86.91,4.7,15,55.93,76.44,Good,Training
E2497,Virendra Nahar,46,Marketing,Marketing Executive,Full-Time,Permanent,B5,22.7,1.5,97.1,4,25,22,88.0,81.65,87.42,74.22,77.47,81.7,83.14,87.86,3.0,10,53.39,82.45,Excellent,Incentive
E2498,Sandhya Sisodia,30,Finance,Financial Analyst,Contract,24 Months,B3,5.6,2.7,92.6,3,28,21,75.0,78.7,76.44,68.51,62.7,59.01,79.25,71.04,0.0,40,88.84,75.23,Good,Training
E2499,Hansvi Prakash,46,Information Technology,Software Engineer,Full-Time,Permanent,B4,14.1,7.2,82.9,9,30,20,66.67,77.0,71.57,72.32,77.19,69.3,73.04,74.22,3.7,20,74.78,73.71,Good,Training
E2500,Payal Sethi,29,Customer Support,Support Analyst,Full-Time,Permanent,B2,3.4,3.3,76.5,23,31,22,70.97,66.26,69.67,77.92,75.68,67.86,71.93,86.5,0.0,20,77.19,73.12,Good,Training
E2501,Amber Ranaut,57,Operations,Operations Executive,Contract,24 Months,B4,12.7,0.6,83.6,6,33,23,69.7,75.39,75.45,82.84,70.72,80.29,77.29,88.77,3.3,40,80.97,77.31,Good,Incentive
E2502,Nandini Kadam,51,Information Technology,System Administrator,Full-Time,Permanent,B4,12.1,7.9,82.2,7,31,17,54.84,68.04,63.6,76.24,76.29,78.29,70.53,78.14,13.6,30,93.52,71.28,Good,Training
E2503,Kaavya Saha,42,Information Technology,Software Engineer,Full-Time,Permanent,B5,18.7,14.4,65.3,14,32,16,50.0,66.32,55.71,56.71,76.73,72.08,68.75,77.46,5.2,30,90.62,63.96,Average,PIP
E2504,Adhya Khera,56,Customer Support,Customer Success Associate,Full-Time,Permanent,B5,33.3,4.8,92.4,8,31,20,64.52,59.5,68.5,70.43,77.38,76.46,68.39,66.92,5.7,15,67.82,70.4,Good,Training
E2505,Vilas Jalan,52,Human Resources,HR Analyst,Contract,6 Months,B5,29.5,2.2,94.3,8,18,16,88.89,81.86,81.54,81.19,73.3,72.41,83.9,85.74,7.0,40,76.11,82.69,Excellent,Incentive
E2506,Shaguun Ray,39,Information Technology,Software Engineer,Full-Time,Permanent,B5,16.9,15.4,81.1,10,15,11,73.33,73.14,76.19,82.34,65.84,70.57,70.16,65.94,0.0,20,72.06,74.38,Good,Training
E2507,Suneeti Nayak,45,Information Technology,DevOps Engineer,Full-Time,Permanent,B5,16.8,14.1,96.4,5,18,15,83.33,76.88,78.2,77.82,82.44,78.45,78.84,82.86,3.7,25,73.85,81.02,Excellent,Incentive
E2508,Kavindra Azad,44,Finance,Financial Analyst,Part-Time,12 Months,B5,17.0,16.0,96.8,5,26,18,69.23,78.63,75.23,84.46,64.77,78.12,76.54,65.53,14.3,30,76.56,77.13,Good,Incentive
E2509,Arpita Gaharwar,41,Information Technology,DevOps Engineer,Full-Time,Permanent,B3,8.1,0.1,96.8,4,33,25,75.76,79.53,72.51,80.24,72.85,61.37,77.66,79.21,4.5,20,74.27,77.8,Good,Training
E2510,Kedarnath Kannaujiya,56,AI & Data Science,Data Analyst,Full-Time,Permanent,B5,25.5,0.0,91.2,8,20,11,55.0,68.08,68.0,62.89,65.39,81.61,68.6,83.12,0.0,20,67.13,68.78,Average,Training
E2511,Vineeta Dhumal,23,AI & Data Science,AI Engineer,Full-Time,Permanent,B1,0.7,0.2,86.1,10,28,17,60.71,73.43,68.19,77.36,75.38,64.44,71.32,65.51,5.4,10,42.21,70.28,Good,Training
E2512,Madhavi Sahu,51,Information Technology,Cloud Engineer,Full-Time,Permanent,B5,22.4,18.1,92.9,2,29,24,82.76,88.61,86.59,78.68,76.86,84.91,82.64,78.69,0.7,25,81.94,83.88,Excellent,Incentive
E2513,Sohan Sawant,23,Customer Support,Customer Success Associate,Full-Time,Permanent,B1,0.5,0.2,90.7,6,34,19,55.88,62.28,57.34,65.12,76.57,52.26,62.11,74.43,14.3,20,60.33,65.28,Average,Training
E2514,Raghav Menon,49,Information Technology,Software Engineer,Full-Time,Permanent,B4,14.7,11.7,96.7,6,40,28,70.0,66.64,70.12,70.18,80.51,66.49,75.94,83.86,2.8,40,76.78,74.42,Good,Training
E2515,Rakhi Dalal,38,Finance,Finance Executive,Contract,6 Months,B4,10.4,8.3,97.5,1,32,26,81.25,75.83,74.76,70.07,81.1,73.39,72.04,73.58,9.7,15,52.95,76.74,Good,Training
E2516,Madhurima Deshpande,48,Finance,Finance Executive,Full-Time,Permanent,B5,22.2,18.2,73.1,23,37,23,62.16,58.25,65.65,74.48,75.22,75.92,68.58,83.37,6.8,20,68.04,68.71,Average,PIP
E2517,Sukritika Khajuria,23,Human Resources,Talent Acquisition Specialist,Full-Time,Permanent,B1,0.6,0.3,92.2,6,29,18,62.07,74.8,69.92,72.82,63.37,47.41,74.25,69.07,8.0,20,70.24,70.55,Good,Training
E2518,Satish Dasgupta,39,AI & Data Science,ML Engineer,Full-Time,Permanent,B5,15.6,2.7,90.5,6,34,21,61.76,67.23,62.08,64.18,77.95,75.74,69.68,76.5,10.7,20,67.47,69.6,Average,Training
E2519,Shatrughna Bachchan,45,Information Technology,Software Engineer,Full-Time,Permanent,B4,12.4,12.0,93.8,3,30,16,53.33,58.08,57.84,58.97,71.45,72.96,65.87,66.65,2.9,40,92.93,65.68,Average,Training
E2520,Sumitra Bharati,29,Human Resources,HR Executive,Contract,12 Months,B3,7.0,2.1,97.6,1,26,19,73.08,76.83,78.58,78.11,63.3,57.34,75.49,68.77,0.2,25,70.52,75.69,Good,Incentive
E2521,Kamalashankar Tyagi,56,Operations,Process Analyst,Full-Time,Permanent,B5,24.8,3.1,94.3,5,33,25,75.76,76.06,74.81,77.36,64.71,76.41,72.14,74.45,4.0,20,75.08,76.4,Good,Training
E2522,Bunty Bind,26,Operations,Process Analyst,Full-Time,Permanent,B2,2.6,2.1,91.9,3,22,14,63.64,65.38,66.8,61.05,75.14,53.43,65.35,69.54,0.0,20,55.2,67.41,Average,Training
E2523,Badal Tendulkar,38,Finance,Accountant,Full-Time,Permanent,B3,8.9,5.8,80.5,5,31,23,74.19,76.91,80.08,82.38,82.94,68.97,78.22,75.21,3.4,30,91.36,79.07,Good,Incentive
E2524,Brahmadatta Surana,41,Operations,Operations Executive,Full-Time,Permanent,B4,13.0,0.0,82.2,12,42,26,61.9,59.58,68.12,71.84,67.47,76.81,68.07,80.58,14.1,30,73.01,69.11,Average,Training
E2525,Shivam Bhadauria,39,Operations,Operations Executive,Full-Time,Permanent,B4,12.1,9.2,91.6,6,50,35,70.0,76.99,78.39,83.42,83.66,66.13,73.71,76.21,9.6,20,74.27,78.36,Good,Incentive
E2526,Bheem Scindia,28,Sales,Business Development Executive,Full-Time,Permanent,B3,5.4,3.5,92.5,5,31,21,67.74,61.88,65.34,75.24,66.37,60.68,64.46,69.32,0.0,10,48.98,68.59,Average,Training
E2527,Pariniti Bindra,42,Marketing,Marketing Executive,Part-Time,6 Months,B4,10.4,8.8,69.8,10,29,16,55.17,69.08,63.12,73.16,76.92,73.72,67.54,71.69,9.1,15,61.21,67.46,Average,PIP
E2528,Jeetendra Chaturvedi,28,Information Technology,Software Engineer,Contract,6 Months,B2,4.9,1.4,93.9,4,39,26,66.67,61.23,69.7,74.07,82.43,59.37,74.37,83.34,14.3,15,60.89,72.28,Good,Training
E2529,Kaushik Maurya,28,Information Technology,Cloud Engineer,Contract,24 Months,B1,1.5,0.1,99.4,6,30,23,76.67,69.55,70.61,73.47,81.49,53.65,75.98,80.65,0.0,30,84.72,76.38,Good,Training
E2530,Samanata Mukhopadhyay,45,Information Technology,Software Engineer,Full-Time,Permanent,B3,5.9,4.5,90.1,5,38,22,57.89,59.97,59.04,68.82,72.87,60.49,59.28,59.34,18.5,20,73.17,65.77,Average,Training
E2531,Manorama Arora,35,Operations,Process Analyst,Full-Time,Permanent,B3,5.3,1.4,96.3,4,36,22,61.11,64.56,66.28,69.07,79.74,68.77,68.42,84.49,10.4,30,89.53,72.32,Good,Training
E2532,Neetoo Arora,49,Customer Support,Support Executive,Contract,12 Months,B5,19.9,12.7,68.2,18,56,35,62.5,73.43,66.02,70.61,69.62,77.35,69.51,58.62,21.8,20,63.37,68.11,Average,PIP
E2533,Raj Kamat,37,Operations,Operations Manager,Full-Time,Permanent,B4,14.8,13.4,69.3,14,21,11,52.38,63.13,58.48,73.57,70.64,75.22,68.01,85.08,0.0,20,74.2,66.25,Average,PIP
E2534,Manoj Mumukshu,49,Operations,Operations Executive,Full-Time,Permanent,B5,21.5,5.2,83.4,14,28,15,53.57,63.52,58.23,71.92,78.25,87.19,65.78,71.09,0.0,25,74.49,68.18,Average,Training
E2535,Reshama Ram,24,Sales,Account Manager,Full-Time,Permanent,B1,1.0,0.3,93.0,9,30,20,66.67,64.16,70.99,72.11,69.15,48.87,72.11,83.7,0.0,10,63.76,70.73,Good,Training
E2536,Yashvi Mohapatra,55,Operations,Operations Executive,Full-Time,Permanent,B4,9.1,0.7,86.6,11,36,25,69.44,65.65,70.28,70.15,65.83,71.83,68.64,59.25,6.0,10,63.11,69.71,Average,Training
E2537,Nilakshi Bandopadhyay,38,Human Resources,HR Executive,Full-Time,Permanent,B3,8.2,8.0,96.8,4,34,23,67.65,77.07,72.0,79.63,68.33,60.29,77.12,71.39,0.0,15,55.05,74.16,Good,Training
E2538,Manikarnika Ahuja,48,AI & Data Science,Data Analyst,Full-Time,Permanent,B5,20.2,17.9,97.2,4,35,24,68.57,69.09,68.46,69.63,77.5,76.46,71.87,69.83,12.3,10,46.83,72.08,Good,Training
E2539,Samarth Shukla,25,Information Technology,Software Engineer,Full-Time,Permanent,B2,2.1,0.8,93.9,10,33,26,78.79,71.33,77.14,81.02,68.98,59.39,76.03,65.96,14.5,25,78.95,76.55,Good,Incentive
E2540,Tushar Chakraborty,56,AI & Data Science,Data Analyst,Full-Time,Permanent,B5,26.1,13.4,91.3,6,44,32,72.73,79.12,75.66,75.19,74.2,73.0,76.33,75.89,9.7,25,86.89,77.56,Good,Incentive
E2541,Sudarshini Rathi,45,Operations,Process Analyst,Contract,12 Months,B5,18.7,9.3,96.2,7,41,28,68.29,62.88,63.88,62.77,74.85,70.86,69.2,71.68,8.1,25,77.07,70.22,Good,Training
E2542,Megha Chaudhari,54,Information Technology,DevOps Engineer,Part-Time,12 Months,B4,14.9,5.8,81.3,12,24,15,62.5,58.62,62.22,74.29,77.3,70.58,69.48,81.47,5.2,30,84.14,69.79,Average,Training
E2543,Raghav Bhandari,29,Marketing,Marketing Executive,Full-Time,Permanent,B2,4.1,1.1,97.1,1,16,10,62.5,58.64,65.11,68.4,67.41,62.72,61.3,62.56,0.0,25,68.99,67.43,Average,Training
E2544,Kanti Khattar,36,Operations,Operations Executive,Full-Time,Permanent,B2,4.1,0.3,92.2,2,28,19,67.86,77.86,75.53,80.08,79.73,63.87,79.09,72.5,1.8,20,71.77,76.75,Good,Incentive
E2545,Uma Hajariya,28,Sales,Business Development Executive,Full-Time,Permanent,B2,3.1,2.6,84.8,12,32,23,71.88,80.81,77.26,78.02,73.7,63.89,79.56,84.46,7.8,15,51.22,76.0,Good,Incentive
E2546,Brahmi Roshan,29,Human Resources,Talent Acquisition Specialist,Full-Time,Permanent,B2,4.4,3.1,81.3,10,24,14,58.33,62.26,65.16,72.97,64.02,63.78,70.24,69.27,1.2,30,83.34,67.67,Average,Training
E2547,Guddoo Chaubey,52,AI & Data Science,Data Analyst,Full-Time,Permanent,B5,21.5,6.0,94.6,10,35,23,65.71,77.08,73.93,67.26,69.86,72.59,74.99,70.94,6.8,30,82.81,74.11,Good,Training
E2548,Kamini Bharadwaj,39,AI & Data Science,Data Analyst,Full-Time,Permanent,B4,11.3,8.6,93.9,10,39,29,74.36,71.66,75.88,71.14,69.7,61.73,71.7,72.85,13.2,15,57.27,73.49,Good,Training
E2549,Suyash Kaul,34,Human Resources,HR Executive,Part-Time,12 Months,B4,11.9,7.5,94.4,6,19,13,68.42,77.15,76.19,80.21,80.57,71.13,78.56,86.58,0.0,20,68.75,78.04,Good,Incentive
E2550,Sudha Rawal,54,AI & Data Science,Data Scientist,Full-Time,Permanent,B4,10.8,1.6,83.7,9,25,18,72.0,70.91,71.56,67.72,77.18,64.9,75.0,69.34,0.0,25,81.38,72.95,Good,Training
E2551,Nitin Paswan,49,Operations,Operations Manager,Full-Time,Permanent,B3,7.9,2.2,90.5,5,30,20,66.67,71.24,74.65,75.16,86.71,63.45,75.75,83.63,0.0,15,65.58,75.3,Good,Training
E2552,Harsh Sethi,24,Information Technology,DevOps Engineer,Part-Time,6 Months,B1,1.6,1.0,91.7,2,17,13,76.47,70.33,70.33,77.79,79.3,65.29,69.34,78.09,0.0,15,47.86,74.37,Good,Training
E2553,Madri Bhaskar,29,Operations,Process Analyst,Full-Time,Permanent,B3,6.4,0.3,92.4,6,39,28,71.79,75.34,77.93,68.92,63.19,52.29,77.23,66.53,5.0,20,60.99,72.51,Good,Training
E2554,Rupesh Gaitonde,47,Information Technology,Software Engineer,Full-Time,Permanent,B3,6.6,4.5,97.1,3,28,20,71.43,77.05,76.58,81.98,79.45,57.9,76.57,68.78,6.8,10,52.47,76.5,Good,Incentive
E2555,Vibha Reddy,44,Information Technology,Software Engineer,Contract,6 Months,B5,20.5,14.8,92.5,3,15,13,86.67,80.8,86.84,82.98,71.79,89.2,84.84,83.8,2.1,10,55.51,82.69,Excellent,Incentive
E2556,Tara Hatwal,48,Information Technology,Cloud Engineer,Full-Time,Permanent,B5,24.2,0.9,93.0,10,37,28,75.68,68.01,67.93,64.44,74.93,79.87,70.54,61.26,19.1,25,82.93,72.93,Good,Training
E2557,Samanata Adarsh,32,Information Technology,Software Engineer,Full-Time,Permanent,B3,8.2,2.2,78.3,16,24,14,58.33,68.74,63.0,62.54,63.46,55.38,68.37,62.56,6.9,20,61.57,64.46,Average,Training
E2558,Madhurima Swaraj,46,Information Technology,Software Engineer,Full-Time,Permanent,B4,9.4,0.5,71.1,12,34,24,70.59,78.54,69.36,76.1,75.75,68.33,77.56,80.72,10.2,40,81.0,74.25,Good,Training
E2559,Gopi Garg,55,Sales,Account Manager,Contract,12 Months,B4,11.8,0.5,92.0,3,16,14,87.5,90.42,88.65,82.98,74.0,63.49,86.04,81.38,0.0,20,71.82,84.17,Excellent,Incentive
E2560,Srishti Chaubey,24,Customer Support,Customer Success Associate,Full-Time,Permanent,B1,0.8,0.8,87.8,9,25,18,72.0,77.75,74.54,80.63,67.91,63.83,77.59,77.58,0.0,40,76.58,76.09,Good,Training
E2561,Devbrat Hajariya,46,Human Resources,HR Analyst,Full-Time,Permanent,B3,6.9,2.4,83.7,7,25,18,72.0,79.98,73.59,69.59,75.7,53.63,73.86,81.45,0.0,5,41.62,72.74,Good,Training
E2562,Rajani Nahar,39,Operations,Process Analyst,Full-Time,Permanent,B4,11.7,3.9,99.5,0,28,24,85.71,75.41,75.46,71.49,60.74,66.07,73.09,66.26,0.7,25,73.53,76.18,Good,Incentive
E2563,Shrikant Batra,52,Information Technology,DevOps Engineer,Full-Time,Permanent,B4,13.2,1.5,81.7,13,35,25,71.43,64.88,66.6,76.5,70.91,70.39,62.8,61.58,7.7,25,67.46,70.28,Good,Training
E2564,Pradyuman Kashyap,33,Finance,Accountant,Full-Time,Permanent,B4,9.6,3.6,97.8,8,26,21,80.77,72.93,81.82,83.39,73.5,65.16,74.97,71.97,6.5,15,67.72,78.96,Good,Incentive
E2565,Priyali Ambedkar,40,Sales,Business Development Executive,Part-Time,12 Months,B4,13.5,6.1,83.8,9,43,25,58.14,59.36,66.83,60.06,65.9,72.91,69.36,78.34,15.8,25,64.53,65.89,Average,Training
E2566,Darshan Tanwar,46,Finance,Financial Analyst,Full-Time,Permanent,B5,21.4,9.2,91.8,10,16,14,87.5,87.22,85.87,84.1,90.0,87.81,85.97,82.54,0.0,30,81.08,86.75,Excellent,Incentive
E2567,Harishankar Singh,39,AI & Data Science,Data Analyst,Part-Time,6 Months,B4,13.1,5.0,96.7,6,44,35,79.55,78.86,82.07,71.08,63.14,70.27,73.21,65.98,14.9,30,93.84,77.88,Good,Incentive
E2568,Nityanand Roy,42,Human Resources,HR Executive,Full-Time,Permanent,B5,16.7,4.7,84.9,15,26,14,53.85,67.88,63.93,64.5,60.25,63.11,64.14,59.53,10.3,30,84.74,65.61,Average,Training
E2569,Abhisar Mehra,40,AI & Data Science,Data Analyst,Part-Time,12 Months,B4,13.0,1.3,75.2,17,44,30,68.18,63.74,72.27,76.43,76.13,72.75,67.35,69.56,15.9,25,68.53,71.14,Good,Training
E2570,Madri Jalan,36,AI & Data Science,AI Engineer,Full-Time,Permanent,B4,13.8,11.4,94.0,4,23,15,65.22,77.38,75.41,78.23,64.12,71.96,73.5,63.43,4.2,30,91.41,75.26,Good,Incentive
E2571,Shreejesh Dhanuka,53,Human Resources,HR Analyst,Full-Time,Permanent,B5,20.8,19.8,88.8,13,33,29,87.88,83.21,88.48,82.24,84.85,90.19,87.32,85.1,2.5,40,75.95,85.56,Excellent,Incentive
E2572,Vicky Poddar,42,Information Technology,Cloud Engineer,Full-Time,Permanent,B5,18.1,12.8,83.5,8,37,24,64.86,64.53,64.63,67.68,65.71,76.25,67.32,73.61,14.3,30,90.33,69.55,Average,Training
E2573,Madhusoodan Gokhale,31,Human Resources,Talent Acquisition Specialist,Part-Time,12 Months,B3,7.3,3.4,97.6,3,43,33,76.74,80.33,72.76,70.52,75.67,60.4,76.68,76.83,19.7,25,75.41,76.85,Good,Training
E2574,Priyadarshini Ram,49,Information Technology,System Administrator,Contract,6 Months,B5,26.5,16.7,73.5,17,20,13,65.0,60.64,61.54,69.3,70.69,69.73,63.52,57.34,0.0,5,41.11,64.48,Average,PIP
E2575,Chitra Anand,41,Information Technology,DevOps Engineer,Contract,12 Months,B4,12.0,8.9,96.5,0,25,21,84.0,75.83,83.61,86.2,79.79,70.57,78.81,83.21,3.3,15,51.14,81.26,Excellent,Incentive
E2576,Bhagirath Malhotra,48,Information Technology,System Administrator,Full-Time,Permanent,B5,23.8,16.3,93.9,9,27,20,74.07,79.49,79.34,85.02,72.72,79.08,74.92,67.98,0.8,25,73.37,79.12,Good,Incentive
E2577,Kamala Sawant,48,Sales,Business Development Executive,Full-Time,Permanent,B4,10.0,2.1,96.4,3,44,34,77.27,70.44,70.69,64.45,66.34,69.75,71.85,74.51,11.6,20,63.57,72.69,Good,Training
E2578,Kirti Bhasin,40,Human Resources,Talent Acquisition Specialist,Full-Time,Permanent,B4,14.2,3.5,66.4,21,40,20,50.0,54.89,57.07,54.47,69.9,59.02,58.01,61.49,8.9,25,80.26,59.03,Needs Improvement,PIP
E2579,Natasha Goel,25,Marketing,Marketing Analyst,Contract,6 Months,B2,2.1,0.5,88.9,13,35,25,71.43,77.53,78.75,69.54,79.25,53.19,71.85,66.19,8.6,15,57.73,73.85,Good,Training
E2580,Amitabh Runthla,41,Information Technology,Software Engineer,Full-Time,Permanent,B4,11.5,1.9,91.6,8,21,15,71.43,69.02,71.79,79.25,81.53,68.86,73.63,64.82,2.1,25,87.36,75.77,Good,Training
E2581,Nityanand Rathi,55,Marketing,Marketing Executive,Full-Time,Permanent,B5,31.3,27.6,92.1,7,19,14,73.68,74.71,72.96,67.2,72.46,77.52,74.98,66.01,5.4,15,63.94,73.86,Good,Training
E2582,Rita Bendre,25,Human Resources,Talent Acquisition Specialist,Full-Time,Permanent,B2,2.1,2.1,71.0,16,27,17,62.96,66.74,68.59,65.66,76.0,52.97,71.75,65.57,16.1,20,59.52,66.78,Average,PIP
E2583,Rukmini Mohapatra,48,AI & Data Science,Data Scientist,Contract,24 Months,B5,25.8,13.7,96.5,8,27,21,77.78,71.85,72.55,65.35,75.15,85.33,72.07,69.45,0.0,25,72.4,75.26,Good,Training
E2584,Priyanka More,29,Customer Support,Support Executive,Full-Time,Permanent,B2,3.0,0.1,97.0,7,42,32,76.19,80.68,78.7,82.53,72.53,67.26,80.39,82.74,12.1,40,84.78,80.43,Excellent,Incentive
E2585,Shashikala Mathur,38,Information Technology,Cloud Engineer,Contract,12 Months,B3,6.0,0.6,81.3,11,19,16,84.21,86.78,82.81,73.74,77.59,65.02,79.09,76.95,0.0,10,50.78,78.61,Good,Incentive
E2586,Paritosh Gujjar,23,Human Resources,HR Executive,Full-Time,Permanent,B1,0.8,0.5,94.6,7,33,28,84.85,77.5,75.98,71.91,66.64,58.13,74.68,73.85,9.6,40,99.36,77.96,Good,Incentive
E2587,Avanti Guha,32,Operations,Process Analyst,Full-Time,Permanent,B3,5.8,2.7,87.3,8,38,30,78.95,75.98,81.18,82.15,65.01,61.17,76.76,70.35,12.2,15,66.78,76.72,Good,Incentive
E2588,Pramad Pathak,38,Finance,Financial Analyst,Full-Time,Permanent,B4,14.4,3.2,81.0,12,32,21,65.62,75.86,67.11,70.03,82.47,74.33,71.12,68.96,4.9,15,66.0,72.16,Good,Training
E2589,Sajan Chandra,51,Operations,Operations Manager,Full-Time,Permanent,B5,17.3,5.2,96.8,5,15,11,73.33,65.81,68.97,72.33,77.6,80.96,69.14,66.56,0.0,20,79.86,74.33,Good,Training
E2590,Arvind Bendre,28,Operations,Operations Manager,Full-Time,Permanent,B2,4.2,0.2,94.4,4,33,23,69.7,69.69,75.66,71.89,83.84,65.17,74.24,78.41,1.5,30,75.77,75.54,Good,Incentive
E2591,Damini Rai,38,Operations,Operations Executive,Full-Time,Permanent,B2,4.1,3.2,91.8,6,20,13,65.0,71.14,66.91,74.46,72.04,59.16,69.79,85.72,4.0,10,53.6,71.42,Good,Training
E2592,Kedarnath Rajpoot,36,Finance,Financial Analyst,Full-Time,Permanent,B4,12.5,11.5,93.6,10,27,19,70.37,65.4,69.72,68.28,72.27,63.85,73.76,77.93,5.3,25,62.59,71.56,Good,Training
E2593,Chanchal Bajaj,48,Customer Support,Support Executive,Full-Time,Permanent,B5,22.9,9.9,96.8,1,55,40,72.73,77.01,73.28,73.64,66.58,75.99,77.92,71.82,19.2,15,67.81,75.51,Good,Training
E2594,Arun Misra,55,Information Technology,DevOps Engineer,Full-Time,Permanent,B5,21.2,0.5,90.6,8,34,22,64.71,60.92,64.49,62.99,69.77,84.26,64.87,71.49,3.1,20,75.95,68.83,Average,Training
E2595,Moni Ghosh,42,Sales,Account Manager,Full-Time,Permanent,B5,15.8,14.7,81.4,14,19,14,73.68,72.98,77.18,73.41,65.13,80.24,73.91,70.29,0.0,20,67.53,73.84,Good,Training
E2596,Giriraj Shastry,26,Marketing,Digital Marketing Specialist,Contract,6 Months,B2,3.2,0.1,97.8,7,30,21,70.0,70.03,75.42,65.99,58.51,55.87,69.58,64.0,2.9,30,77.7,71.2,Good,Training
E2597,Sudesh Hazari,33,Information Technology,Software Engineer,Full-Time,Permanent,B2,3.9,2.3,88.9,10,35,24,68.57,74.39,68.75,74.55,80.18,51.97,69.38,63.95,14.7,5,38.81,71.05,Good,Training
E2598,Anirudh Dey,52,Operations,Operations Executive,Full-Time,Permanent,B4,14.9,4.7,91.9,8,42,31,73.81,76.21,72.09,70.69,70.29,77.27,75.73,76.14,11.0,15,51.19,74.16,Good,Training
E2599,Shilpa Holkar,48,Customer Support,Support Executive,Contract,24 Months,B5,20.7,14.7,74.7,10,50,31,62.0,59.57,61.11,59.94,66.27,74.75,65.12,68.47,8.5,25,87.45,65.28,Average,PIP
E2600,Mandira Khaitan,35,Marketing,Marketing Executive,Part-Time,12 Months,B2,3.9,1.0,92.5,3,22,15,68.18,73.36,68.9,72.86,83.36,58.69,72.89,76.39,3.0,25,75.37,74.25,Good,Training
E2601,Anirudh Advani,56,AI & Data Science,Data Analyst,Full-Time,Permanent,B5,30.1,18.6,67.7,25,30,17,56.67,55.66,61.91,68.33,66.59,81.09,67.89,74.11,11.6,25,63.85,64.16,Average,PIP
E2602,Chandrakala Jalan,43,Information Technology,System Administrator,Contract,12 Months,B5,19.5,5.0,96.4,6,43,34,79.07,80.9,83.3,86.56,71.9,72.54,79.56,83.28,11.1,10,45.13,80.33,Excellent,Incentive
E2603,Lavkush Roshan,24,Operations,Process Analyst,Full-Time,Permanent,B2,2.0,0.7,93.5,5,27,24,88.89,79.82,82.8,71.75,80.25,64.64,74.56,68.3,1.9,20,62.87,79.38,Good,Incentive
E2604,Nishtha Jain,45,Sales,Sales Executive,Full-Time,Permanent,B3,7.6,6.7,78.0,12,25,18,72.0,69.2,68.12,74.81,84.43,61.64,70.14,72.43,9.5,25,72.46,72.7,Good,Training
E2605,Ramnik Bhargav,45,AI & Data Science,ML Engineer,Full-Time,Permanent,B5,18.0,0.7,83.5,9,18,13,72.22,79.42,71.86,69.78,70.91,82.42,74.72,60.85,0.0,30,79.6,74.31,Good,Training
E2606,Rajat Rawat,24,Customer Support,Support Analyst,Full-Time,Permanent,B1,1.5,0.9,84.5,5,38,29,76.32,69.76,69.52,66.68,64.53,55.47,75.12,82.23,12.6,5,48.71,70.32,Good,Training
E2607,Rohini Sahu,25,Information Technology,Software Engineer,Full-Time,Permanent,B1,1.1,0.5,96.7,2,33,24,72.73,71.23,68.83,70.57,66.74,57.53,71.0,77.72,1.3,15,56.99,72.01,Good,Training
E2608,Surendra Bhaskar,24,Finance,Financial Analyst,Full-Time,Permanent,B1,0.9,0.8,97.6,5,27,17,62.96,75.52,72.22,67.6,86.31,64.11,76.37,81.95,8.2,40,98.25,76.17,Good,Training
E2609,Dharam Vats,36,AI & Data Science,Data Analyst,Part-Time,6 Months,B2,4.3,3.7,87.3,12,42,28,66.67,70.52,68.06,70.12,64.52,49.85,71.88,61.52,12.9,25,83.55,69.83,Average,Training
E2610,Rakesh Bisht,56,Information Technology,Software Engineer,Full-Time,Permanent,B5,16.8,3.0,92.0,7,24,14,58.33,72.3,61.98,69.14,71.77,80.58,68.6,66.07,4.1,40,98.76,71.34,Good,Training
E2611,Balwant Srivatsa,28,AI & Data Science,Data Scientist,Part-Time,12 Months,B2,3.8,2.1,92.9,10,24,17,70.83,76.97,77.26,74.57,69.56,62.91,71.02,65.61,0.0,5,49.49,73.64,Good,Training
E2612,Jatashankar Kedia,44,Finance,Accountant,Full-Time,Permanent,B3,5.5,4.2,91.0,10,36,29,80.56,85.25,79.39,70.92,71.52,54.56,81.32,87.78,2.9,40,86.22,79.16,Good,Incentive
E2613,Priti Dwivedi,52,Finance,Financial Analyst,Full-Time,Permanent,B4,14.4,10.2,87.5,12,33,24,72.73,75.84,77.15,69.83,65.49,73.21,74.44,66.45,0.0,30,89.51,74.81,Good,Training
E2614,Vikram Banerjee,29,Human Resources,HR Analyst,Full-Time,Permanent,B2,2.3,1.5,86.7,10,24,16,66.67,72.23,68.38,79.02,67.09,60.24,75.1,81.63,0.0,25,62.96,72.32,Good,Training
E2615,Arpan Chopra,41,AI & Data Science,Data Scientist,Full-Time,Permanent,B5,17.4,8.4,93.7,5,15,12,80.0,85.96,82.43,77.82,68.6,84.02,78.3,66.06,0.0,15,55.19,79.34,Good,Incentive
E2616,Dhruv Rathod,49,Operations,Operations Executive,Full-Time,Permanent,B3,7.2,1.1,91.7,8,50,32,64.0,71.48,70.22,78.72,84.99,61.28,71.24,85.97,18.3,20,75.6,75.04,Good,Training
E2617,Anand Pushkar,29,AI & Data Science,Data Scientist,Contract,24 Months,B3,6.9,3.7,92.3,7,27,17,62.96,63.56,69.53,78.13,84.41,60.66,69.4,83.38,3.7,25,75.57,73.25,Good,Training
E2618,Anshuman Malode,33,Operations,Operations Executive,Contract,24 Months,B3,8.2,0.0,94.7,2,22,17,77.27,80.96,76.91,84.74,88.45,75.24,79.39,76.98,0.0,20,75.54,81.65,Excellent,Incentive
E2619,Baldev Suryavanshi,25,Finance,Finance Executive,Full-Time,Permanent,B2,2.9,2.3,83.0,5,31,23,74.19,79.89,78.69,73.11,79.85,61.11,81.83,82.8,0.0,20,72.97,77.1,Good,Incentive
E2620,Kumud Singh,45,Customer Support,Support Executive,Full-Time,Permanent,B5,20.7,12.2,93.0,3,40,26,65.0,63.78,64.63,59.39,68.81,77.94,67.32,66.09,12.9,20,63.94,67.87,Average,Training
E2621,Baikunth Agrawal,31,Customer Support,Support Executive,Full-Time,Permanent,B3,7.0,4.3,90.8,3,52,36,69.23,75.39,68.49,68.58,76.07,65.26,67.51,64.46,16.6,5,40.5,70.83,Good,Training
E2622,Mudrika Kamat,51,Marketing,Marketing Executive,Full-Time,Permanent,B4,13.8,4.1,82.4,9,19,14,73.68,77.52,74.45,73.23,82.09,64.96,74.3,72.31,0.0,15,69.47,75.33,Good,Training
E2623,Vibhor Bhatt,48,Information Technology,DevOps Engineer,Contract,24 Months,B3,6.7,6.1,96.4,3,34,29,85.29,85.24,85.78,76.79,71.66,68.18,81.95,71.66,7.9,20,74.7,81.6,Excellent,Incentive
E2624,Sameeksha Maheshwari,43,Information Technology,System Administrator,Part-Time,6 Months,B3,8.0,4.3,92.1,3,24,15,62.5,71.32,68.13,70.05,64.77,65.32,69.64,61.54,7.6,30,81.54,70.39,Good,Training
E2625,Mansa Khosla,30,Marketing,Digital Marketing Specialist,Full-Time,Permanent,B3,6.2,0.8,96.7,1,38,24,63.16,58.74,68.11,69.21,83.38,56.31,69.18,71.41,14.5,15,49.29,69.2,Average,Training
E2626,Ahilya Marandi,57,Finance,Finance Executive,Full-Time,Permanent,B5,32.8,20.2,93.8,10,38,29,76.32,74.45,73.57,81.81,67.88,77.42,69.22,63.37,6.7,5,44.59,74.82,Good,Training
E2627,Ujjwala Khemka,36,Operations,Operations Executive,Full-Time,Permanent,B4,9.6,9.6,97.8,2,41,29,70.73,67.66,69.31,70.74,66.5,59.38,68.23,59.88,12.0,25,86.13,71.88,Good,Training
E2628,Amish Sen,56,Information Technology,Software Engineer,Full-Time,Permanent,B4,10.2,6.0,70.0,23,22,17,77.27,80.11,76.35,78.62,70.41,73.95,75.29,72.43,6.5,5,39.44,73.95,Good,Training
E2629,Srishti Soni,39,Sales,Business Development Executive,Part-Time,6 Months,B4,9.0,4.6,92.8,6,26,21,80.77,80.14,83.98,79.95,76.4,67.72,76.87,73.55,11.8,10,42.77,78.69,Good,Incentive
E2630,Indrani Suryavanshi,53,Human Resources,HR Analyst,Full-Time,Permanent,B5,26.8,16.3,96.4,1,23,17,73.91,76.3,76.02,82.94,88.96,86.14,80.97,87.88,0.0,30,82.06,81.76,Excellent,Incentive
E2631,Vignesh Verma,34,Sales,Business Development Executive,Full-Time,Permanent,B3,6.5,0.6,96.6,8,27,23,85.19,76.77,78.98,81.62,75.89,66.33,77.7,87.03,2.4,15,63.57,80.36,Excellent,Incentive
E2632,Janki Dadlani,35,Sales,Sales Executive,Full-Time,Permanent,B3,7.1,5.2,96.2,5,49,34,69.39,68.73,70.9,64.39,59.38,66.49,69.05,69.03,11.1,10,50.97,69.35,Average,Training
E2633,Shambhavi Puri,43,AI & Data Science,Data Analyst,Contract,12 Months,B5,19.9,3.1,96.8,1,29,21,72.41,77.67,74.48,67.01,71.59,68.46,73.73,67.19,0.0,10,64.04,74.25,Good,Training
E2634,Kalpana Trivedi,26,AI & Data Science,Data Analyst,Full-Time,Permanent,B2,2.9,2.5,87.6,7,23,15,65.22,68.21,71.97,74.76,75.05,61.79,71.02,69.23,1.6,15,61.32,71.46,Good,Training
E2635,Hansvi Chakraborty,41,Sales,Sales Executive,Full-Time,Permanent,B4,12.2,1.3,84.2,14,31,17,54.84,70.62,68.87,76.92,83.72,66.77,75.35,80.35,2.6,20,78.48,72.53,Good,Training
E2636,Nisha Vishwakarma,39,AI & Data Science,AI Engineer,Full-Time,Permanent,B4,12.5,1.6,96.5,2,30,21,70.0,78.27,72.92,76.65,76.78,76.13,71.38,63.73,9.4,25,67.65,75.95,Good,Training
E2637,Meghna Deo,28,Finance,Accountant,Full-Time,Permanent,B3,5.6,1.7,96.2,1,41,32,78.05,84.59,78.29,73.94,69.52,69.13,77.13,62.71,7.0,25,71.11,77.81,Good,Incentive
E2638,Sameet Prajapati,33,Human Resources,HR Executive,Part-Time,12 Months,B2,3.2,0.2,85.3,11,20,13,65.0,67.33,66.97,77.94,71.37,63.72,74.2,85.77,0.0,25,83.36,72.61,Good,Training
E2639,Madhavrao Kashyap,34,Operations,Operations Executive,Contract,12 Months,B2,4.8,2.7,96.3,3,33,24,72.73,74.95,78.42,80.81,70.04,60.72,80.15,87.79,1.5,10,49.26,76.57,Good,Incentive
E2640,Surabhi Goenka,30,Information Technology,Cloud Engineer,Part-Time,6 Months,B2,2.4,1.5,96.4,4,36,28,77.78,74.3,71.79,78.49,63.45,59.66,71.36,69.06,9.7,5,48.5,73.77,Good,Training
E2641,Ishika Patil,32,Marketing,Marketing Analyst,Full-Time,Permanent,B2,4.5,1.7,92.5,8,32,21,65.62,75.25,69.22,67.19,60.83,59.89,67.16,62.31,7.4,20,71.97,69.99,Average,Training
E2642,Shivanshi Modanwal,30,Sales,Sales Executive,Full-Time,Permanent,B2,2.3,1.2,96.4,4,50,34,68.0,64.22,70.25,79.15,78.87,67.04,69.24,86.91,3.6,20,62.01,74.03,Good,Training
E2643,Vidushi Scindia,34,Customer Support,Customer Success Associate,Full-Time,Permanent,B4,9.0,6.5,90.6,9,39,27,69.23,69.29,66.65,78.21,67.46,57.03,69.27,73.68,7.5,40,95.16,73.07,Good,Training
E2644,Udit Bhattacharya,43,Sales,Sales Executive,Part-Time,6 Months,B5,18.3,7.7,90.8,4,50,32,64.0,76.26,73.86,75.61,82.29,72.74,75.0,84.92,18.0,5,49.95,74.9,Good,Training
E2645,Atulanand Bansal,52,Marketing,Marketing Executive,Full-Time,Permanent,B5,27.6,14.6,68.7,10,39,19,48.72,60.93,60.78,59.59,66.3,82.99,65.31,73.7,7.9,15,55.29,61.87,Average,PIP
E2646,Ramprasad Kushwaha,46,Human Resources,Talent Acquisition Specialist,Full-Time,Permanent,B5,23.3,9.3,67.4,17,38,23,60.53,73.22,69.07,63.61,84.54,80.38,76.2,82.43,5.0,10,59.1,70.06,Good,Training
E2647,Dashrath Shekhawat,31,Information Technology,DevOps Engineer,Full-Time,Permanent,B3,8.8,4.0,92.4,2,37,28,75.68,72.5,70.19,65.7,69.96,57.27,71.74,64.13,5.3,25,64.69,71.74,Good,Training
E2648,Pratyusha Pushkar,44,Operations,Process Analyst,Full-Time,Permanent,B4,10.0,7.8,78.4,21,38,26,68.42,63.05,66.35,68.17,75.02,64.44,64.76,60.87,6.6,40,87.28,69.11,Average,Training
E2649,Badal Bhargav,28,AI & Data Science,ML Engineer,Contract,24 Months,B1,1.6,0.4,96.6,0,18,13,72.22,80.88,76.48,82.4,80.51,63.51,75.6,79.37,0.0,40,81.37,79.5,Good,Incentive
E2650,Kashvi Khattar,46,Human Resources,Talent Acquisition Specialist,Full-Time,Permanent,B4,12.2,7.7,90.7,9,32,24,75.0,78.52,74.01,76.19,64.73,76.13,70.85,63.16,9.1,30,78.44,75.53,Good,Training
E2651,Rangnath Ram,30,Information Technology,Software Engineer,Full-Time,Permanent,B2,4.9,1.4,90.3,7,17,13,76.47,76.16,71.62,76.36,66.98,67.81,77.69,76.11,4.3,10,48.5,74.32,Good,Training
E2652,Purva Bishnoi,28,AI & Data Science,Data Scientist,Contract,24 Months,B3,6.0,2.8,92.2,7,33,23,69.7,66.07,69.27,70.34,79.22,68.09,69.95,64.08,6.6,15,47.55,70.93,Good,Training
E2653,Nandita Vaidya,46,Customer Support,Customer Success Associate,Part-Time,6 Months,B5,22.1,19.6,71.1,12,40,24,60.0,73.8,67.63,66.17,61.47,74.64,70.09,69.42,8.8,20,58.78,67.04,Average,PIP
E2654,Sarojini Sharma,40,Operations,Process Analyst,Full-Time,Permanent,B4,11.7,0.2,81.7,14,22,18,81.82,76.0,75.68,68.91,74.51,73.73,73.85,75.74,0.0,10,48.24,74.56,Good,Training
E2655,Pratap Holkar,54,AI & Data Science,AI Engineer,Full-Time,Permanent,B4,13.5,6.5,82.1,12,19,10,52.63,61.65,60.46,71.38,82.86,64.6,68.41,71.99,0.9,10,45.81,65.95,Average,Training
E2656,Bhawna Dave,49,Operations,Process Analyst,Full-Time,Permanent,B5,21.8,10.6,92.3,8,29,22,75.86,69.56,73.09,72.12,78.75,80.32,68.93,61.1,4.3,20,76.05,75.02,Good,Training
E2657,Virat Scindia,54,Information Technology,Software Engineer,Full-Time,Permanent,B4,10.9,7.8,91.3,10,36,20,55.56,64.89,65.8,62.17,65.4,71.27,69.47,72.22,9.1,15,65.44,66.85,Average,Training
E2658,Padmaja Pednekar,47,AI & Data Science,ML Engineer,Full-Time,Permanent,B5,21.5,9.5,99.9,7,23,20,86.96,83.39,80.75,76.59,85.06,88.77,82.4,85.76,5.2,15,68.1,83.9,Excellent,Incentive
E2659,Eklavya Negi,56,Sales,Account Manager,Full-Time,Permanent,B5,21.2,10.5,91.2,10,39,28,71.79,81.45,72.0,74.54,67.94,72.64,73.7,72.49,0.5,30,70.29,75.34,Good,Training
E2660,Lakshya Thackeray,45,AI & Data Science,Data Analyst,Full-Time,Permanent,B5,19.4,5.0,99.4,3,22,19,86.36,80.97,84.13,85.51,89.58,81.75,84.23,89.68,0.0,20,70.4,85.75,Excellent,Incentive
E2661,Bunty Lakhotia,29,Marketing,Marketing Analyst,Full-Time,Permanent,B2,4.9,1.8,97.7,3,38,29,76.32,67.55,74.93,71.81,86.85,53.69,74.35,83.82,8.2,50,99.98,77.64,Good,Training
E2662,Arush Bhatt,43,Information Technology,System Administrator,Contract,12 Months,B3,7.1,1.5,94.6,6,46,35,76.09,84.43,82.91,83.8,75.06,63.19,77.54,65.7,19.0,25,76.5,80.2,Excellent,Incentive
E2663,Madhur Bhogle,55,Information Technology,Cloud Engineer,Contract,12 Months,B5,30.9,30.1,81.7,6,37,25,67.57,77.75,75.05,73.48,64.35,71.54,73.86,68.26,9.4,20,67.41,72.74,Good,Training
E2664,Ranbir Bhaskar,42,Finance,Financial Analyst,Full-Time,Permanent,B3,8.4,4.7,90.6,10,32,23,71.88,76.11,70.4,79.49,83.19,66.67,74.44,81.73,10.6,40,83.98,77.4,Good,Training
E2665,Karan Sood,40,Information Technology,DevOps Engineer,Contract,12 Months,B4,10.3,6.2,83.3,9,24,17,70.83,63.55,68.05,77.33,71.59,64.65,66.94,76.71,4.5,5,48.15,70.28,Good,Training
E2666,Amrish Shrivastava,46,Sales,Account Manager,Full-Time,Permanent,B3,8.0,1.5,90.9,2,20,14,70.0,63.63,64.06,65.22,73.87,61.13,68.88,68.39,6.1,25,75.92,69.63,Average,Training
E2667,Parmeshwar Lakhotia,52,AI & Data Science,Data Analyst,Full-Time,Permanent,B4,9.9,8.4,97.5,6,41,31,75.61,71.38,69.6,70.41,72.73,70.6,69.62,68.17,15.6,20,62.41,73.61,Good,Training
E2668,Narayani Shandilya,32,Human Resources,HR Executive,Full-Time,Permanent,B3,8.4,2.5,91.5,8,22,16,72.73,67.97,76.35,70.51,82.37,60.63,76.1,71.57,0.0,20,75.64,74.72,Good,Training
E2669,Abhishek Batra,33,Information Technology,DevOps Engineer,Full-Time,Permanent,B2,3.5,2.2,95.0,3,18,11,61.11,72.15,64.5,70.69,58.78,58.41,64.27,59.98,0.2,5,55.01,67.53,Average,Training
E2670,Preyash Lohia,48,Customer Support,Customer Success Associate,Full-Time,Permanent,B3,7.5,2.5,88.8,8,21,12,57.14,64.98,63.04,71.93,73.88,71.22,68.52,77.56,2.3,30,74.94,69.44,Average,Training
E2671,Nishu More,35,Finance,Accountant,Full-Time,Permanent,B4,11.4,11.0,96.4,3,20,14,70.0,63.73,71.09,66.64,72.51,72.03,64.86,61.1,0.0,20,73.62,71.19,Good,Training
E2672,Shatrughna Kaul,26,Marketing,Marketing Analyst,Part-Time,12 Months,B1,1.0,0.0,73.2,14,16,8,50.0,58.54,60.21,58.01,72.07,43.93,62.57,67.66,5.1,20,65.44,60.52,Average,PIP
E2673,Abhay Bharadwaj,40,Finance,Accountant,Part-Time,6 Months,B4,13.1,6.2,92.3,7,22,16,72.73,69.24,70.7,67.28,76.2,68.14,67.72,67.29,4.6,30,81.45,73.07,Good,Training
E2674,Avanti Bhadauria,41,AI & Data Science,ML Engineer,Part-Time,6 Months,B4,13.0,11.9,67.2,13,34,22,64.71,63.52,66.9,66.59,71.1,74.75,67.78,65.71,12.1,40,76.42,67.32,Average,PIP
E2675,Dipanshi Surana,38,Operations,Operations Executive,Full-Time,Permanent,B3,7.0,3.9,82.4,10,48,33,68.75,68.8,72.03,73.42,73.19,60.38,74.83,73.1,14.2,15,48.63,70.86,Good,Training
E2676,Hari Unadkat,46,Information Technology,Software Engineer,Full-Time,Permanent,B5,17.3,6.2,90.8,6,20,15,75.0,66.66,68.56,63.5,60.8,72.32,65.33,60.85,0.0,15,48.11,68.55,Average,Training
E2677,Avijit Deol,30,Sales,Business Development Executive,Full-Time,Permanent,B2,4.7,2.4,81.0,8,50,36,72.0,72.1,69.71,75.97,70.49,52.76,69.72,73.0,14.5,20,69.45,71.86,Good,Training
E2678,Yashoda Kejriwal,27,Human Resources,Talent Acquisition Specialist,Full-Time,Permanent,B2,2.4,0.6,85.7,14,38,29,76.32,73.07,73.07,66.84,68.73,46.43,70.16,66.84,3.1,20,77.25,71.87,Good,Training
E2679,Kedar Shah,35,Finance,Accountant,Full-Time,Permanent,B2,3.6,3.1,94.6,6,29,22,75.86,79.73,75.67,81.84,80.36,65.22,78.66,82.08,4.6,25,76.85,79.6,Good,Incentive
E2680,Lalit Sen,25,Customer Support,Support Analyst,Full-Time,Permanent,B1,0.8,0.3,92.6,7,28,17,60.71,63.04,65.66,75.22,68.66,61.99,67.83,77.6,9.9,15,48.65,68.62,Average,Training
E2681,Nidhi Bendre,34,Sales,Account Manager,Full-Time,Permanent,B3,6.2,5.3,94.5,2,26,16,61.54,59.21,63.67,62.61,67.26,55.38,66.18,83.36,1.4,40,79.44,67.45,Average,Training
E2682,Riti Shandilya,50,Marketing,Digital Marketing Specialist,Full-Time,Permanent,B5,18.4,5.5,80.9,5,23,15,65.22,65.94,69.95,71.06,81.99,83.18,69.23,76.53,1.6,5,41.49,70.64,Good,Training
E2683,Tanu Priyadarshini,44,Marketing,Digital Marketing Specialist,Full-Time,Permanent,B5,20.8,6.4,83.4,5,26,16,61.54,70.49,67.29,78.9,80.38,77.5,71.53,84.05,1.5,15,53.05,72.42,Good,Training
E2684,Bimal Khosla,29,Sales,Business Development Executive,Full-Time,Permanent,B2,4.7,0.6,96.1,8,35,22,62.86,66.61,70.89,79.43,68.96,52.13,72.98,86.71,12.5,20,78.92,73.01,Good,Training
E2685,Swapnil Khanna,46,Operations,Process Analyst,Full-Time,Permanent,B5,22.7,19.6,97.0,8,29,22,75.86,83.1,81.45,87.27,68.31,82.25,78.13,77.53,0.0,20,74.71,81.31,Excellent,Incentive
E2686,Avdhesh Mangeshkar,45,AI & Data Science,ML Engineer,Contract,6 Months,B4,10.6,10.2,92.6,9,22,15,68.18,70.83,68.29,72.89,84.56,63.59,71.77,81.82,0.0,25,64.76,73.84,Good,Training
E2687,Charu Mandal,31,Customer Support,Customer Success Associate,Full-Time,Permanent,B2,3.3,0.1,87.6,5,25,18,72.0,64.49,74.1,73.91,74.41,65.78,70.02,71.24,5.8,25,70.58,72.76,Good,Training
E2688,Sheela Mohanty,35,AI & Data Science,Data Scientist,Full-Time,Permanent,B4,11.3,10.5,93.4,8,17,12,70.59,68.65,69.65,69.86,65.17,65.52,71.59,67.03,0.0,5,38.93,69.82,Average,Training
E2689,Pranjal Dikshit,32,Finance,Financial Analyst,Contract,24 Months,B4,9.0,8.0,91.0,7,33,22,66.67,69.18,72.66,81.31,87.66,65.9,72.21,78.66,0.0,10,52.21,74.79,Good,Training
E2690,Prathamesh Kakkar,37,Operations,Process Analyst,Contract,12 Months,B3,7.6,1.7,81.8,9,26,19,73.08,79.84,76.3,78.62,66.54,69.42,79.68,79.4,3.4,40,79.21,76.4,Good,Incentive
E2691,Rajendra Oberoi,29,Operations,Process Analyst,Full-Time,Permanent,B1,1.9,1.8,99.1,5,44,31,70.45,71.53,71.46,69.19,74.79,52.22,68.47,61.76,23.2,15,67.23,72.27,Good,Training
E2692,Neeti Shorey,54,Customer Support,Customer Success Associate,Full-Time,Permanent,B5,25.8,7.4,97.1,1,26,20,76.92,75.07,72.0,66.29,81.96,83.63,74.23,69.96,10.4,25,81.23,76.9,Good,Training
E2693,Tejpratap Bahuguna,37,Operations,Process Analyst,Full-Time,Permanent,B3,5.2,4.6,82.8,15,45,33,73.33,71.19,73.82,69.01,68.32,50.24,77.72,80.55,9.0,40,79.04,72.59,Good,Training
E2694,Isha Kaushik,43,Marketing,Digital Marketing Specialist,Full-Time,Permanent,B4,9.9,4.4,91.4,6,45,33,73.33,79.62,79.66,83.37,70.92,64.04,76.99,72.37,13.0,20,58.03,77.2,Good,Incentive
E2695,Madhav Nagar,26,AI & Data Science,Data Analyst,Full-Time,Permanent,B1,1.5,0.1,97.1,5,44,35,79.55,79.44,82.98,79.87,72.62,65.91,78.3,68.57,10.9,25,86.98,80.24,Excellent,Incentive
E2696,Gomed Govil,48,Customer Support,Support Executive,Full-Time,Permanent,B5,17.9,12.7,86.5,14,43,24,55.81,60.1,56.34,56.46,70.63,63.62,64.29,63.94,12.2,10,58.9,62.56,Average,Training
E2697,Tarun Mondal,45,Finance,Finance Executive,Full-Time,Permanent,B4,14.6,4.3,88.5,12,26,19,73.08,72.67,71.08,70.11,78.76,70.26,72.41,66.78,8.4,40,93.94,74.94,Good,Training
E2698,Hemant Acharya,49,Human Resources,HR Analyst,Full-Time,Permanent,B5,17.0,6.7,90.5,7,33,20,60.61,58.18,61.55,73.68,73.7,77.86,70.02,82.78,6.5,30,73.63,69.74,Average,Training
E2699,Shruti Didwania,35,AI & Data Science,Data Scientist,Full-Time,Permanent,B2,4.4,3.8,84.4,7,20,16,80.0,83.77,76.57,85.92,87.81,62.49,83.76,86.16,0.0,20,64.61,81.01,Excellent,Incentive
E2700,Juhi Dadlani,38,Sales,Business Development Executive,Full-Time,Permanent,B2,4.1,2.1,92.6,2,41,30,73.17,76.66,72.49,68.45,83.49,64.63,74.97,80.59,7.4,10,55.33,75.0,Good,Training
E2701,Sheetalaprasad Singhal,26,Marketing,Digital Marketing Specialist,Full-Time,Permanent,B2,2.7,0.2,85.0,12,15,8,53.33,69.25,64.87,69.92,63.37,53.59,67.38,72.24,0.0,20,67.15,66.46,Average,Training
E2702,Madri Bedi,53,Finance,Accountant,Full-Time,Permanent,B5,17.8,8.8,97.1,1,43,37,86.05,80.88,78.81,72.77,84.68,76.0,79.61,76.76,7.7,20,70.3,81.09,Excellent,Incentive
E2703,Manjesh Mishra,47,Customer Support,Support Executive,Full-Time,Permanent,B5,18.7,17.6,93.9,10,46,40,86.96,75.59,81.02,80.02,77.55,84.73,75.39,65.92,16.2,15,72.21,80.6,Excellent,Incentive
E2704,Ambika Agrawal,48,Marketing,Digital Marketing Specialist,Full-Time,Permanent,B4,13.8,9.1,91.9,7,24,15,62.5,58.55,60.54,73.64,83.46,69.52,64.59,84.79,0.0,20,59.91,69.76,Average,Training
E2705,Kanaklata Narayan,55,AI & Data Science,Data Scientist,Contract,24 Months,B5,23.4,8.3,66.5,19,26,19,73.08,66.15,67.5,73.85,87.29,76.06,71.62,83.79,0.0,25,86.4,73.36,Good,Training
E2706,Jeetu Kadam,34,AI & Data Science,Data Scientist,Full-Time,Permanent,B4,11.5,0.6,70.5,15,28,18,64.29,61.81,66.2,62.24,79.19,71.88,67.73,65.91,7.9,15,58.15,66.33,Average,PIP
E2707,Hemant Kedia,50,Marketing,Marketing Executive,Full-Time,Permanent,B5,16.3,7.2,88.7,11,27,16,59.26,64.12,68.81,76.46,73.25,76.53,68.06,78.18,9.0,25,74.32,71.35,Good,Training
E2708,Rani Lalwani,27,Customer Support,Customer Success Associate,Full-Time,Permanent,B1,1.3,0.5,97.1,8,23,13,56.52,69.21,68.89,63.26,78.73,53.97,73.36,83.03,2.1,10,58.0,69.68,Average,Training
E2709,Abhijeet Bandopadhyay,56,Customer Support,Support Analyst,Full-Time,Permanent,B5,26.2,13.7,96.1,7,24,16,66.67,60.86,68.23,69.29,77.78,87.68,68.63,73.25,0.0,20,74.18,72.33,Good,Training
E2710,Maya Sharma,36,Operations,Operations Executive,Full-Time,Permanent,B4,11.3,7.8,99.3,1,21,18,85.71,89.37,81.11,82.32,71.19,77.06,87.5,86.61,0.0,20,76.33,84.2,Excellent,Incentive
E2711,Suryakant Guha,26,Information Technology,Cloud Engineer,Part-Time,12 Months,B1,1.4,0.0,91.1,10,18,12,66.67,77.36,67.68,77.5,82.13,51.43,73.68,65.58,0.5,40,98.31,75.15,Good,Training
E2712,Pratima Upadhyay,29,Operations,Operations Manager,Full-Time,Permanent,B2,4.3,1.5,97.1,6,31,22,70.97,70.08,72.01,74.23,74.65,63.1,74.45,74.02,0.0,20,65.98,74.15,Good,Training
E2713,Sagar Ambani,30,Information Technology,System Administrator,Contract,12 Months,B2,3.0,1.0,82.5,12,22,11,50.0,66.3,65.67,73.26,71.54,55.34,72.58,80.45,0.0,15,48.84,66.55,Average,Training
E2714,Dishita Deol,32,Customer Support,Support Executive,Full-Time,Permanent,B2,3.0,2.0,96.3,4,32,28,87.5,88.97,81.57,84.46,72.47,64.68,76.19,66.38,3.1,40,85.0,82.86,Excellent,Incentive
E2715,Anjani Baranwal,37,AI & Data Science,Data Analyst,Full-Time,Permanent,B4,12.0,1.9,90.3,6,22,14,63.64,72.96,73.35,67.37,63.26,62.93,75.05,66.08,0.0,30,91.46,71.73,Good,Training
E2716,Tanishka Lokhande,27,Customer Support,Support Analyst,Full-Time,Permanent,B2,3.9,1.9,94.0,9,49,36,73.47,78.93,78.72,80.53,81.59,63.57,72.06,65.25,21.6,40,82.72,78.49,Good,Incentive
E2717,Anjali Dikshit,32,Information Technology,Software Engineer,Full-Time,Permanent,B3,5.2,0.4,93.3,9,21,16,76.19,71.95,70.95,74.84,82.85,55.57,67.58,67.39,0.0,40,99.14,76.19,Good,Training
E2718,Rachana Dubey,26,AI & Data Science,Data Analyst,Full-Time,Permanent,B1,1.6,1.3,96.6,7,23,14,60.87,71.95,64.78,66.04,59.83,54.49,67.02,65.15,0.0,25,65.84,67.81,Average,Training
E2719,Parth Azad,38,Operations,Operations Manager,Full-Time,Permanent,B4,14.6,0.7,76.9,21,20,11,55.0,57.86,57.66,66.18,82.38,76.12,63.21,77.21,0.0,15,59.53,65.24,Average,Training
E2720,Pratap Rathore,47,Sales,Sales Executive,Full-Time,Permanent,B4,12.9,12.2,92.9,9,39,29,74.36,70.61,72.85,79.95,74.32,69.79,72.29,74.72,19.9,20,78.39,76.15,Good,Training
E2721,Richa Ram,56,Information Technology,System Administrator,Full-Time,Permanent,B5,23.4,23.1,91.4,2,26,16,61.54,60.41,66.62,62.08,74.2,80.73,64.03,67.98,8.0,30,77.17,68.65,Average,Training
E2722,Nandkishor Modanwal,25,Human Resources,HR Executive,Full-Time,Permanent,B1,1.9,0.6,94.2,7,31,22,70.97,65.38,71.0,72.05,63.61,50.38,70.59,71.33,11.2,20,71.65,70.89,Good,Training
E2723,Devesh Chawla,40,Human Resources,HR Analyst,Full-Time,Permanent,B2,4.9,1.6,99.2,4,17,12,70.59,63.68,64.55,65.5,77.18,51.0,72.88,83.42,0.0,40,84.31,71.87,Good,Training
E2724,Avnish Bhargav,56,AI & Data Science,Data Analyst,Full-Time,Permanent,B5,16.1,15.6,87.4,15,41,26,63.41,68.53,68.38,62.03,74.39,65.12,70.06,61.94,14.8,30,79.0,69.34,Average,Training
E2725,Bhavya Misra,26,Operations,Operations Manager,Full-Time,Permanent,B2,3.1,0.3,91.6,5,27,19,70.37,77.42,69.94,66.34,79.09,51.96,74.48,75.83,2.1,20,68.43,73.21,Good,Training
E2726,Samraggi Kapoor,37,Information Technology,DevOps Engineer,Full-Time,Permanent,B3,5.1,3.0,97.3,5,17,14,82.35,76.48,82.42,79.13,70.87,69.4,79.06,87.82,0.0,50,88.83,81.13,Excellent,Incentive
E2727,Indrajit Phogat,38,AI & Data Science,Data Scientist,Full-Time,Permanent,B3,5.5,1.1,97.8,5,16,14,87.5,89.51,84.33,84.58,89.1,61.87,81.76,81.98,0.0,30,90.21,86.37,Excellent,Incentive
E2728,Nitish Ahir,27,Information Technology,Cloud Engineer,Full-Time,Permanent,B2,3.9,0.5,94.8,8,20,16,80.0,70.87,73.07,69.28,65.07,54.12,71.53,83.09,1.6,40,85.48,74.68,Good,Training
E2729,Saurav Goyal,23,Human Resources,Talent Acquisition Specialist,Full-Time,Permanent,B1,0.7,0.2,91.1,5,33,26,78.79,84.6,75.34,73.97,64.76,56.65,74.83,64.06,8.4,50,97.71,77.15,Good,Incentive
E2730,Prabha Bhatnagar,48,Human Resources,HR Analyst,Full-Time,Permanent,B5,15.2,5.3,90.7,7,23,19,82.61,80.13,77.61,76.03,86.72,82.81,78.03,82.55,9.0,10,62.3,80.48,Excellent,Incentive
E2731,Yamuna Goel,49,Marketing,Marketing Analyst,Full-Time,Permanent,B5,23.2,1.0,90.3,4,33,20,60.61,61.27,65.55,68.29,77.95,76.62,65.51,68.31,10.3,15,62.55,68.83,Average,Training
E2732,Kanti Adarsh,48,Human Resources,HR Executive,Full-Time,Permanent,B4,13.0,6.4,80.7,6,24,15,62.5,61.57,66.78,70.24,68.47,70.63,69.7,80.38,12.4,15,58.62,68.05,Average,Training
E2733,Bhaskar Hajariya,45,Customer Support,Customer Success Associate,Full-Time,Permanent,B5,19.0,16.8,93.1,8,20,15,75.0,71.39,70.49,75.05,72.05,85.38,70.09,68.1,0.0,20,68.06,74.89,Good,Training
E2734,Surendra Mangeshkar,31,Operations,Operations Executive,Full-Time,Permanent,B3,8.3,6.4,92.6,5,44,31,70.45,73.65,73.39,69.17,85.54,67.97,71.93,82.26,11.1,25,84.3,76.14,Good,Training
E2735,Chandrama Lokhande,45,Information Technology,Software Engineer,Full-Time,Permanent,B4,10.9,10.1,93.4,9,23,21,91.3,83.06,82.72,77.65,82.83,61.87,79.44,83.16,6.6,40,85.28,83.32,Excellent,Incentive
E2736,Vidya Deshpande,46,Information Technology,Cloud Engineer,Full-Time,Permanent,B4,11.6,6.0,96.4,6,24,20,83.33,77.3,83.65,79.38,72.64,69.79,82.46,91.25,6.9,30,85.11,81.88,Excellent,Incentive
E2737,Bhargav Gaonkar,53,Operations,Operations Executive,Full-Time,Permanent,B5,23.5,11.1,90.6,10,29,20,68.97,77.43,68.57,77.82,76.8,84.36,75.42,82.6,6.6,25,71.93,76.37,Good,Training
E2738,Sulekha Chandra,56,Finance,Accountant,Full-Time,Permanent,B5,21.7,14.9,96.3,7,23,15,65.22,71.08,69.3,63.5,72.29,68.98,67.83,67.16,1.1,25,85.67,71.71,Good,Training
E2739,Ishita Bhatt,48,AI & Data Science,Data Analyst,Contract,12 Months,B5,21.2,13.5,84.0,10,33,22,66.67,73.97,73.33,72.18,70.96,83.34,71.6,63.62,6.0,15,69.08,72.8,Good,Training
E2740,Karan Kakkar,35,AI & Data Science,Data Analyst,Full-Time,Permanent,B4,10.4,1.4,96.4,5,36,23,63.89,61.13,62.55,71.29,77.58,76.1,67.34,74.8,9.4,20,70.56,70.67,Good,Training
E2741,Lavisha Bhatia,26,Human Resources,HR Executive,Full-Time,Permanent,B2,2.5,1.2,86.9,14,17,9,52.94,65.74,62.52,70.61,73.32,53.1,70.44,71.76,0.2,15,58.47,66.48,Average,Training
E2742,Raj Mathur,52,Marketing,Marketing Analyst,Full-Time,Permanent,B5,20.1,6.4,82.6,7,16,11,68.75,67.81,71.96,72.02,86.94,87.52,76.5,84.78,0.5,25,67.15,74.83,Good,Training
E2743,Apoorva Kulkarni,25,Information Technology,Software Engineer,Contract,6 Months,B1,1.8,1.5,91.1,5,16,10,62.5,58.19,59.23,57.24,77.48,61.45,64.45,80.47,2.3,15,62.39,65.87,Average,Training
E2744,Manisha Pujari,44,Operations,Operations Executive,Contract,24 Months,B4,12.5,10.6,94.0,8,26,16,61.54,66.2,69.03,62.55,65.31,63.4,73.61,74.62,0.0,25,79.2,69.37,Average,Training
E2745,Mayank Kharwar,34,Marketing,Digital Marketing Specialist,Full-Time,Permanent,B3,7.1,6.6,88.7,10,22,15,68.18,78.74,68.91,75.72,75.14,58.12,73.32,71.39,0.0,10,43.92,72.45,Good,Training
E2746,Vidushi Ranaut,26,AI & Data Science,AI Engineer,Full-Time,Permanent,B2,3.3,2.9,97.1,8,29,19,65.52,60.58,63.04,59.41,67.79,56.62,64.4,57.34,0.7,20,63.47,65.86,Average,Training
E2747,Aishwaran Sinha,53,Human Resources,Talent Acquisition Specialist,Contract,6 Months,B5,26.4,18.3,90.4,4,41,31,75.61,72.25,77.31,83.43,70.69,87.23,74.28,66.74,14.7,25,82.28,77.93,Good,Incentive
E2748,Preeti Bala,42,AI & Data Science,Data Analyst,Full-Time,Permanent,B5,18.9,16.9,97.8,5,26,23,88.46,76.95,84.42,81.66,80.49,86.71,77.51,73.69,12.4,10,62.12,82.55,Excellent,Incentive
E2749,Bhargav Sen,50,Operations,Operations Executive,Part-Time,12 Months,B3,7.6,6.1,90.4,5,35,26,74.29,80.8,79.38,76.16,78.91,66.41,75.04,75.27,7.9,40,92.92,79.01,Good,Incentive
E2750,Amogh Kamath,43,AI & Data Science,Data Scientist,Full-Time,Permanent,B3,8.1,5.9,74.8,13,24,16,66.67,73.53,66.14,73.19,81.28,74.55,72.68,66.54,0.0,30,78.03,72.13,Good,Training
E2751,Abhilash Ambani,35,Sales,Account Manager,Full-Time,Permanent,B3,6.7,4.5,82.6,6,17,11,64.71,63.9,64.09,64.25,81.04,55.14,68.91,71.57,0.0,20,68.49,68.11,Average,Training
E2752,Hari Gujral,40,Information Technology,Software Engineer,Full-Time,Permanent,B5,17.5,11.4,93.9,10,25,20,80.0,76.64,79.98,75.81,81.41,74.96,79.01,87.39,0.0,25,69.35,79.93,Good,Incentive
E2753,Ankur Malhotra,42,Marketing,Digital Marketing Specialist,Full-Time,Permanent,B4,11.4,6.4,85.7,14,38,24,63.16,62.98,63.03,72.53,85.42,66.06,65.3,76.07,1.5,20,66.36,70.06,Good,Training
E2754,Shruti Dubey,29,Sales,Sales Executive,Part-Time,6 Months,B2,2.1,1.7,94.4,6,40,35,87.5,81.13,81.07,82.24,82.93,54.46,79.83,82.25,11.8,30,94.96,83.1,Excellent,Incentive
E2755,Rudranath Shastry,26,Operations,Operations Manager,Full-Time,Permanent,B1,1.2,1.1,93.0,3,35,26,74.29,79.01,75.81,68.54,64.9,43.67,75.21,62.84,6.6,15,55.4,72.29,Good,Training
E2756,Kesari Som,24,Human Resources,HR Executive,Contract,24 Months,B1,0.6,0.4,88.6,6,15,11,73.33,75.11,72.91,77.45,75.83,63.45,76.1,83.06,5.2,40,76.77,76.23,Good,Training
E2757,Upasana Chaturvedi,32,Information Technology,System Administrator,Full-Time,Permanent,B4,9.0,7.7,79.0,25,40,26,65.0,67.12,70.19,64.23,77.99,57.89,66.38,64.19,1.9,20,69.49,68.58,Average,Training
E2758,Milind Mondal,35,Marketing,Marketing Executive,Full-Time,Permanent,B2,4.0,0.2,96.4,7,28,24,85.71,88.29,88.89,90.02,92.28,70.96,83.68,84.03,12.8,50,86.28,88.05,Excellent,Incentive
E2759,Pranav Goyal,32,Operations,Operations Manager,Full-Time,Permanent,B3,8.6,6.7,99.3,3,21,17,80.95,75.9,78.43,69.85,81.36,67.75,79.62,87.94,1.5,15,68.0,79.0,Good,Training
E2760,Kajal Dhanuka,49,Marketing,Marketing Analyst,Part-Time,6 Months,B3,8.9,8.6,86.8,5,29,14,48.28,55.49,58.87,66.85,80.72,66.38,60.46,64.9,4.7,20,71.46,64.34,Average,Training
E2761,Kumkum Rathi,43,AI & Data Science,Data Scientist,Full-Time,Permanent,B4,12.6,7.5,99.5,3,19,17,89.47,90.36,90.77,86.68,87.76,83.63,87.83,77.83,2.7,15,66.31,88.1,Excellent,Promotion
E2762,Meena Mehta,50,Marketing,Marketing Executive,Full-Time,Permanent,B4,10.3,4.2,97.9,6,20,11,55.0,63.8,63.8,65.73,76.63,65.23,65.76,74.03,6.3,25,84.23,69.16,Average,Training
E2763,Isha Jaiswal,36,Marketing,Digital Marketing Specialist,Full-Time,Permanent,B3,7.6,0.0,93.6,8,31,25,80.65,79.15,77.31,77.07,83.06,61.69,75.17,78.88,0.2,30,75.74,79.37,Good,Incentive
E2764,Drupad Shukla,43,AI & Data Science,ML Engineer,Full-Time,Permanent,B3,8.6,8.2,91.7,6,26,22,84.62,85.59,80.87,78.5,82.52,64.45,81.31,70.4,0.0,40,82.28,81.78,Excellent,Incentive
E2765,Sundar Bhandarkar,39,AI & Data Science,Data Analyst,Full-Time,Permanent,B4,13.8,10.6,80.9,5,21,12,57.14,55.73,57.41,64.65,76.14,68.57,62.74,62.22,6.7,5,52.59,63.25,Average,Training
E2766,Riti Nahar,53,Operations,Operations Manager,Full-Time,Permanent,B5,27.1,20.8,94.6,4,32,24,75.0,77.92,71.99,74.49,74.81,70.79,77.01,74.29,11.6,15,71.27,76.52,Good,Training
E2767,Harsha Bansal,41,AI & Data Science,Data Analyst,Contract,12 Months,B5,17.2,2.5,93.0,8,34,22,64.71,63.51,67.54,75.97,85.41,77.43,65.53,74.36,6.3,5,41.79,71.56,Good,Training
E2768,Uma Vaidya,55,AI & Data Science,Data Scientist,Full-Time,Permanent,B4,9.9,8.9,97.2,1,19,16,84.21,79.96,83.08,87.43,75.92,70.11,79.37,74.78,0.0,20,71.65,82.31,Excellent,Incentive
E2769,Mansa Shandilya,55,Operations,Process Analyst,Part-Time,6 Months,B5,30.1,30.0,96.5,5,28,20,71.43,72.03,69.82,65.78,61.07,76.19,69.98,66.88,3.8,15,68.58,71.7,Good,Training
E2770,Anjana Bahuguna,32,Operations,Operations Manager,Full-Time,Permanent,B3,5.4,0.6,88.6,15,34,24,70.59,78.49,71.63,71.79,66.69,59.74,77.6,81.45,17.3,15,54.55,73.07,Good,Training
E2771,Shambhavi Nayak,23,AI & Data Science,Data Analyst,Full-Time,Permanent,B1,1.0,0.9,92.9,10,22,14,63.64,72.74,65.01,72.41,77.0,56.51,70.17,78.29,16.3,30,77.47,72.18,Good,Training
E2772,Kalicharan Gurjar,49,AI & Data Science,ML Engineer,Full-Time,Permanent,B3,7.9,1.8,93.8,5,27,19,70.37,74.55,69.53,65.1,72.31,67.5,69.55,62.25,3.3,10,63.58,71.69,Good,Training
E2773,Kavindra Poddar,38,AI & Data Science,Data Analyst,Full-Time,Permanent,B3,5.9,4.7,97.2,3,37,22,59.46,64.11,59.37,69.23,62.42,52.04,66.04,57.75,3.1,30,87.35,66.95,Average,Training
E2774,Chandika Meena,45,Sales,Business Development Executive,Full-Time,Permanent,B5,18.5,12.8,91.5,3,20,17,85.0,82.38,85.66,78.83,64.61,81.66,79.8,65.21,0.0,15,47.66,79.11,Good,Incentive
E2775,Damini Bhasin,47,Marketing,Digital Marketing Specialist,Full-Time,Permanent,B4,10.7,0.2,94.3,6,38,22,57.89,60.72,58.86,72.28,71.84,75.07,66.97,79.97,8.9,25,87.45,69.55,Average,Training
E2776,Maheep Sonkar,43,Operations,Operations Manager,Full-Time,Permanent,B3,7.6,6.7,92.2,3,22,15,68.18,65.51,65.51,71.5,67.63,67.43,66.55,58.77,3.6,15,49.45,68.7,Average,Training
E2777,Devang Rathore,28,Customer Support,Customer Success Associate,Contract,12 Months,B2,3.6,2.5,67.5,13,50,24,48.0,52.4,58.63,66.76,78.21,50.21,56.77,60.75,20.3,40,88.73,61.26,Average,PIP
E2778,Nihal Kamal,41,Marketing,Marketing Executive,Full-Time,Permanent,B3,5.4,3.5,72.2,12,35,22,62.86,69.64,68.28,79.58,85.09,58.57,73.26,72.68,11.5,30,82.75,72.15,Good,Training
E2779,Pragati Gujral,23,AI & Data Science,Data Scientist,Full-Time,Permanent,B1,0.8,0.7,95.0,10,28,20,71.43,67.07,71.04,78.14,79.61,48.61,74.11,71.4,0.0,20,78.78,74.26,Good,Training
E2780,Vidisha Bhadauria,43,Finance,Accountant,Full-Time,Permanent,B3,8.1,2.3,81.4,8,40,27,67.5,67.4,69.71,74.87,73.08,64.72,67.85,77.59,8.7,30,89.52,72.35,Good,Training
E2781,Sumit Garg,25,Operations,Process Analyst,Part-Time,12 Months,B1,1.3,0.2,96.3,4,37,25,67.57,71.62,65.84,67.01,72.64,58.86,71.75,68.06,10.0,25,81.36,71.7,Good,Training
E2782,Shanta Gond,42,Operations,Operations Executive,Full-Time,Permanent,B5,15.8,1.7,68.5,18,37,23,62.16,72.78,72.32,81.48,73.73,77.07,75.52,71.25,5.6,15,66.39,72.05,Good,Training
E2783,Mahima Bhawsar,56,Information Technology,Cloud Engineer,Full-Time,Permanent,B5,25.6,1.8,94.9,8,28,22,78.57,82.66,83.81,76.79,74.93,80.53,79.96,81.61,0.0,25,85.65,81.65,Excellent,Incentive
E2784,Ayushi Chandrachud,45,AI & Data Science,Data Scientist,Full-Time,Permanent,B4,10.2,0.1,85.9,15,25,18,72.0,79.95,79.53,76.61,71.42,64.21,76.55,72.93,0.0,15,66.51,75.96,Good,Incentive
E2785,Mona Roy,35,Sales,Sales Executive,Full-Time,Permanent,B4,11.1,3.0,94.9,10,41,31,75.61,78.95,78.45,81.22,64.86,64.27,75.0,65.32,8.4,50,85.81,77.63,Good,Incentive
E2786,Vicky Advani,31,Sales,Sales Executive,Full-Time,Permanent,B3,5.7,3.8,97.9,0,27,25,92.59,85.1,91.11,87.47,81.41,62.22,85.92,88.58,8.1,50,80.38,87.23,Excellent,Incentive
E2787,Kokila Athawale,24,Sales,Business Development Executive,Full-Time,Permanent,B1,1.0,0.0,93.4,5,26,15,57.69,58.41,66.14,72.12,87.77,62.27,72.04,82.52,0.4,25,79.99,71.11,Good,Training
E2788,Maithili Nair,29,Finance,Accountant,Full-Time,Permanent,B2,3.1,2.4,90.6,2,23,16,69.57,68.53,70.5,68.43,72.97,63.83,70.82,82.64,2.0,10,51.12,71.33,Good,Training
E2789,Neeru Bhaskar,42,Finance,Accountant,Full-Time,Permanent,B5,19.5,7.2,80.2,6,22,13,59.09,64.98,63.26,67.99,69.5,80.65,63.5,70.07,2.2,15,58.46,66.9,Average,Training
E2790,Rakhi Damani,49,Marketing,Marketing Executive,Full-Time,Permanent,B5,24.3,11.3,94.8,3,39,30,76.92,70.89,70.53,68.17,70.65,81.93,69.62,63.31,3.3,25,69.25,73.73,Good,Training
E2791,Arushi Parekh,41,Human Resources,HR Analyst,Full-Time,Permanent,B4,14.6,7.7,93.8,7,23,15,65.22,68.16,65.51,68.91,62.32,74.95,71.61,66.98,0.0,40,93.6,71.14,Good,Training
E2792,Manish Tiwari,40,Operations,Process Analyst,Full-Time,Permanent,B3,6.2,1.2,90.5,4,43,32,74.42,67.75,70.75,79.14,85.7,64.58,73.49,82.42,13.3,25,73.8,76.14,Good,Training
E2793,Ravi Ghosh,29,AI & Data Science,Data Analyst,Full-Time,Permanent,B3,6.8,3.6,91.1,6,26,18,69.23,65.14,67.63,74.0,67.19,56.8,74.35,84.84,0.0,20,61.5,71.1,Good,Training
E2794,Bhagirathi Nagar,26,Information Technology,Software Engineer,Full-Time,Permanent,B2,3.9,2.7,93.0,10,31,17,54.84,58.99,59.4,56.09,67.28,51.87,65.35,72.07,6.7,20,66.06,63.19,Average,Training
E2795,Satish Javdekar,27,Customer Support,Customer Success Associate,Full-Time,Permanent,B2,3.6,0.1,97.7,7,38,32,84.21,81.32,76.77,83.42,81.79,63.32,78.68,77.1,9.4,25,80.72,81.8,Excellent,Incentive
E2796,Shreyansh Sood,26,AI & Data Science,Data Scientist,Contract,6 Months,B2,2.2,0.3,75.4,12,34,21,61.76,63.49,66.81,72.62,70.06,54.03,67.77,78.46,7.8,15,55.54,67.04,Average,Training
E2797,Dhruv Bhati,31,Customer Support,Support Analyst,Full-Time,Permanent,B2,4.7,3.0,92.6,10,46,35,76.09,78.52,76.73,77.55,67.72,65.75,77.77,85.25,10.2,15,48.21,76.21,Good,Incentive
E2798,Kishore Rajpurohit,46,Operations,Operations Executive,Full-Time,Permanent,B5,23.6,22.9,97.7,4,26,18,69.23,74.33,73.76,66.64,78.33,77.63,74.96,62.29,8.0,25,77.69,74.83,Good,Training
E2799,Nilakshi Misra,40,Human Resources,Talent Acquisition Specialist,Full-Time,Permanent,B3,7.5,5.2,85.6,10,23,19,82.61,74.27,74.68,74.42,79.37,70.2,73.7,63.4,0.5,20,59.43,75.73,Good,Training
E2800,Gajendra Mangeshkar,41,Finance,Financial Analyst,Full-Time,Permanent,B5,17.9,12.3,87.6,8,29,19,65.52,69.44,72.67,64.97,60.89,75.17,70.46,73.06,3.3,50,89.31,71.14,Good,Training
E2801,Himadri Kakkar,39,Information Technology,Software Engineer,Full-Time,Permanent,B3,6.7,5.2,96.0,8,19,12,63.16,70.07,70.96,68.65,79.11,55.54,69.17,77.59,0.0,25,70.44,72.07,Good,Training
E2802,Moni Dogra,33,AI & Data Science,Data Scientist,Full-Time,Permanent,B4,9.4,8.3,80.9,6,18,14,77.78,76.97,73.76,71.28,76.21,59.78,75.15,66.24,0.5,20,56.95,73.59,Good,Training
E2803,Mahavir Gupta,39,Information Technology,Cloud Engineer,Full-Time,Permanent,B4,13.9,1.7,93.2,4,37,23,62.16,67.36,70.81,77.32,73.87,66.84,71.36,85.58,11.1,30,89.54,74.02,Good,Training
E2804,Devdutt Tripathi,54,AI & Data Science,Data Analyst,Full-Time,Permanent,B5,28.3,9.6,94.8,2,30,22,73.33,75.85,74.57,71.49,67.95,83.99,79.0,78.5,5.6,25,82.46,76.76,Good,Training
E2805,Vikrant Kohli,37,Sales,Business Development Executive,Full-Time,Permanent,B4,11.7,7.3,94.7,10,47,39,82.98,72.95,76.94,66.89,76.32,72.06,75.11,62.53,17.2,30,75.23,76.31,Good,Training
E2806,Rajan Nag,57,Customer Support,Support Executive,Full-Time,Permanent,B5,33.5,0.0,96.6,8,58,42,72.41,66.97,66.3,65.35,80.27,81.05,64.35,66.67,21.8,5,46.18,71.25,Good,Training
E2807,Premnarayan Ambani,41,Human Resources,HR Executive,Full-Time,Permanent,B4,14.3,13.9,90.7,4,16,12,75.0,79.26,77.87,75.09,79.66,75.72,73.88,73.18,0.0,30,92.34,78.88,Good,Incentive
E2808,Rajeev Mazumdar,42,Information Technology,Software Engineer,Full-Time,Permanent,B3,8.4,2.9,90.7,5,22,17,77.27,79.08,74.1,80.43,84.28,67.71,74.34,78.47,0.0,20,65.63,78.44,Good,Training
E2809,Adya Anand,23,Operations,Process Analyst,Contract,6 Months,B1,0.8,0.8,86.3,13,42,31,73.81,71.51,68.69,63.1,60.79,56.49,72.51,68.11,7.2,25,65.01,69.38,Average,Training
E2810,Chandani Patil,54,Human Resources,HR Analyst,Full-Time,Permanent,B5,22.9,0.4,69.7,15,29,16,55.17,62.97,59.7,65.41,70.82,75.34,63.23,56.77,4.0,20,57.4,63.18,Average,PIP
E2811,Suman Hatwal,44,AI & Data Science,ML Engineer,Full-Time,Permanent,B4,10.7,2.6,89.0,8,21,15,71.43,73.46,76.04,66.65,71.62,64.53,75.35,76.88,1.3,50,79.41,74.01,Good,Training
E2812,Bhagwat Raj,54,Sales,Sales Executive,Full-Time,Permanent,B4,14.2,8.7,67.6,18,21,12,57.14,60.6,65.0,66.3,80.58,63.86,70.0,77.27,2.9,30,87.47,67.1,Average,PIP
E2813,Pushpa Rathi,40,Customer Support,Support Executive,Full-Time,Permanent,B4,13.5,9.0,97.4,2,26,18,69.23,72.88,69.46,69.9,67.35,73.4,72.2,84.73,7.6,40,89.26,74.68,Good,Training
E2814,Mahalakshmi Bisht,51,Customer Support,Support Executive,Full-Time,Permanent,B4,10.3,6.5,84.5,12,43,31,72.09,67.08,75.42,80.31,87.3,69.8,73.1,87.14,3.7,40,90.38,77.44,Good,Incentive
E2815,Sagarika Soni,30,Marketing,Marketing Analyst,Full-Time,Permanent,B2,4.6,3.0,91.4,8,21,14,66.67,70.4,72.96,73.14,66.78,62.37,73.81,85.63,4.9,20,59.1,72.34,Good,Training
E2816,Himanshu Singhal,56,Sales,Sales Executive,Full-Time,Permanent,B5,33.6,32.3,94.5,7,46,34,73.91,81.26,75.39,71.87,83.35,71.65,80.84,77.84,5.8,15,64.48,77.89,Good,Incentive
E2817,Jeetu Rawat,40,Marketing,Marketing Analyst,Full-Time,Permanent,B4,9.9,2.9,94.5,7,39,31,79.49,74.94,76.03,71.65,80.32,75.91,76.04,63.14,14.1,50,78.64,77.49,Good,Incentive
E2818,Niladri Hajariya,31,Human Resources,HR Analyst,Full-Time,Permanent,B3,7.0,4.6,87.4,11,26,15,57.69,62.28,61.69,63.27,65.81,56.88,63.28,68.39,2.9,20,67.72,64.87,Average,Training
E2819,Baikunth Phogat,30,AI & Data Science,ML Engineer,Part-Time,12 Months,B3,5.4,3.2,94.8,6,33,19,57.58,66.17,68.36,65.35,67.95,65.19,68.11,65.3,4.7,15,60.67,67.86,Average,Training
E2820,Pramila Azad,57,Finance,Financial Analyst,Full-Time,Permanent,B4,14.4,10.1,94.7,3,16,11,68.75,78.91,78.04,84.95,84.37,68.92,75.6,77.49,2.2,30,78.37,79.52,Good,Incentive
E2821,Omprakash Dadlani,36,Operations,Operations Manager,Full-Time,Permanent,B4,10.6,8.6,94.6,10,35,26,74.29,81.73,72.59,78.83,80.66,67.97,74.53,64.73,10.4,50,91.71,78.59,Good,Training
E2822,Shivanshi Shekhawat,26,Information Technology,DevOps Engineer,Full-Time,Permanent,B2,3.6,3.2,81.5,9,19,10,52.63,61.11,59.38,59.65,78.42,64.52,61.28,68.02,0.0,20,65.25,63.86,Average,Training
E2823,Dishita Sampla,47,Finance,Finance Executive,Full-Time,Permanent,B5,23.4,18.2,71.8,15,30,15,50.0,61.91,61.75,73.9,73.27,82.95,66.11,76.65,10.2,20,63.82,66.12,Average,PIP
E2824,Khushboo Puri,24,Information Technology,DevOps Engineer,Full-Time,Permanent,B1,0.7,0.5,90.6,5,23,16,69.57,77.79,74.35,71.15,82.34,50.27,79.16,85.66,0.0,25,64.68,75.21,Good,Training
E2825,Uma Kadam,44,Sales,Sales Executive,Full-Time,Permanent,B5,18.7,11.9,73.3,20,49,32,65.31,71.24,69.45,64.33,65.04,75.95,67.89,72.93,18.0,15,50.4,67.74,Average,PIP
E2826,Vidushi Raje,42,AI & Data Science,Data Scientist,Full-Time,Permanent,B5,19.7,13.2,91.6,10,21,16,76.19,76.53,74.93,73.56,66.59,86.23,75.18,71.95,0.4,25,72.92,76.31,Good,Training
E2827,Kanakprasad Deewan,26,Operations,Operations Executive,Full-Time,Permanent,B2,3.7,1.6,91.9,10,42,27,64.29,70.77,63.98,65.31,79.79,50.67,69.8,78.81,5.4,50,77.44,70.66,Good,Training
E2828,Sameer Mukherjee,47,Information Technology,System Administrator,Full-Time,Permanent,B5,23.8,2.1,97.6,0,29,22,75.86,80.55,80.19,78.73,75.8,83.59,84.13,88.46,8.8,50,92.0,82.05,Excellent,Incentive
E2829,Sandhya Vishwakarma,53,Sales,Sales Executive,Full-Time,Permanent,B4,9.0,2.7,92.5,3,46,33,71.74,67.9,72.05,76.56,79.23,64.33,69.93,73.66,15.6,15,67.19,74.17,Good,Training
E2830,Krish Haldar,27,Customer Support,Support Executive,Full-Time,Permanent,B1,1.7,1.3,83.6,9,47,30,63.83,72.87,68.68,72.25,73.47,58.4,73.01,82.12,10.5,20,56.18,70.84,Good,Training
E2831,Gautam Prasad,34,Customer Support,Support Executive,Part-Time,12 Months,B3,5.1,0.5,91.0,5,60,42,70.0,77.6,72.62,76.96,80.56,59.73,70.92,72.11,18.6,30,78.23,75.78,Good,Training
E2832,Banshidhar Bisht,24,Information Technology,DevOps Engineer,Full-Time,Permanent,B1,1.4,0.3,81.7,8,23,16,69.57,76.98,70.64,81.78,80.22,50.54,75.6,64.5,0.0,20,70.42,74.09,Good,Training
E2833,Ravindra Khatri,52,Finance,Financial Analyst,Full-Time,Permanent,B5,19.4,8.7,86.0,13,29,19,65.52,60.67,70.55,67.36,74.9,83.92,65.54,66.97,11.5,20,70.98,70.08,Good,Training
E2834,Vedprakash Bhandari,39,AI & Data Science,AI Engineer,Full-Time,Permanent,B2,4.8,2.8,91.3,7,33,25,75.76,80.19,74.94,84.2,91.0,64.57,80.67,89.17,13.0,40,84.07,81.42,Excellent,Training
E2835,Vaagishwari Bahl,53,Human Resources,HR Executive,Contract,6 Months,B5,25.2,16.9,97.4,3,17,11,64.71,62.71,61.28,73.27,71.95,74.8,63.82,71.74,4.7,20,79.47,70.72,Good,Training
E2836,Krish Garg,56,Information Technology,Cloud Engineer,Contract,6 Months,B5,18.7,9.5,93.7,2,23,20,86.96,76.42,84.81,80.23,89.13,84.57,82.43,86.9,0.9,25,76.46,84.06,Excellent,Incentive
E2837,Nitesh Khosla,56,Operations,Operations Manager,Part-Time,12 Months,B5,21.1,7.3,91.0,6,27,17,62.96,65.05,70.35,70.35,74.51,71.81,70.15,84.79,11.7,15,47.87,70.59,Good,Training
E2838,Chandrakala Kamath,36,Operations,Operations Manager,Full-Time,Permanent,B3,8.8,3.0,94.3,7,29,19,65.52,60.62,63.36,70.86,68.2,57.3,63.14,67.16,4.1,25,75.98,68.48,Average,Training
E2839,Alka Dasgupta,54,AI & Data Science,Data Analyst,Full-Time,Permanent,B5,21.1,7.4,87.1,14,40,30,75.0,78.99,78.85,79.11,82.85,82.73,78.91,69.44,14.8,5,50.39,77.86,Good,Incentive
E2840,Archana Srivatsa,44,Information Technology,Cloud Engineer,Full-Time,Permanent,B5,19.9,15.3,93.8,8,40,28,70.0,63.16,63.89,72.1,70.88,79.7,63.66,65.24,0.1,50,93.76,71.96,Good,Training
E2841,Priyadarshini Keshari,25,Operations,Process Analyst,Contract,24 Months,B1,1.2,0.9,97.0,0,43,36,83.72,78.34,84.39,78.03,81.03,60.56,81.72,70.81,9.3,5,52.02,79.73,Good,Incentive
E2842,Pinaka Biswas,51,Marketing,Marketing Analyst,Full-Time,Permanent,B4,14.8,1.9,84.6,9,33,23,69.7,64.69,69.47,71.23,73.07,64.66,68.29,66.32,1.1,15,66.87,70.34,Good,Training
E2843,Aditya Sood,29,Operations,Operations Executive,Full-Time,Permanent,B3,6.0,4.4,96.1,4,47,36,76.6,68.74,71.75,72.1,75.53,68.84,71.71,67.03,14.6,30,87.92,75.32,Good,Training
E2844,Madan Gavaskar,24,Human Resources,Talent Acquisition Specialist,Full-Time,Permanent,B1,0.8,0.2,88.3,7,44,34,77.27,73.68,78.09,79.11,81.13,56.47,81.05,88.78,0.0,20,68.79,77.92,Good,Incentive
E2845,Urshita Lohia,46,Customer Support,Support Executive,Part-Time,6 Months,B5,22.6,19.6,86.1,7,42,31,73.81,71.1,72.39,70.5,74.03,86.65,74.03,67.16,9.8,30,83.62,74.76,Good,Training
E2846,Vedika Advani,28,Marketing,Digital Marketing Specialist,Full-Time,Permanent,B2,3.7,1.6,87.5,13,33,21,63.64,69.91,68.22,78.29,64.91,59.84,67.24,74.05,10.2,15,53.15,69.96,Average,Training
E2847,Shrinath Nag,54,Sales,Sales Executive,Contract,6 Months,B4,11.1,2.1,97.0,5,50,35,70.0,72.46,73.99,66.92,68.19,63.27,74.87,70.74,20.2,20,56.62,72.3,Good,Training
E2848,Samraggi Shankar,49,Information Technology,DevOps Engineer,Full-Time,Permanent,B5,16.2,1.9,86.2,14,21,14,66.67,70.0,70.44,70.2,83.47,75.7,71.52,77.03,0.0,30,72.34,73.39,Good,Training
E2849,Dipu Pandit,43,Information Technology,Cloud Engineer,Part-Time,12 Months,B3,5.8,0.8,94.1,10,22,17,77.27,73.55,76.07,79.14,77.65,65.98,74.39,83.03,0.0,40,94.33,78.97,Good,Incentive
E2850,Anupriya Kamath,26,AI & Data Science,Data Scientist,Full-Time,Permanent,B2,2.1,0.5,92.5,8,29,18,62.07,69.57,66.62,67.07,71.94,55.87,67.9,78.22,3.1,50,99.98,71.34,Good,Training
E2851,Kavindra Gautam,57,Information Technology,Software Engineer,Contract,6 Months,B5,28.2,5.7,87.2,11,36,22,61.11,62.52,59.9,58.78,65.67,74.95,68.77,71.65,8.3,25,66.01,65.7,Average,Training
E2852,Kavita Gond,57,Marketing,Marketing Executive,Contract,6 Months,B5,17.0,16.8,94.1,6,37,28,75.68,71.52,74.4,78.29,75.05,82.33,70.58,77.45,5.7,50,78.7,77.35,Good,Training
E2853,Kashvi Bhadauria,47,AI & Data Science,Data Scientist,Full-Time,Permanent,B4,11.6,11.6,94.5,3,35,23,65.71,71.84,65.97,64.5,64.7,59.51,68.85,67.97,11.4,15,72.28,69.55,Average,Training
E2854,Ravishankar Sampla,26,Customer Support,Support Executive,Contract,24 Months,B2,3.8,1.6,94.6,9,28,19,67.86,69.31,65.47,61.91,84.21,65.65,74.69,80.98,9.6,40,87.09,72.98,Good,Training
E2855,Kavita Malode,35,Operations,Operations Manager,Full-Time,Permanent,B3,6.6,4.6,93.4,9,17,13,76.47,84.27,78.66,83.51,85.06,75.32,80.4,87.28,5.0,25,79.7,82.42,Excellent,Incentive
E2856,Mukti Malhotra,39,Finance,Accountant,Full-Time,Permanent,B4,14.4,11.0,92.9,3,36,28,77.78,79.09,76.98,72.19,72.19,63.51,76.35,66.59,5.1,10,49.1,75.19,Good,Incentive
E2857,Ishwar Gavaskar,57,Customer Support,Support Analyst,Part-Time,6 Months,B5,33.8,28.0,84.4,6,45,29,64.44,69.38,66.19,68.92,69.58,74.25,69.32,67.0,13.7,20,55.1,69.02,Average,Training
E2858,Prabha Saini,24,Human Resources,HR Executive,Full-Time,Permanent,B1,0.7,0.6,90.9,9,31,27,87.1,77.51,86.18,78.76,71.44,62.47,80.82,89.21,2.4,5,34.82,79.03,Good,Incentive
E2859,Bhagirath Bose,24,AI & Data Science,ML Engineer,Full-Time,Permanent,B1,1.6,1.5,85.6,11,27,19,70.37,73.53,76.35,73.21,61.67,62.6,70.95,62.51,6.1,25,74.98,72.3,Good,Training
E2860,Premshankar Lokhande,48,Sales,Business Development Executive,Contract,24 Months,B3,8.6,4.7,85.3,13,37,25,67.57,67.19,67.57,62.53,82.07,58.16,69.92,77.0,5.7,20,77.17,70.58,Good,Training
E2861,Poornima Scindia,25,Customer Support,Support Analyst,Full-Time,Permanent,B1,1.1,0.4,90.6,10,35,26,74.29,75.13,76.96,70.8,70.43,48.72,70.73,63.9,0.4,15,52.08,72.45,Good,Training
E2862,Sumitra Modanwal,34,AI & Data Science,Data Scientist,Full-Time,Permanent,B2,3.4,3.1,82.5,10,24,15,62.5,66.64,64.97,63.35,84.05,56.48,73.15,83.29,1.2,5,44.42,68.14,Average,Training
E2863,Amol Deshpande,42,Marketing,Marketing Executive,Full-Time,Permanent,B3,5.2,2.4,76.5,24,31,17,54.84,63.03,61.7,64.17,65.6,47.85,62.37,61.48,6.2,50,83.55,63.53,Average,Training
E2864,Sadhana Sahu,35,Operations,Operations Executive,Full-Time,Permanent,B3,5.3,4.8,97.4,5,26,21,80.77,77.89,76.17,72.24,82.91,55.43,81.79,86.9,0.0,20,69.79,78.79,Good,Incentive
E2865,Yashaswi Ahale,34,Operations,Operations Manager,Full-Time,Permanent,B2,4.5,3.9,66.3,14,26,15,57.69,67.57,64.72,64.41,79.18,51.98,67.08,65.13,14.3,20,67.69,65.3,Average,PIP
E2866,Geetika Saha,32,Sales,Sales Executive,Full-Time,Permanent,B4,9.0,2.4,94.2,10,45,35,77.78,70.34,77.99,82.12,68.1,64.56,70.76,74.08,13.7,30,84.29,77.15,Good,Incentive
E2867,Praveen Nautiyal,38,Customer Support,Support Executive,Full-Time,Permanent,B4,9.8,2.8,65.5,20,31,17,54.84,58.98,58.05,55.69,64.07,56.93,65.06,73.97,11.1,5,42.13,59.0,Needs Improvement,PIP
E2868,Vilas Dholakia,57,AI & Data Science,Data Analyst,Full-Time,Permanent,B5,29.9,29.1,91.8,9,24,17,70.83,73.27,68.48,71.66,64.44,78.88,73.31,79.63,1.9,20,66.04,73.15,Good,Training
E2869,Dayashankar Bhat,27,Sales,Sales Executive,Contract,12 Months,B2,4.8,3.6,91.1,5,42,30,71.43,75.15,73.73,74.87,80.44,67.84,76.59,67.42,16.3,30,91.25,76.59,Good,Training
E2870,Adya Kannaujiya,29,Operations,Process Analyst,Full-Time,Permanent,B3,6.6,4.8,90.5,10,37,29,78.38,76.49,73.91,79.73,78.15,61.95,76.76,67.53,9.9,30,90.72,77.99,Good,Training
E2871,Mala Chouhan,32,Information Technology,Cloud Engineer,Full-Time,Permanent,B3,8.5,7.1,76.9,16,20,12,60.0,59.37,61.86,64.12,70.12,61.47,62.88,56.49,0.0,10,55.67,63.33,Average,Training
E2872,Om Baranwal,56,Operations,Process Analyst,Full-Time,Permanent,B4,13.0,5.2,92.6,2,25,18,72.0,71.92,75.15,80.8,86.35,79.51,72.39,82.99,2.5,10,42.68,76.75,Good,Incentive
E2873,Radharaman Sahani,53,Information Technology,DevOps Engineer,Full-Time,Permanent,B5,26.0,12.0,93.2,4,26,20,76.92,75.69,73.08,69.75,63.64,71.17,72.42,70.98,4.8,10,41.22,72.79,Good,Training
E2874,Niranjan Shah,29,Marketing,Marketing Analyst,Contract,6 Months,B3,6.6,3.2,94.7,10,36,28,77.78,69.13,77.44,76.78,64.79,63.66,74.29,66.76,17.4,30,89.79,75.84,Good,Incentive
E2875,Anuradha Singhaniya,28,Customer Support,Support Executive,Full-Time,Permanent,B2,3.5,2.2,88.2,5,47,35,74.47,78.22,71.23,81.62,75.88,64.98,69.64,64.35,7.5,20,58.08,75.09,Good,Training
E2876,Govind Soni,54,Sales,Sales Executive,Full-Time,Permanent,B4,11.9,10.2,66.1,15,48,27,56.25,62.88,65.09,75.58,71.44,67.17,67.37,61.06,13.8,15,48.87,64.95,Average,PIP
E2877,Vaishali Pandit,56,AI & Data Science,Data Analyst,Full-Time,Permanent,B5,23.9,5.8,97.9,1,21,17,80.95,74.95,73.77,67.89,72.5,82.75,70.66,69.72,0.0,10,54.15,75.54,Good,Training
E2878,Vipul Shah,47,Sales,Sales Executive,Full-Time,Permanent,B5,21.6,10.1,97.9,2,29,21,72.41,80.73,75.57,85.07,77.03,87.44,80.15,84.32,4.8,40,91.51,81.73,Excellent,Incentive
E2879,Maya Mishra,39,AI & Data Science,Data Analyst,Part-Time,6 Months,B5,15.6,8.6,92.1,8,28,20,71.43,78.69,79.54,85.36,80.66,74.92,79.72,83.16,7.9,20,57.12,79.28,Good,Incentive
E2880,Anadi Thakkar,28,Human Resources,HR Executive,Contract,6 Months,B3,5.9,2.7,76.4,22,18,10,55.56,70.16,62.41,73.62,59.16,53.33,67.53,59.29,1.8,20,69.05,65.28,Average,Training
E2881,Rakshit Mantri,49,Information Technology,DevOps Engineer,Full-Time,Permanent,B3,7.2,5.2,97.3,8,27,19,70.37,78.81,78.44,76.08,78.67,61.47,73.0,62.23,0.0,30,77.44,76.86,Good,Incentive
E2882,Omkar Bind,24,Customer Support,Support Executive,Full-Time,Permanent,B1,0.9,0.7,83.6,11,38,22,57.89,65.57,62.44,69.11,65.12,58.27,68.32,76.42,9.9,40,79.72,67.26,Average,Training
E2883,Sarojini Rawat,42,Customer Support,Support Analyst,Full-Time,Permanent,B5,17.7,10.9,92.4,9,22,18,81.82,74.01,78.06,77.81,76.81,85.45,77.03,85.31,4.2,10,60.55,79.09,Good,Incentive
E2884,Lipika Azad,51,AI & Data Science,AI Engineer,Full-Time,Permanent,B5,20.4,9.4,93.2,4,33,24,72.73,79.72,71.21,66.92,84.61,73.19,74.72,79.9,7.7,15,67.89,76.15,Good,Training
E2885,Hemant Tendulkar,55,Customer Support,Customer Success Associate,Full-Time,Permanent,B5,32.9,8.9,93.3,2,30,22,73.33,80.63,79.87,76.89,86.27,89.64,81.41,78.29,4.5,40,88.02,81.43,Excellent,Incentive
E2886,Bhagwati Lohia,27,Marketing,Marketing Executive,Full-Time,Permanent,B1,1.3,1.1,90.9,6,18,16,88.89,82.46,85.65,88.96,91.36,57.57,82.05,80.5,0.0,25,81.53,85.2,Excellent,Incentive
E2887,Ranveer Jahagirdar,52,Customer Support,Support Analyst,Full-Time,Permanent,B3,8.8,5.9,81.1,13,33,22,66.67,65.77,63.22,68.47,70.05,57.2,65.5,77.63,9.0,30,88.25,69.16,Average,Training
E2888,Shubhi Kohli,32,Operations,Operations Manager,Full-Time,Permanent,B2,4.1,1.9,86.6,5,15,11,73.33,73.64,74.32,69.52,71.83,51.48,70.78,73.79,0.0,10,43.61,71.45,Good,Training
E2889,Mithun Dhumal,40,Human Resources,Talent Acquisition Specialist,Full-Time,Permanent,B4,13.4,9.1,92.4,7,42,32,76.19,81.21,75.84,76.23,77.47,79.23,80.66,81.8,6.5,30,80.91,79.54,Good,Incentive
E2890,Sujata Shirke,38,Human Resources,Talent Acquisition Specialist,Full-Time,Permanent,B4,12.6,8.9,86.3,15,26,21,80.77,72.09,75.04,67.47,86.84,72.02,78.14,83.48,4.5,25,64.46,76.52,Good,Training
E2891,Sonu Ganguly,57,AI & Data Science,Data Analyst,Full-Time,Permanent,B4,13.9,10.7,90.6,8,31,22,70.97,72.5,72.38,73.78,81.22,68.38,72.96,74.45,4.8,10,57.56,74.29,Good,Training
E2892,Aryabhatta Mohanty,24,Human Resources,HR Executive,Full-Time,Permanent,B1,1.3,0.7,94.0,9,32,23,71.88,67.01,74.17,71.25,83.84,65.42,72.84,86.28,6.7,25,70.17,75.17,Good,Training
E2893,Roopa Seth,38,Operations,Process Analyst,Full-Time,Permanent,B4,14.2,8.4,96.1,7,34,28,82.35,72.92,75.72,73.66,70.79,71.14,72.1,81.07,9.8,10,50.6,76.13,Good,Incentive
E2894,Dinesh Lalwani,50,AI & Data Science,AI Engineer,Full-Time,Permanent,B5,22.4,8.8,96.5,0,18,11,61.11,59.37,67.92,73.73,75.43,78.78,65.23,75.61,6.7,15,70.51,71.02,Good,Training
E2895,Gopi Pal,42,Operations,Operations Executive,Part-Time,12 Months,B4,12.1,8.2,68.1,10,42,24,57.14,65.58,67.89,63.35,60.2,57.22,66.67,66.91,4.7,10,49.76,62.95,Average,PIP
E2896,Manjunath Maali,49,AI & Data Science,Data Scientist,Full-Time,Permanent,B5,15.0,12.6,96.7,6,26,20,76.92,76.98,71.88,68.71,84.35,66.31,71.96,78.69,3.3,30,76.68,76.96,Good,Training
E2897,Raghavi Dalal,49,Information Technology,System Administrator,Contract,6 Months,B5,23.4,16.4,85.0,12,33,24,72.73,75.97,72.33,71.05,81.6,84.44,75.18,72.77,9.2,40,76.63,75.92,Good,Training
E2898,Brijmohan Deshpande,29,Customer Support,Customer Success Associate,Full-Time,Permanent,B2,4.9,3.4,76.0,15,38,27,71.05,71.58,71.88,67.23,74.45,66.98,75.9,79.98,11.6,25,67.88,71.84,Good,Training
E2899,Kashvi Rajpoot,27,Sales,Sales Executive,Full-Time,Permanent,B2,4.1,2.4,96.6,2,35,21,60.0,66.31,64.47,68.29,63.48,64.13,65.57,65.62,16.1,40,98.81,69.58,Average,Training
E2900,Uma Kedia,56,Operations,Process Analyst,Full-Time,Permanent,B4,12.5,5.7,91.3,4,37,21,56.76,56.02,60.15,64.07,71.54,75.47,64.84,66.14,16.1,15,52.13,64.76,Average,Training
E2901,Natwar Singh,54,Customer Support,Support Executive,Full-Time,Permanent,B5,29.7,9.2,93.3,7,45,31,68.89,78.72,75.79,72.24,88.21,75.68,75.44,87.6,13.9,20,56.07,77.24,Good,Incentive
E2902,Dinkar Gaitonde,53,Information Technology,Software Engineer,Full-Time,Permanent,B5,21.7,13.9,92.4,7,21,15,71.43,66.15,71.54,72.57,62.74,76.34,72.95,66.06,13.2,25,63.78,71.72,Good,Training
E2903,Ambika Deshpande,51,Operations,Operations Manager,Full-Time,Permanent,B4,11.2,4.7,88.2,6,17,10,58.82,70.91,66.51,76.55,74.63,60.89,68.16,79.89,2.6,15,67.34,71.02,Good,Training
E2904,Kalyani Hazari,26,AI & Data Science,Data Analyst,Full-Time,Permanent,B2,2.5,0.0,90.8,10,31,22,70.97,64.27,65.71,66.73,66.58,51.31,66.37,68.32,8.8,25,86.83,69.53,Average,Training
E2905,Praveen Prakash,51,Human Resources,HR Executive,Full-Time,Permanent,B5,22.4,0.2,91.8,6,33,19,57.58,66.57,62.47,68.72,62.62,75.2,66.0,65.11,14.4,20,59.84,67.05,Average,Training
E2906,Aarohi Dutta,55,Finance,Finance Executive,Full-Time,Permanent,B4,11.3,1.7,86.0,6,35,15,42.86,55.04,53.45,68.23,63.94,64.89,59.82,77.13,11.6,10,44.11,60.23,Average,Training
E2907,Maitri Atlani,33,Customer Support,Customer Success Associate,Full-Time,Permanent,B4,10.6,6.7,83.4,7,38,24,63.16,63.44,69.68,66.23,79.73,60.58,68.34,71.23,11.6,40,91.04,70.25,Good,Training
E2908,Rajeshwar Bansal,43,AI & Data Science,ML Engineer,Part-Time,6 Months,B3,8.1,1.2,91.9,9,35,26,74.29,81.36,81.9,76.79,77.73,68.95,74.9,68.97,6.3,20,55.63,77.54,Good,Incentive
E2909,Hritik Kamat,24,Sales,Business Development Executive,Contract,6 Months,B1,0.9,0.8,91.4,4,39,32,82.05,78.49,76.66,81.97,69.67,56.78,77.06,76.86,14.5,15,59.75,77.5,Good,Incentive
E2910,Mandira Bhadauria,33,Operations,Operations Manager,Full-Time,Permanent,B3,7.8,3.2,91.8,3,23,15,65.22,76.33,69.5,77.86,71.52,68.72,71.22,77.2,8.3,50,97.6,75.41,Good,Training
E2911,Anshika Mukhopadhyay,23,AI & Data Science,Data Analyst,Full-Time,Permanent,B1,0.4,0.4,81.9,12,41,27,65.85,66.48,72.79,71.07,81.93,50.59,72.42,77.22,21.5,15,70.03,71.32,Good,Training
E2912,Arpan Jahagirdar,57,Information Technology,Software Engineer,Contract,12 Months,B5,17.8,6.8,91.9,7,29,20,68.97,62.94,67.84,74.74,71.2,78.8,69.6,72.92,11.7,15,53.25,71.21,Good,Training
E2913,Ruchir Agnihotri,23,Human Resources,Talent Acquisition Specialist,Full-Time,Permanent,B1,0.5,0.0,86.9,9,23,13,56.52,67.55,59.63,71.02,65.29,59.55,67.39,77.22,2.7,40,90.88,68.18,Average,Training
E2914,Aryabhatta Mumukshu,42,AI & Data Science,AI Engineer,Full-Time,Permanent,B5,17.3,17.3,97.3,0,27,24,88.89,84.71,85.94,88.3,85.97,80.34,81.13,82.06,1.0,30,70.41,86.2,Excellent,Promotion
E2915,Payal Rawal,24,Customer Support,Support Executive,Full-Time,Permanent,B1,1.4,0.9,96.6,6,60,41,68.33,78.48,73.98,77.65,79.62,66.39,74.11,82.64,26.9,25,77.05,77.4,Good,Training
E2916,Ganesh Ambani,32,Information Technology,DevOps Engineer,Full-Time,Permanent,B4,9.5,3.5,86.5,14,24,20,83.33,86.51,85.22,76.56,69.24,69.41,80.41,82.58,2.8,15,70.96,80.49,Excellent,Incentive
E2917,Jamunadas Wahal,24,Operations,Operations Executive,Full-Time,Permanent,B1,1.5,0.6,97.2,1,41,31,75.61,76.41,74.57,81.9,90.22,58.5,80.76,83.91,3.4,30,90.55,80.7,Excellent,Training
E2918,Radha Surana,53,Operations,Operations Executive,Full-Time,Permanent,B5,16.5,15.4,90.8,2,21,14,66.67,70.06,64.56,68.81,62.24,63.0,63.83,63.09,6.7,25,81.81,69.41,Average,Training
E2919,Mahima Dwivedi,34,AI & Data Science,Data Analyst,Full-Time,Permanent,B3,7.1,0.8,96.0,5,26,20,76.92,77.34,76.97,79.17,80.08,67.9,71.46,68.78,8.7,15,69.43,78.05,Good,Incentive
E2920,Harishankar Patel,43,AI & Data Science,Data Scientist,Full-Time,Permanent,B5,15.7,9.8,93.7,10,34,28,82.35,82.07,77.85,78.46,80.53,82.06,72.99,64.57,1.2,10,49.05,78.97,Good,Incentive
E2921,Hemant Tendulkar,28,Customer Support,Support Analyst,Full-Time,Permanent,B3,5.1,1.5,90.1,4,42,25,59.52,56.78,61.03,71.08,76.43,66.62,63.11,70.07,12.0,5,47.59,66.28,Average,Training
E2922,Namrata Mukherjee,25,AI & Data Science,Data Analyst,Part-Time,12 Months,B1,1.1,1.0,93.7,5,25,18,72.0,72.57,70.38,78.9,71.03,59.52,70.53,82.63,0.4,40,95.28,75.95,Good,Training
E2923,Subodh Singhaniya,48,Customer Support,Support Executive,Contract,6 Months,B5,17.8,4.9,87.9,9,57,38,66.67,64.72,67.61,76.87,81.32,74.89,71.35,82.06,27.7,5,57.24,72.58,Good,Training
E2924,Vidhi Anand,48,Sales,Business Development Executive,Full-Time,Permanent,B5,22.6,8.7,94.6,5,34,23,67.65,64.32,71.36,73.63,75.2,80.0,69.48,73.41,0.0,25,73.6,73.35,Good,Training
E2925,Dashrath Dhoundial,48,Operations,Process Analyst,Full-Time,Permanent,B3,6.6,3.8,97.1,2,25,20,80.0,86.81,78.47,87.77,88.8,75.36,85.19,83.77,0.0,15,69.09,84.22,Excellent,Incentive
E2926,Subodh Parmar,37,Customer Support,Support Executive,Full-Time,Permanent,B2,4.6,0.6,94.8,4,37,26,70.27,78.82,72.84,80.73,84.81,63.03,73.5,83.81,8.0,30,72.7,78.01,Good,Training
E2927,Shubh Malik,23,Finance,Financial Analyst,Full-Time,Permanent,B1,0.3,0.1,99.5,8,33,30,90.91,92.05,90.11,86.48,68.57,58.59,83.41,73.99,1.0,30,73.75,85.23,Excellent,Incentive
E2928,Himani Parmar,25,Sales,Sales Executive,Full-Time,Permanent,B1,1.0,0.8,94.8,8,23,14,60.87,59.64,63.18,71.71,84.22,65.75,65.33,76.88,4.0,25,73.9,70.31,Good,Training
E2929,Priyamvada Bandopadhyay,53,Marketing,Marketing Analyst,Full-Time,Permanent,B5,23.5,15.0,72.7,15,30,13,43.33,60.39,55.18,59.87,75.52,84.95,63.1,70.4,3.0,20,64.48,61.78,Average,PIP
E2930,Shakti Thakkar,38,Sales,Account Manager,Full-Time,Permanent,B3,5.3,2.6,91.2,4,38,27,71.05,76.65,74.02,70.37,65.07,65.02,69.44,63.45,12.6,15,66.19,72.65,Good,Training
E2931,Debashish Talwar,43,AI & Data Science,ML Engineer,Full-Time,Permanent,B4,10.6,9.0,91.9,9,29,18,62.07,67.86,63.61,60.67,64.56,66.77,67.32,78.78,4.1,40,87.15,68.78,Average,Training
E2932,Shishir Goenka,49,AI & Data Science,AI Engineer,Part-Time,6 Months,B4,10.4,5.2,87.7,14,25,15,60.0,62.98,59.14,70.93,75.15,67.79,63.47,79.99,5.8,15,62.4,67.92,Average,Training
E2933,Pramila Marandi,47,Sales,Sales Executive,Full-Time,Permanent,B5,23.0,8.8,92.2,2,41,26,63.41,73.94,72.17,72.24,66.91,70.82,70.29,61.72,13.1,20,59.92,71.31,Good,Training
E2934,Madhur Patil,30,Operations,Operations Executive,Full-Time,Permanent,B2,4.2,1.0,94.7,10,35,26,74.29,79.75,79.01,69.15,68.43,54.45,77.16,75.16,4.7,25,82.64,76.11,Good,Training
E2935,Bhawna Kulkarni,29,Sales,Business Development Executive,Full-Time,Permanent,B2,2.7,2.4,97.9,3,50,40,80.0,80.92,78.62,86.04,69.35,68.34,73.51,68.98,14.1,20,66.14,79.41,Good,Incentive
E2936,Sapna Ojha,43,Human Resources,HR Analyst,Full-Time,Permanent,B4,12.1,7.4,90.1,2,23,18,78.26,84.06,81.08,71.33,74.89,64.19,75.74,70.81,0.4,25,76.84,78.09,Good,Incentive
E2937,Rajesh Mangeshkar,43,Marketing,Digital Marketing Specialist,Full-Time,Permanent,B4,11.4,4.1,76.1,24,34,19,55.88,66.05,67.08,68.13,79.59,65.25,65.83,62.7,14.9,10,62.79,66.97,Average,Training
E2938,Madhurima Sood,42,Marketing,Digital Marketing Specialist,Full-Time,Permanent,B3,5.4,2.2,85.2,6,37,25,67.57,74.65,75.31,67.65,65.6,53.2,77.17,70.92,1.8,15,56.94,70.77,Good,Training
E2939,Ridhima Dasgupta,53,Finance,Financial Analyst,Full-Time,Permanent,B4,11.9,9.0,82.4,10,31,20,64.52,61.11,63.44,75.19,64.58,64.5,63.31,70.42,0.0,20,78.34,68.17,Average,Training
E2940,Vilas Chawla,51,Finance,Accountant,Full-Time,Permanent,B5,17.8,14.7,80.9,15,42,27,64.29,74.78,74.88,66.66,73.55,75.39,75.41,59.59,10.8,10,50.99,70.61,Good,Training
E2941,Ishan Bhandari,37,AI & Data Science,Data Analyst,Full-Time,Permanent,B4,14.4,3.8,94.5,9,22,15,68.18,67.28,64.74,67.39,68.25,66.43,71.07,66.9,4.0,25,67.06,69.99,Average,Training
E2942,Abhay Munda,32,Finance,Finance Executive,Full-Time,Permanent,B2,4.8,3.1,69.3,23,36,21,58.33,55.92,59.86,62.4,65.61,49.14,60.11,58.97,0.0,25,64.11,60.58,Average,PIP
E2943,Gunjan Shirke,38,Operations,Operations Manager,Full-Time,Permanent,B4,11.6,2.0,97.6,4,20,13,65.0,75.82,73.92,82.14,78.58,69.67,75.98,81.05,0.0,20,68.19,76.89,Good,Training
E2944,Vasundhara Soni,44,Sales,Sales Executive,Full-Time,Permanent,B5,20.5,14.1,97.6,2,49,31,63.27,72.41,73.36,67.34,60.1,68.09,68.22,61.58,16.6,50,90.25,71.63,Good,Training
E2945,Shuchita Bakshi,51,Customer Support,Customer Success Associate,Full-Time,Permanent,B5,29.0,27.7,93.6,4,32,28,87.5,85.4,86.94,77.31,89.77,79.71,82.56,85.5,11.9,30,74.0,85.0,Excellent,Incentive
E2946,Shefali Damani,50,Customer Support,Customer Success Associate,Full-Time,Permanent,B4,14.2,1.9,96.4,1,29,24,82.76,87.66,86.41,75.37,85.53,74.39,85.45,73.59,5.5,25,78.25,83.61,Excellent,Incentive
E2947,Naveen Khera,53,Sales,Business Development Executive,Part-Time,6 Months,B4,9.6,8.3,96.0,0,30,20,66.67,75.28,72.17,80.45,80.83,63.28,73.32,70.57,0.9,40,95.85,77.02,Good,Training
E2948,Shivaji Ganguly,55,Sales,Account Manager,Full-Time,Permanent,B4,10.1,4.4,90.4,10,29,20,68.97,69.59,68.2,69.91,57.74,56.65,70.24,58.74,10.4,10,54.04,68.3,Average,Training
E2949,Roopa Sampla,49,Marketing,Digital Marketing Specialist,Full-Time,Permanent,B4,10.7,8.0,82.4,6,18,13,72.22,71.05,75.79,81.87,71.98,74.55,75.48,65.54,0.0,40,77.62,75.24,Good,Incentive
E2950,Lakshmi Singhi,48,Sales,Business Development Executive,Full-Time,Permanent,B4,9.4,4.7,97.2,0,33,25,75.76,74.08,79.0,78.87,76.18,74.62,75.38,81.28,9.4,50,98.19,79.97,Good,Incentive
E2951,Gajendra Saha,50,Sales,Business Development Executive,Full-Time,Permanent,B5,16.5,13.2,91.2,7,28,19,67.86,76.97,74.27,78.68,75.6,82.47,76.5,79.34,2.0,15,65.36,76.53,Good,Training
E2952,Nandu Malode,45,Human Resources,HR Executive,Contract,6 Months,B5,21.9,19.2,91.4,4,20,13,65.0,75.59,68.37,77.7,75.19,82.79,72.32,75.77,0.0,20,58.12,74.11,Good,Training
E2953,Kajol Bhadauria,29,Sales,Sales Executive,Full-Time,Permanent,B2,4.8,0.3,97.0,7,37,26,70.27,79.17,73.7,72.4,82.27,68.6,77.35,78.72,13.0,15,48.57,75.92,Good,Training
E2954,Malini Pratap,49,Information Technology,System Administrator,Full-Time,Permanent,B5,16.1,15.7,97.8,3,40,28,70.0,71.36,74.45,68.1,82.22,66.11,78.52,82.42,9.6,20,72.35,75.56,Good,Training
E2955,Anand Shankar,24,Sales,Sales Executive,Contract,6 Months,B1,1.4,1.4,85.6,14,36,23,63.89,62.21,67.8,64.96,73.31,48.58,67.07,82.78,18.4,40,75.66,68.42,Average,Training
E2956,Asha Ranaut,49,Operations,Operations Executive,Full-Time,Permanent,B5,20.6,14.8,97.2,8,35,21,60.0,67.14,66.59,77.0,76.43,77.34,66.65,66.28,7.5,15,57.27,71.35,Good,Training
E2957,Abhilesh Bahuguna,32,Information Technology,Software Engineer,Part-Time,6 Months,B2,2.6,2.3,81.8,15,26,17,65.38,68.37,70.88,63.57,57.67,52.36,72.03,59.49,11.1,20,76.96,67.22,Average,Training
E2958,Madhavrao Jindal,47,Finance,Accountant,Full-Time,Permanent,B5,22.0,6.7,87.0,10,31,24,77.42,75.67,80.25,69.68,86.57,89.58,81.88,85.46,6.1,50,90.23,80.17,Excellent,Training
E2959,Anuja Seth,25,Finance,Accountant,Full-Time,Permanent,B1,1.9,1.8,83.4,7,39,25,64.1,60.87,64.2,61.95,70.91,48.55,66.13,72.57,16.9,30,78.34,66.38,Average,Training
E2960,Vidushi Keshari,28,Operations,Operations Executive,Full-Time,Permanent,B2,2.3,1.8,91.7,4,47,31,65.96,69.64,72.45,76.56,72.87,63.23,71.49,83.52,14.0,5,45.54,72.34,Good,Training
E2961,Jayprakash Bhatt,40,Operations,Process Analyst,Full-Time,Permanent,B4,12.8,1.3,91.6,2,23,14,60.87,57.9,66.04,70.15,64.84,70.44,67.82,73.96,0.0,25,63.51,67.67,Average,Training
E2962,Seema Giri,34,Marketing,Marketing Analyst,Full-Time,Permanent,B4,11.3,2.3,83.3,6,18,11,61.11,57.33,64.72,73.23,75.5,71.83,65.04,81.79,0.0,15,49.1,67.73,Average,Training
E2963,Mausami Shukla,42,Sales,Business Development Executive,Part-Time,12 Months,B4,11.2,6.8,93.7,8,34,22,64.71,70.18,72.82,76.33,66.39,72.15,75.53,73.85,8.7,25,80.02,73.69,Good,Training
E2964,Vijay Surana,42,Operations,Process Analyst,Full-Time,Permanent,B5,16.1,10.5,96.8,2,37,26,70.27,71.92,69.27,69.59,69.88,75.66,70.24,70.91,5.9,40,86.47,73.99,Good,Training
E2965,Ashutosh Deol,39,Operations,Operations Executive,Full-Time,Permanent,B3,6.5,3.7,91.6,6,29,21,72.41,82.06,72.5,69.88,81.89,60.7,75.23,74.22,6.2,15,53.39,75.05,Good,Training
E2966,Atul Parmar,52,Customer Support,Support Executive,Full-Time,Permanent,B4,14.1,9.6,94.9,2,55,43,78.18,70.65,78.04,75.63,68.2,75.06,77.03,85.86,23.1,25,77.62,77.46,Good,Incentive
E2967,Nikhil Surana,25,Customer Support,Customer Success Associate,Full-Time,Permanent,B1,0.9,0.8,99.5,1,22,15,68.18,68.1,73.59,72.6,75.03,59.47,71.16,79.68,1.1,50,80.97,74.39,Good,Training
E2968,Vikram Ranaut,33,Operations,Operations Manager,Part-Time,6 Months,B4,9.7,1.9,84.6,6,35,26,74.29,80.53,78.98,79.4,80.7,76.97,77.02,85.61,5.4,10,42.05,77.59,Good,Incentive
E2969,Mrityunjay Rai,48,Customer Support,Support Executive,Part-Time,12 Months,B5,15.4,1.7,94.8,8,53,39,73.58,74.5,72.99,72.34,79.73,66.44,76.09,73.65,19.9,20,67.32,75.64,Good,Training
E2970,Rudranath Bhandarkar,46,Customer Support,Support Analyst,Contract,6 Months,B4,14.1,9.4,96.2,5,23,19,82.61,84.72,84.83,88.18,86.05,76.14,82.33,92.85,8.1,15,67.39,85.21,Excellent,Incentive
E2971,Sudeeksha Agrawal,57,Customer Support,Customer Success Associate,Full-Time,Permanent,B5,15.5,6.7,93.7,9,36,20,55.56,68.39,59.03,63.46,79.86,65.24,61.76,64.76,14.4,25,74.41,67.63,Average,Training
E2972,Vishwanath Trivedi,38,AI & Data Science,Data Scientist,Full-Time,Permanent,B5,15.7,7.9,94.5,7,31,24,77.42,79.16,82.15,83.19,85.04,86.89,77.33,68.18,10.5,30,94.31,82.58,Excellent,Incentive
E2973,Shreyash Dubey,39,Finance,Financial Analyst,Contract,24 Months,B4,11.4,6.7,97.3,3,28,22,78.57,77.35,81.49,74.09,62.21,73.59,73.34,65.55,4.6,5,50.8,75.84,Good,Incentive
E2974,Uddhav Thackeray,37,Finance,Financial Analyst,Full-Time,Permanent,B3,7.7,4.7,97.4,7,28,23,82.14,83.41,82.44,75.32,76.27,70.94,80.65,84.86,2.3,50,85.89,81.98,Excellent,Incentive
E2975,Anubhuti Bhatnagar,56,Information Technology,Software Engineer,Contract,6 Months,B5,17.2,2.4,93.4,5,24,17,70.83,64.19,73.6,64.25,78.99,67.91,73.7,78.68,0.0,25,84.05,73.39,Good,Training
E2976,Shuchita Saha,37,AI & Data Science,ML Engineer,Full-Time,Permanent,B4,14.7,3.4,92.0,8,16,11,68.75,74.86,73.27,80.59,69.36,66.51,76.21,66.25,0.3,20,65.27,74.47,Good,Training
E2977,Yashwant Rastogi,26,Information Technology,System Administrator,Full-Time,Permanent,B1,1.2,1.1,94.3,7,41,30,73.17,65.08,67.74,67.85,76.25,53.45,70.88,63.99,9.5,50,95.98,72.35,Good,Training
E2978,Nirmala Didwania,57,Customer Support,Customer Success Associate,Full-Time,Permanent,B4,12.9,7.2,97.9,2,29,24,82.76,86.3,81.2,83.6,74.65,70.0,81.48,70.27,4.7,15,56.41,81.24,Excellent,Incentive
E2979,Hansika Dhumal,33,Information Technology,Software Engineer,Full-Time,Permanent,B2,3.3,2.5,90.2,2,28,21,75.0,74.13,72.75,71.66,75.31,61.22,71.46,70.55,10.1,30,90.91,75.29,Good,Training
E2980,Dhwani Dikshit,45,Finance,Accountant,Full-Time,Permanent,B4,11.0,4.1,87.0,7,23,14,60.87,62.39,67.21,69.96,79.16,71.96,63.6,66.97,2.4,15,52.39,68.43,Average,Training
E2981,Parvati Wahal,25,AI & Data Science,AI Engineer,Full-Time,Permanent,B2,2.6,0.1,93.5,4,28,22,78.57,80.49,83.26,86.83,87.17,65.53,79.43,77.46,6.4,15,65.44,81.83,Excellent,Incentive
E2982,Sheetalaprasad Rawal,48,Customer Support,Support Executive,Full-Time,Permanent,B5,19.7,0.8,94.7,7,60,46,76.67,74.02,73.4,76.09,87.06,89.54,76.44,79.27,22.7,30,75.56,79.24,Good,Training
E2983,Sudha Khemka,37,Sales,Business Development Executive,Contract,6 Months,B4,14.0,10.0,92.4,6,28,22,78.57,73.97,75.99,67.63,67.16,60.98,77.05,70.25,5.3,10,62.9,73.94,Good,Training
E2984,Rishabh Sethi,29,Information Technology,Cloud Engineer,Full-Time,Permanent,B2,2.3,0.4,68.1,12,34,22,64.71,61.02,62.3,70.01,76.16,58.1,62.44,61.6,7.4,40,80.36,66.26,Average,PIP
E2985,Shubhendu Kohli,42,Information Technology,System Administrator,Full-Time,Permanent,B3,7.7,5.1,94.5,8,33,24,72.73,78.46,79.36,69.62,79.09,67.59,79.6,84.6,4.4,10,41.93,76.07,Good,Training
E2986,Saurav Garg,54,AI & Data Science,Data Scientist,Part-Time,6 Months,B5,28.7,9.6,96.5,2,29,20,68.97,79.53,75.78,79.43,68.01,86.54,73.22,65.02,8.2,20,76.83,77.09,Good,Incentive
E2987,Smita Kamath,23,Sales,Business Development Executive,Full-Time,Permanent,B1,0.9,0.8,74.6,20,24,15,62.5,64.79,64.16,74.71,83.56,65.77,72.76,85.67,1.5,50,96.67,71.78,Good,Training
E2988,Kiara Umar,57,AI & Data Science,Data Scientist,Full-Time,Permanent,B5,16.7,9.3,91.1,8,31,23,74.19,66.3,72.67,69.58,73.05,82.7,74.0,84.75,0.6,40,99.76,75.89,Good,Training
E2989,Harsha Arora,47,Operations,Operations Executive,Part-Time,12 Months,B3,7.0,0.4,92.6,6,29,21,72.41,79.65,72.39,80.05,76.75,68.9,76.68,66.01,6.4,5,53.36,75.86,Good,Training
E2990,Kanti Atrey,41,Sales,Business Development Executive,Full-Time,Permanent,B5,15.9,11.9,91.0,3,30,19,63.33,72.54,63.97,74.67,66.34,75.24,68.85,64.56,6.2,10,59.96,70.34,Good,Training
E2991,Amogh Atrey,44,Customer Support,Customer Success Associate,Full-Time,Permanent,B5,16.9,8.4,96.7,1,31,23,74.19,72.06,77.53,73.28,71.66,78.09,77.71,88.68,3.7,50,90.42,78.14,Good,Incentive
E2992,Kalavati Maali,26,Finance,Financial Analyst,Part-Time,6 Months,B2,2.7,0.3,94.6,2,33,20,60.61,62.37,65.29,76.52,62.89,50.96,63.93,69.54,11.3,30,90.99,69.24,Average,Training
E2993,Ritesh Nair,40,AI & Data Science,Data Scientist,Contract,6 Months,B4,11.4,9.3,80.0,7,23,16,69.57,69.9,75.02,72.31,73.35,70.74,77.18,77.75,1.0,40,77.24,73.5,Good,Training
E2994,Manjesh Jha,40,Finance,Financial Analyst,Full-Time,Permanent,B4,14.4,7.1,86.9,13,25,17,68.0,67.85,67.76,72.62,63.27,64.46,65.73,60.19,2.7,25,73.48,69.64,Average,Training
E2995,Govardhan Bala,43,Information Technology,Cloud Engineer,Full-Time,Permanent,B4,13.0,8.1,84.8,15,22,17,77.27,84.59,80.86,76.38,71.63,72.94,79.12,79.06,0.0,20,68.96,78.51,Good,Incentive
E2996,Yashoda Dwivedi,51,Marketing,Marketing Analyst,Contract,24 Months,B5,15.9,3.3,97.3,3,23,20,86.96,91.22,81.86,74.17,70.78,69.42,78.76,72.42,5.2,20,78.45,81.89,Excellent,Incentive
E2997,Rashmi Dhoundial,43,Sales,Account Manager,Full-Time,Permanent,B4,9.9,7.4,92.1,3,23,17,73.91,74.49,73.18,80.64,65.98,65.05,76.25,67.15,7.6,15,49.06,74.02,Good,Training
E2998,Surendra Mondal,53,Operations,Operations Executive,Full-Time,Permanent,B4,10.5,3.7,88.5,8,23,18,78.26,80.75,81.42,86.81,72.67,63.74,83.39,87.09,0.0,30,84.51,81.14,Excellent,Incentive
E2999,Rupesh Pushkar,53,Operations,Process Analyst,Full-Time,Permanent,B5,19.3,9.1,97.2,5,23,12,52.17,55.48,53.13,56.83,71.53,78.5,61.78,75.69,1.9,25,65.01,63.56,Average,Training
E3000,Maruti Maken,24,Operations,Operations Manager,Full-Time,Permanent,B1,1.2,0.4,93.6,2,34,23,67.65,68.39,74.33,66.72,71.74,51.08,71.38,70.42,3.7,50,77.74,71.63,Good,Training
E3001,Somdatt Bind,36,Information Technology,Cloud Engineer,Full-Time,Permanent,B2,4.3,1.4,82.2,12,37,18,48.65,53.88,54.18,60.22,63.27,55.31,60.85,58.43,0.0,15,63.25,58.98,Needs Improvement,PIP
E3002,Priyamvada Bhargav,57,AI & Data Science,Data Scientist,Full-Time,Permanent,B5,18.9,11.5,92.4,5,19,15,78.95,79.98,82.39,76.11,81.77,84.76,81.34,77.33,0.0,40,85.85,81.5,Excellent,Incentive
E3003,Keshav Trivedi,42,Operations,Operations Manager,Part-Time,6 Months,B5,16.1,9.0,97.5,8,29,23,79.31,69.78,74.81,66.2,61.74,76.53,73.29,69.12,17.2,50,82.08,74.49,Good,Training
E3004,Sarthak Jethwani,41,Information Technology,Cloud Engineer,Full-Time,Permanent,B3,6.0,5.7,81.5,11,24,13,54.17,62.91,58.25,59.25,69.14,62.15,63.21,58.51,0.0,20,55.85,62.24,Average,Training
E3005,Bhagwat Bindra,40,Operations,Operations Executive,Full-Time,Permanent,B3,8.3,5.2,86.4,8,24,17,70.83,78.39,71.3,73.89,81.82,60.05,74.65,77.99,0.0,25,68.53,75.04,Good,Training
E3006,Urjita Kapoor,34,Human Resources,HR Executive,Full-Time,Permanent,B2,4.2,0.2,84.5,10,26,18,69.23,68.62,70.17,79.96,82.33,68.92,72.16,77.74,4.7,30,71.56,74.4,Good,Training
E3007,Yashika Lohia,36,Sales,Sales Executive,Full-Time,Permanent,B4,9.6,7.5,96.7,1,23,17,73.91,78.73,78.78,69.92,83.55,72.95,76.75,84.84,2.6,15,68.88,78.4,Good,Training
E3008,Harshita Ambedkar,57,Operations,Process Analyst,Full-Time,Permanent,B4,11.2,8.9,94.2,3,40,28,70.0,63.53,71.67,73.64,81.59,64.66,67.24,74.47,8.2,20,78.3,73.64,Good,Training
E3009,Rakshit Pandey,54,AI & Data Science,Data Scientist,Full-Time,Permanent,B5,27.2,20.6,92.7,10,30,17,56.67,55.66,55.08,57.92,61.45,68.2,62.64,61.02,3.5,25,72.01,62.41,Average,Training
E3010,Mahadevi Adarsh,39,Customer Support,Support Executive,Part-Time,6 Months,B5,16.4,6.2,87.9,8,38,21,55.26,60.16,63.66,68.03,74.19,72.1,63.45,64.6,8.4,40,89.08,67.74,Average,Training
E3011,Ranveer Kakkar,31,Information Technology,Cloud Engineer,Full-Time,Permanent,B3,5.4,1.1,93.0,8,20,14,70.0,74.57,73.79,66.66,71.53,57.2,71.09,72.15,4.4,5,47.83,71.62,Good,Training
E3012,Vidushi Bhati,40,Finance,Finance Executive,Full-Time,Permanent,B5,15.2,7.4,75.8,10,32,22,68.75,67.16,69.2,78.36,68.27,66.87,67.86,75.2,16.4,20,63.02,70.57,Good,Training
E3013,Roshan Vyas,51,Finance,Financial Analyst,Full-Time,Permanent,B5,25.1,23.3,80.5,10,22,14,63.64,68.32,71.65,80.57,74.82,72.33,69.11,73.09,0.0,15,61.64,71.97,Good,Training
E3014,Himani Soman,36,Marketing,Marketing Executive,Full-Time,Permanent,B4,12.7,9.0,92.9,6,36,27,75.0,73.32,73.1,65.65,80.32,69.05,68.91,63.66,8.8,15,63.5,73.64,Good,Training
E3015,Shaguun Bhadauria,28,Customer Support,Support Executive,Full-Time,Permanent,B2,2.2,0.3,91.2,6,44,29,65.91,61.62,66.61,67.84,81.82,53.35,67.83,71.26,9.7,25,71.98,69.82,Average,Training
E3016,Nirbhay Hatwal,51,Operations,Operations Manager,Full-Time,Permanent,B5,22.6,1.4,90.8,9,34,23,67.65,68.3,67.27,70.7,75.63,76.2,74.23,82.49,6.0,50,95.37,74.15,Good,Training
E3017,Manjesh Singhi,26,Information Technology,DevOps Engineer,Full-Time,Permanent,B1,1.4,0.4,97.5,3,16,11,68.75,71.71,72.93,72.75,76.92,62.97,68.07,65.78,3.9,20,78.84,74.15,Good,Training
E3018,Prasoon Khaitan,38,Operations,Operations Executive,Contract,6 Months,B4,11.6,2.4,87.8,7,36,21,58.33,69.84,65.94,76.48,69.51,76.8,68.94,72.61,19.4,15,64.62,70.47,Good,Training
E3019,Ameya Shekhawat,25,AI & Data Science,ML Engineer,Full-Time,Permanent,B2,2.8,1.2,96.0,0,33,25,75.76,71.88,78.95,84.14,81.44,62.13,74.98,66.12,1.1,25,64.3,77.73,Good,Incentive
E3020,Prakash Raina,40,AI & Data Science,Data Analyst,Full-Time,Permanent,B4,10.0,10.0,96.9,6,45,29,64.44,73.52,72.01,77.63,73.24,65.55,70.56,76.12,17.0,40,93.64,75.45,Good,Training
E3021,Vaibhav Thakkar,42,Finance,Accountant,Full-Time,Permanent,B4,12.1,3.9,97.9,8,36,24,66.67,63.12,71.01,62.82,72.2,62.56,67.47,77.14,10.4,40,95.09,71.67,Good,Training
E3022,Meena Govil,47,Information Technology,Software Engineer,Part-Time,6 Months,B3,8.3,4.1,90.2,9,19,12,63.16,74.67,71.36,75.94,83.5,68.58,73.71,84.63,0.0,30,94.57,76.21,Good,Training
E3023,Jayesh Yadav,35,Finance,Financial Analyst,Full-Time,Permanent,B4,9.1,5.8,85.5,7,35,25,71.43,64.28,68.31,69.26,65.26,63.71,71.51,82.27,12.5,20,74.94,70.69,Good,Training
E3024,Nagendra Bala,36,Finance,Finance Executive,Full-Time,Permanent,B3,8.7,7.3,91.3,6,39,26,66.67,73.61,66.77,73.65,79.73,68.21,70.76,68.97,14.9,25,83.61,73.79,Good,Training
E3025,Anirudh Ambani,30,Operations,Operations Executive,Full-Time,Permanent,B2,2.2,0.4,93.1,4,41,29,70.73,76.67,72.38,69.83,85.53,54.57,71.6,78.02,11.6,15,48.75,73.95,Good,Training
E3026,Gagan Gaur,27,Information Technology,DevOps Engineer,Full-Time,Permanent,B2,4.6,2.5,87.4,13,33,26,78.79,73.09,72.36,69.54,63.87,50.54,74.18,69.62,8.5,25,64.63,72.14,Good,Training
E3027,Ratnesh Prasad,53,AI & Data Science,ML Engineer,Part-Time,12 Months,B5,29.9,14.2,92.2,9,15,11,73.33,73.53,70.24,76.04,76.15,86.81,71.52,84.82,0.1,10,40.57,74.99,Good,Training
E3028,Kashyap Bhasin,54,Operations,Operations Manager,Full-Time,Permanent,B5,17.4,4.9,84.5,5,15,9,60.0,68.45,63.5,61.14,61.56,67.82,64.87,58.98,0.6,50,82.68,66.29,Average,Training
E3029,Shakumbhari Balyan,25,Operations,Operations Executive,Full-Time,Permanent,B2,2.4,1.6,92.6,5,45,36,80.0,86.1,82.39,74.95,71.61,54.91,82.06,82.94,16.1,25,71.77,79.52,Good,Incentive
E3030,Shweta Mohanty,34,Sales,Sales Executive,Full-Time,Permanent,B2,4.7,3.3,94.3,4,23,15,65.22,66.43,71.82,79.03,74.91,62.99,72.24,89.02,0.0,5,51.29,73.07,Good,Training
E3031,Shuchi Piramal,48,AI & Data Science,Data Scientist,Full-Time,Permanent,B5,17.3,16.6,88.5,6,18,13,72.22,76.74,71.17,80.3,75.23,69.64,76.45,79.97,0.0,10,57.68,75.62,Good,Training
E3032,Adyashankar Tandon,52,Information Technology,System Administrator,Full-Time,Permanent,B5,18.1,9.3,85.1,8,23,18,78.26,75.99,74.14,76.55,80.73,79.7,72.47,67.38,0.0,20,69.41,76.77,Good,Training
E3033,Samanata Bind,24,Customer Support,Support Executive,Full-Time,Permanent,B1,0.7,0.2,85.2,11,41,21,51.22,54.92,53.78,57.32,64.53,42.03,59.48,63.37,7.6,25,77.82,59.69,Needs Improvement,PIP
E3034,Arun Srivastava,26,Marketing,Marketing Executive,Full-Time,Permanent,B1,1.2,0.2,87.3,13,19,14,73.68,69.8,68.7,78.37,71.68,51.16,66.28,64.83,0.0,10,53.05,71.25,Good,Training
E3035,Kalyani Jhunjhunwala,35,Sales,Sales Executive,Part-Time,6 Months,B3,6.6,1.1,94.7,8,44,28,63.64,67.19,70.43,73.22,77.33,64.26,71.16,65.11,13.2,25,81.89,72.5,Good,Training
E3036,Rupali Rathi,57,AI & Data Science,Data Scientist,Contract,6 Months,B4,10.9,0.2,97.4,5,35,23,65.71,68.05,65.51,67.62,81.68,74.65,74.26,84.15,5.5,20,66.53,72.92,Good,Training
E3037,Roopa Tripathi,31,Customer Support,Customer Success Associate,Full-Time,Permanent,B3,8.5,7.6,86.0,12,21,18,85.71,84.07,87.06,88.32,78.01,72.03,84.74,77.28,10.1,5,40.53,81.9,Excellent,Incentive
E3038,Manu Dixit,53,Operations,Process Analyst,Full-Time,Permanent,B5,20.6,8.9,88.2,8,37,25,67.57,64.5,64.0,67.43,75.57,71.92,68.84,68.52,10.6,15,63.8,69.56,Average,Training
E3039,Vibha Purohit,24,Human Resources,HR Analyst,Contract,6 Months,B1,0.7,0.3,71.2,22,27,18,66.67,63.96,72.11,69.5,84.25,56.04,70.14,81.39,7.7,5,46.67,69.09,Average,PIP
E3040,Ayushi Giri,35,Human Resources,HR Analyst,Full-Time,Permanent,B3,5.5,0.9,96.3,5,26,17,65.38,65.82,68.78,78.02,77.1,65.76,69.52,86.4,0.0,15,68.82,73.56,Good,Training
E3041,Digvijay Nishad,32,Human Resources,HR Executive,Full-Time,Permanent,B4,9.5,0.5,90.1,6,21,13,61.9,68.71,67.86,71.11,74.12,71.92,68.07,63.19,6.1,15,56.3,69.83,Average,Training
E3042,Mukul Atlani,47,Information Technology,Software Engineer,Full-Time,Permanent,B5,24.8,6.1,85.3,6,38,24,63.16,66.8,62.17,62.59,60.86,79.31,64.22,70.02,5.1,20,75.25,67.26,Average,Training
E3043,Ambar Dhoundial,52,Marketing,Digital Marketing Specialist,Contract,12 Months,B5,24.8,4.7,94.7,9,37,31,83.78,84.03,78.45,79.66,66.71,79.39,78.75,64.63,12.8,25,82.08,80.27,Excellent,Incentive
E3044,Naina Athawale,28,Information Technology,Software Engineer,Full-Time,Permanent,B2,2.5,0.6,80.9,10,16,10,62.5,68.89,71.88,66.78,64.95,56.96,73.65,65.35,0.0,30,84.16,69.1,Average,Training
E3045,Upendra Mazumdar,25,Marketing,Marketing Executive,Full-Time,Permanent,B1,1.8,0.9,85.9,10,38,18,47.37,57.47,54.69,69.55,72.12,60.62,62.94,60.27,5.4,30,71.7,62.94,Average,Training
E3046,Vikrant Atrey,48,Information Technology,Software Engineer,Full-Time,Permanent,B4,11.8,3.6,97.8,7,21,15,71.43,64.85,68.99,68.16,67.12,66.64,65.77,71.08,0.0,30,83.26,71.84,Good,Training
E3047,Ravi Tyagi,46,Marketing,Marketing Analyst,Full-Time,Permanent,B3,8.5,2.5,92.2,5,21,15,71.43,75.05,72.96,78.96,70.9,56.89,72.97,77.57,0.0,15,47.72,73.83,Good,Training
E3048,Nandita Rao,34,Customer Support,Customer Success Associate,Full-Time,Permanent,B2,3.9,1.9,90.1,7,34,24,70.59,73.53,75.95,74.1,71.56,62.88,72.59,63.96,7.5,10,45.7,72.55,Good,Training
E3049,Sonakshi Seth,24,Customer Support,Support Executive,Full-Time,Permanent,B1,0.6,0.3,81.2,6,32,23,71.88,68.08,73.15,72.67,84.34,49.01,72.01,77.24,12.8,5,52.37,71.95,Good,Training
E3050,Bipin Vyas,56,AI & Data Science,Data Scientist,Contract,24 Months,B5,17.2,8.7,91.3,5,27,20,74.07,75.56,74.86,77.9,87.59,76.78,77.67,79.16,0.0,20,64.09,78.13,Good,Training
E3051,Anvesha Kapoor,43,Marketing,Marketing Analyst,Full-Time,Permanent,B5,18.0,3.8,90.3,2,30,20,66.67,73.53,71.57,78.33,70.39,74.6,74.68,67.79,4.0,20,71.69,74.02,Good,Training
E3052,Pratigya Bind,44,Operations,Operations Manager,Part-Time,6 Months,B5,15.6,2.1,93.0,3,29,22,75.86,82.05,81.28,81.96,80.52,73.81,84.91,89.03,3.9,20,67.04,81.26,Excellent,Incentive
E3053,Jyotiraditya Chawla,52,Information Technology,DevOps Engineer,Full-Time,Permanent,B5,17.0,15.9,91.9,3,21,17,80.95,83.36,81.09,74.09,81.73,77.24,76.45,76.69,0.0,50,75.31,80.57,Excellent,Incentive
E3054,Sonia Rout,52,Finance,Financial Analyst,Full-Time,Permanent,B5,24.4,22.8,97.8,5,30,22,73.33,75.98,73.54,71.34,61.03,72.96,73.86,67.24,8.3,20,68.72,74.15,Good,Training
E3055,Nishant Raj,31,Information Technology,System Administrator,Contract,6 Months,B2,3.0,2.0,83.2,5,32,24,75.0,72.72,77.48,66.84,82.01,49.32,76.0,77.7,2.2,15,51.41,73.05,Good,Training
E3056,Vaishnavi Soni,47,Sales,Sales Executive,Contract,12 Months,B5,23.1,0.2,88.4,9,36,24,66.67,78.01,67.79,65.44,62.51,71.91,72.54,68.51,10.6,15,65.56,70.7,Good,Training
E3057,Uddhav Modi,33,Operations,Process Analyst,Full-Time,Permanent,B4,10.1,3.3,73.0,15,32,18,56.25,64.67,60.71,64.51,57.61,62.87,66.05,61.81,7.0,20,71.32,63.08,Average,PIP
E3058,Manoj Javdekar,30,AI & Data Science,Data Analyst,Contract,12 Months,B3,7.3,5.6,84.7,14,25,16,64.0,67.1,68.05,72.28,65.19,62.5,68.56,66.08,2.0,20,58.52,68.49,Average,Training
E3059,Nandkishor Negi,49,Human Resources,HR Executive,Full-Time,Permanent,B4,12.4,10.5,74.0,23,35,27,77.14,81.73,81.76,79.65,68.8,68.88,80.8,73.6,4.2,20,55.17,76.24,Good,Incentive
E3060,Bahadur Mehra,48,Information Technology,Software Engineer,Contract,24 Months,B5,24.8,17.4,90.3,6,29,21,72.41,71.67,77.29,72.15,72.55,70.23,77.11,85.03,0.0,25,84.59,76.16,Good,Incentive
E3061,Sudhir Khajuria,41,AI & Data Science,Data Analyst,Full-Time,Permanent,B4,9.1,0.8,97.0,4,37,27,72.97,67.25,74.08,64.24,71.39,54.72,75.05,77.94,0.0,20,58.47,71.93,Good,Training
E3062,Anupam Shekhawat,51,Information Technology,DevOps Engineer,Contract,24 Months,B5,26.4,12.8,96.3,5,19,14,73.68,79.79,76.15,73.91,68.57,72.97,73.16,68.95,0.0,25,77.49,76.65,Good,Incentive
E3063,Apoorva Mohanty,55,Information Technology,DevOps Engineer,Full-Time,Permanent,B5,17.2,7.5,88.4,6,21,15,71.43,77.8,77.52,85.4,85.88,87.72,75.3,77.32,0.0,25,62.57,79.4,Good,Incentive
E3064,Badal Malik,41,Operations,Operations Executive,Full-Time,Permanent,B5,17.5,0.1,85.7,15,42,30,71.43,66.34,70.38,71.58,82.11,80.4,75.38,79.41,8.2,30,70.76,74.04,Good,Training
E3065,Vandana Lalwani,38,Human Resources,Talent Acquisition Specialist,Full-Time,Permanent,B4,14.0,4.0,97.6,6,44,30,68.18,72.03,72.48,73.17,74.94,66.17,71.36,79.18,8.9,25,74.26,74.68,Good,Training
E3066,Harika Bhati,48,AI & Data Science,ML Engineer,Full-Time,Permanent,B5,23.5,15.5,81.5,15,15,12,80.0,83.73,77.97,81.8,67.3,88.3,77.01,74.43,0.0,30,88.45,79.81,Good,Incentive
E3067,Shivaji Anand,30,Marketing,Marketing Executive,Contract,24 Months,B2,2.3,2.0,84.3,10,25,19,76.0,79.18,79.05,82.43,78.7,51.4,75.39,81.46,12.6,15,52.51,76.84,Good,Incentive
E3068,Ahilya Gaitonde,50,Human Resources,Talent Acquisition Specialist,Full-Time,Permanent,B5,25.5,3.2,90.2,10,39,31,79.49,73.24,78.61,78.98,83.84,90.94,79.73,89.12,4.7,25,82.63,81.07,Excellent,Incentive
E3069,Santoshi Kamble,48,AI & Data Science,ML Engineer,Full-Time,Permanent,B4,9.4,6.1,65.4,11,17,9,52.94,61.4,64.91,63.57,69.31,58.17,65.84,66.68,5.6,40,77.15,63.29,Average,PIP
E3070,Geeta Raje,37,Operations,Process Analyst,Full-Time,Permanent,B4,14.0,11.1,97.2,3,24,15,62.5,67.33,63.72,75.4,64.42,61.68,65.67,65.93,0.0,20,58.77,69.11,Average,Training
E3071,Ramnik Atlani,55,Human Resources,HR Executive,Contract,6 Months,B4,11.3,6.0,92.5,7,20,14,70.0,79.65,75.88,84.22,74.58,72.92,80.05,75.7,0.9,25,74.8,78.34,Good,Incentive
E3072,Prasoon Mahajan,55,Information Technology,Software Engineer,Full-Time,Permanent,B5,28.9,24.9,96.3,2,28,21,75.0,70.13,77.45,70.47,63.07,69.24,70.99,76.04,7.8,20,62.71,73.84,Good,Training
E3073,Javitri Purohit,52,Marketing,Digital Marketing Specialist,Full-Time,Permanent,B5,27.2,15.0,99.3,6,27,17,62.96,71.37,73.31,78.48,69.87,82.99,74.82,67.13,4.0,10,52.82,73.72,Good,Training
E3074,Kaushalya Wahal,35,Operations,Operations Executive,Full-Time,Permanent,B2,4.6,0.9,83.7,9,45,22,48.89,51.98,51.71,67.21,81.21,61.12,61.47,65.49,11.6,30,78.73,62.8,Average,Training
E3075,Ayush Bind,48,Information Technology,Software Engineer,Full-Time,Permanent,B5,24.8,11.0,93.7,5,27,20,74.07,78.0,76.32,74.67,74.01,87.9,72.16,68.25,4.0,15,56.34,76.46,Good,Incentive
E3076,Anvesha Shastry,24,Finance,Accountant,Contract,12 Months,B1,0.6,0.4,96.1,2,31,19,61.29,71.86,70.23,74.12,67.35,50.99,72.12,78.4,5.4,20,74.88,71.79,Good,Training
E3077,Gyanendra Maali,46,Sales,Sales Executive,Full-Time,Permanent,B3,8.6,5.9,74.9,23,35,21,60.0,64.72,65.74,75.75,77.02,71.27,65.3,74.88,3.6,20,71.54,69.27,Average,PIP
E3078,Lalbahadur Jalan,30,Operations,Operations Manager,Full-Time,Permanent,B2,2.5,0.8,96.4,7,31,22,70.97,80.66,73.3,72.23,59.56,61.31,70.34,62.17,1.5,25,72.12,73.47,Good,Training
E3079,Yashvi Puri,39,Marketing,Marketing Executive,Full-Time,Permanent,B5,16.1,10.3,88.8,11,18,13,72.22,66.47,69.19,74.64,78.99,75.18,68.3,76.06,0.0,25,64.37,73.35,Good,Training
E3080,Shubh Soman,51,AI & Data Science,Data Scientist,Full-Time,Permanent,B5,17.7,12.8,91.9,3,34,26,76.47,76.51,78.79,74.82,68.19,70.06,74.07,71.68,6.5,10,60.13,75.79,Good,Incentive
E3081,Pranita Khattar,36,AI & Data Science,Data Scientist,Full-Time,Permanent,B3,8.2,1.6,91.2,8,23,17,73.91,66.93,75.72,66.1,77.89,62.99,74.8,72.39,0.7,20,58.49,72.74,Good,Training
E3082,Prem Khajuria,28,Customer Support,Support Executive,Full-Time,Permanent,B2,4.3,2.0,96.7,6,56,41,73.21,80.31,71.62,71.23,73.44,50.65,77.8,69.36,17.8,50,94.69,76.09,Good,Training
E3083,Sohan Ganguly,34,AI & Data Science,Data Scientist,Contract,6 Months,B3,6.5,3.5,66.3,16,16,9,56.25,55.87,56.81,67.36,64.72,64.07,66.3,74.25,7.0,20,77.33,62.64,Average,PIP
E3084,Lipi Pandit,44,Customer Support,Support Analyst,Full-Time,Permanent,B5,21.3,3.0,94.1,6,28,17,60.71,64.64,63.83,59.7,69.98,70.4,67.22,65.08,5.2,10,53.56,66.55,Average,Training
E3085,Tulika Tendulkar,29,Sales,Account Manager,Full-Time,Permanent,B2,4.5,1.0,81.1,9,18,14,77.78,78.7,73.37,82.34,71.77,62.35,76.76,78.02,1.6,25,76.48,76.8,Good,Training
E3086,Parthivi Valmiki,47,Finance,Finance Executive,Full-Time,Permanent,B5,19.3,13.5,93.0,7,27,19,70.37,72.59,75.15,78.49,81.67,82.85,78.28,76.39,9.0,20,58.58,76.76,Good,Incentive
E3087,Awantika Khatri,32,Marketing,Digital Marketing Specialist,Full-Time,Permanent,B3,8.6,6.4,99.9,8,15,10,66.67,63.02,65.36,61.43,61.8,67.13,65.94,58.48,1.3,10,40.12,66.23,Average,Training
E3088,Govardhan Agnihotri,31,Finance,Financial Analyst,Part-Time,12 Months,B3,6.5,5.0,93.5,5,26,21,80.77,72.35,80.24,80.39,86.83,69.55,76.52,75.95,0.0,20,79.28,80.16,Excellent,Incentive
E3089,Chandrabhan Maali,24,AI & Data Science,Data Scientist,Contract,24 Months,B1,0.6,0.4,93.1,8,18,11,61.11,58.87,67.63,68.7,78.64,51.52,68.95,84.2,3.5,25,68.44,69.28,Average,Training
E3090,Mahavir Kannaujiya,56,Sales,Sales Executive,Full-Time,Permanent,B4,14.6,10.2,93.6,2,22,15,68.18,74.96,76.83,75.31,62.84,64.71,76.21,64.97,2.8,10,51.6,72.81,Good,Training
E3091,Lav Pujari,56,Information Technology,Software Engineer,Full-Time,Permanent,B5,25.8,2.5,91.1,10,33,26,78.79,70.96,74.79,69.07,78.48,80.87,70.96,67.4,3.0,20,59.63,74.94,Good,Training
E3092,Niladri Bandopadhyay,25,AI & Data Science,Data Scientist,Full-Time,Permanent,B2,3.0,2.2,97.9,3,33,28,84.85,72.95,82.18,73.46,74.54,52.82,81.2,80.5,9.2,25,66.86,78.33,Good,Incentive
E3093,Maruti Arora,28,Operations,Process Analyst,Full-Time,Permanent,B3,5.0,3.8,92.1,5,22,16,72.73,69.78,71.73,67.93,73.02,52.72,74.47,82.58,1.7,25,71.08,72.88,Good,Training
E3094,Purva Runthla,41,Operations,Process Analyst,Full-Time,Permanent,B4,9.5,2.3,91.7,9,24,20,83.33,77.76,84.32,84.2,82.34,65.44,76.52,75.93,4.1,25,68.0,81.14,Excellent,Incentive
E3095,Chirag Govil,31,AI & Data Science,ML Engineer,Full-Time,Permanent,B2,4.2,1.0,66.2,17,22,15,68.18,71.93,69.21,67.09,68.99,50.23,75.26,84.87,0.0,5,36.86,67.34,Average,PIP
E3096,Janmejay Menon,27,Sales,Business Development Executive,Full-Time,Permanent,B2,2.7,0.9,96.1,0,44,27,61.36,58.39,62.71,73.16,78.07,61.02,69.52,79.82,19.1,15,61.47,69.35,Average,Training
E3097,Atulanand Kayasth,52,Operations,Operations Executive,Full-Time,Permanent,B4,10.8,7.3,91.6,4,33,24,72.73,73.26,70.49,78.87,80.85,77.92,75.11,88.31,11.6,20,79.7,77.6,Good,Training
E3098,Umakant Puri,23,Human Resources,HR Analyst,Full-Time,Permanent,B1,0.3,0.1,96.6,2,18,12,66.67,70.24,74.54,77.6,79.94,51.44,72.81,75.84,6.0,40,87.63,75.4,Good,Training
E3099,Jatin Bindra,51,Customer Support,Customer Success Associate,Full-Time,Permanent,B5,28.3,8.5,94.6,7,33,21,63.64,65.97,61.96,66.76,81.96,73.18,68.69,81.68,11.0,15,70.03,71.08,Good,Training
E3100,Vibhuti Mohapatra,35,Sales,Account Manager,Part-Time,12 Months,B2,4.4,3.6,97.3,0,38,28,73.68,71.21,68.1,62.94,78.87,55.16,69.36,81.57,7.9,30,83.94,73.51,Good,Training
E3101,Mudrika Ojha,38,Information Technology,System Administrator,Full-Time,Permanent,B4,9.0,4.1,97.7,5,38,22,57.89,59.41,64.47,70.93,83.7,59.13,70.64,82.16,8.6,20,59.63,69.62,Average,Training
E3102,Hema Hajariya,57,Sales,Business Development Executive,Full-Time,Permanent,B5,31.3,22.2,94.4,6,33,24,72.73,82.13,72.37,76.3,81.92,79.27,78.85,72.69,2.9,10,49.9,77.2,Good,Training
E3103,Nitish Rout,33,Marketing,Digital Marketing Specialist,Full-Time,Permanent,B2,4.9,2.6,92.8,6,18,12,66.67,72.98,74.68,67.83,79.15,57.33,75.51,80.43,6.1,5,49.64,72.66,Good,Training
E3104,Madhavrao Nair,51,Information Technology,DevOps Engineer,Contract,6 Months,B5,21.7,3.3,80.1,7,39,28,71.79,80.86,78.15,83.82,74.35,84.89,79.66,81.24,17.8,25,76.06,78.73,Good,Incentive
E3105,Rajyawardhan Govil,37,Information Technology,System Administrator,Full-Time,Permanent,B4,10.3,4.6,93.7,2,44,32,72.73,72.4,71.9,68.72,83.9,67.1,73.73,76.95,7.1,30,86.83,75.85,Good,Training
E3106,Vicky Srivastava,38,Information Technology,System Administrator,Full-Time,Permanent,B4,10.1,2.7,96.3,3,48,31,64.58,75.59,67.79,80.68,90.56,68.39,73.57,86.65,6.1,10,51.51,75.99,Good,Training
E3107,Priyamvada Roy,54,Sales,Account Manager,Full-Time,Permanent,B4,9.6,9.2,75.9,19,34,23,67.65,78.05,74.2,72.11,72.05,59.9,79.93,77.82,6.5,25,78.54,73.41,Good,Training
E3108,Amrish Rai,24,AI & Data Science,Data Analyst,Full-Time,Permanent,B1,1.5,1.2,96.6,1,31,24,77.42,74.7,72.07,82.32,72.33,50.04,79.77,87.91,15.3,25,84.42,77.98,Good,Training
E3109,Lokendra Parmar,24,Customer Support,Support Analyst,Full-Time,Permanent,B1,1.8,0.5,99.1,8,44,32,72.73,80.89,80.75,75.06,64.74,60.4,77.9,70.51,14.7,50,90.55,77.77,Good,Incentive
E3110,Shivaji Munda,48,Marketing,Marketing Executive,Full-Time,Permanent,B5,24.4,19.7,87.9,12,20,9,45.0,58.49,55.97,58.82,72.42,71.98,58.42,57.66,5.1,25,78.05,62.08,Average,Training
E3111,Ayush Kanetkar,36,Human Resources,HR Analyst,Full-Time,Permanent,B3,6.2,4.9,88.8,13,32,21,65.62,61.7,66.01,66.28,75.11,65.13,65.2,64.22,11.2,30,88.76,69.5,Average,Training
E3112,Dhrupad Ambedkar,23,Operations,Process Analyst,Full-Time,Permanent,B1,0.4,0.2,91.8,3,26,21,80.77,71.63,78.88,74.28,77.86,63.84,72.07,73.48,0.0,25,82.91,77.41,Good,Incentive
E3113,Meera Mazumdar,48,Information Technology,Cloud Engineer,Full-Time,Permanent,B4,11.7,7.3,84.5,9,26,14,53.85,58.15,59.45,66.31,78.05,67.8,60.66,72.03,0.0,40,91.86,66.54,Average,Training
E3114,Himansh Mehta,45,Marketing,Marketing Analyst,Full-Time,Permanent,B3,6.3,0.4,97.0,5,36,29,80.56,82.82,80.97,78.62,68.28,57.84,81.7,81.45,3.7,20,64.1,79.23,Good,Incentive
E3115,Nitika Bhasin,23,AI & Data Science,Data Analyst,Contract,12 Months,B1,0.9,0.1,90.5,4,32,23,71.88,68.63,66.66,76.19,69.69,63.74,66.41,66.67,13.3,20,72.5,71.99,Good,Training
E3116,Dhyanendra More,28,Operations,Operations Executive,Full-Time,Permanent,B2,2.8,2.3,96.4,6,22,16,72.73,79.25,76.65,76.17,79.68,54.47,80.25,84.18,15.2,15,63.57,77.45,Good,Incentive
E3117,Amarendra Kaushik,50,Operations,Process Analyst,Full-Time,Permanent,B4,13.6,3.6,90.3,8,44,27,61.36,67.16,65.96,64.81,75.77,74.95,69.2,76.66,18.3,30,86.19,70.85,Good,Training
E3118,Vinod Verma,25,AI & Data Science,Data Analyst,Full-Time,Permanent,B2,2.4,2.1,94.6,4,43,28,65.12,73.71,70.6,80.37,77.16,52.73,76.71,84.47,18.2,20,68.65,74.77,Good,Training
E3119,Diwakar Bind,34,AI & Data Science,ML Engineer,Full-Time,Permanent,B3,7.9,6.7,93.8,3,28,22,78.57,83.69,76.17,69.07,78.45,56.48,79.95,65.94,1.6,20,66.6,76.8,Good,Training
E3120,Devesh Bharati,44,Marketing,Digital Marketing Specialist,Full-Time,Permanent,B4,13.4,9.1,91.3,9,26,14,53.85,61.27,56.49,55.85,74.18,70.58,62.4,63.27,3.2,30,93.24,65.14,Average,Training
E3121,Kamala Damani,27,Human Resources,HR Executive,Full-Time,Permanent,B2,3.5,2.2,92.8,9,25,19,76.0,70.24,71.49,72.11,84.81,54.61,73.8,77.2,0.0,25,76.85,75.36,Good,Training
E3122,Gautam Scindia,33,AI & Data Science,AI Engineer,Full-Time,Permanent,B4,10.9,0.4,88.4,13,18,14,77.78,77.95,72.84,69.67,73.25,64.15,76.19,75.12,6.7,25,84.51,75.9,Good,Training
E3123,Narayan Bhatnagar,49,Operations,Operations Executive,Full-Time,Permanent,B5,24.0,8.2,93.4,8,35,28,80.0,80.59,79.46,73.1,84.92,85.77,80.72,80.25,13.7,10,50.19,79.65,Good,Incentive
E3124,Anugya Maken,46,Information Technology,Software Engineer,Full-Time,Permanent,B5,21.5,5.4,83.4,8,31,16,51.61,60.07,63.24,71.2,68.87,76.61,71.68,82.84,10.3,40,97.11,68.56,Average,Training
E3125,Ratnesh Maali,52,Finance,Financial Analyst,Part-Time,6 Months,B5,20.5,10.4,96.9,7,16,12,75.0,77.39,72.96,75.47,81.4,76.81,75.31,79.44,0.0,10,40.48,76.56,Good,Training
E3126,Ujjwala Shaw,50,AI & Data Science,Data Scientist,Full-Time,Permanent,B5,24.8,21.4,93.2,10,35,25,71.43,75.04,75.18,69.64,69.22,70.43,76.77,78.2,14.9,25,68.9,74.65,Good,Training
E3127,Deepak Gautam,33,Information Technology,Software Engineer,Full-Time,Permanent,B3,8.5,8.1,67.5,15,35,24,68.57,65.79,67.12,74.45,75.36,69.67,67.65,64.11,2.8,15,70.61,69.28,Average,PIP
E3128,Sarthak Chaurasiya,24,Marketing,Marketing Analyst,Full-Time,Permanent,B1,0.8,0.6,93.9,2,39,27,69.23,73.36,67.37,68.38,78.04,55.06,66.28,62.08,7.3,25,76.32,71.93,Good,Training
E3129,Havisha Jadhav,49,Information Technology,Software Engineer,Full-Time,Permanent,B5,21.8,16.1,80.0,10,28,14,50.0,58.87,60.63,61.03,67.82,83.29,60.14,55.11,7.0,20,70.82,62.83,Average,Training
E3130,Chandani Hajariya,43,Marketing,Marketing Executive,Full-Time,Permanent,B5,17.0,7.0,82.7,11,17,12,70.59,74.89,69.87,72.09,75.2,73.41,72.69,66.18,3.1,25,72.1,73.12,Good,Training
E3131,Durga Trivedi,43,AI & Data Science,ML Engineer,Contract,12 Months,B4,12.6,8.4,94.6,7,21,15,71.43,69.96,70.39,70.91,64.9,75.28,71.81,61.71,0.0,20,63.97,71.99,Good,Training
E3132,Om Rathod,42,Human Resources,HR Executive,Full-Time,Permanent,B5,16.4,2.0,78.6,12,35,21,60.0,71.2,68.24,66.78,77.7,77.64,67.26,60.68,6.3,25,72.0,69.44,Average,Training
E3133,Shatakshi Khandelwal,24,Sales,Sales Executive,Full-Time,Permanent,B1,1.7,0.8,97.9,2,46,32,69.57,64.02,68.78,68.24,79.75,62.45,65.69,71.9,10.1,30,71.68,71.94,Good,Training
E3134,Brajesh Bakshi,48,Customer Support,Support Executive,Contract,12 Months,B5,23.6,23.4,96.9,8,31,23,74.19,82.78,75.53,84.1,86.25,81.82,77.63,88.22,3.9,10,52.31,80.8,Excellent,Incentive
E3135,Himanshu Mahajan,25,Sales,Business Development Executive,Contract,12 Months,B1,1.2,0.9,80.3,11,46,29,63.04,71.81,64.08,75.97,63.24,52.81,70.01,67.27,20.0,40,81.96,69.19,Average,Training
E3136,Bhargav Patel,27,AI & Data Science,AI Engineer,Full-Time,Permanent,B2,3.4,0.5,91.1,5,19,11,57.89,57.7,56.54,67.44,67.52,61.12,56.69,60.27,3.8,40,76.83,64.54,Average,Training
E3137,Sheetala Thackeray,34,Sales,Sales Executive,Full-Time,Permanent,B3,7.4,1.8,92.1,9,31,21,67.74,62.71,66.74,63.55,84.43,71.89,67.33,79.2,0.0,15,55.04,70.44,Good,Training
E3138,Avijit Sethi,57,Customer Support,Support Executive,Contract,24 Months,B5,17.1,0.0,96.0,3,38,28,73.68,79.85,78.72,84.25,65.47,75.26,78.34,65.32,3.4,20,57.8,77.46,Good,Incentive
E3139,Nishant Gujral,27,Finance,Accountant,Full-Time,Permanent,B2,3.9,3.4,67.2,15,29,16,55.17,66.0,64.05,63.76,75.61,56.02,63.76,57.32,0.0,30,93.02,65.13,Average,PIP
E3140,Shailesh Mehra,35,Finance,Accountant,Full-Time,Permanent,B3,6.5,3.3,97.4,2,35,30,85.71,80.92,82.82,86.67,71.8,59.23,81.42,78.15,9.1,30,72.08,81.88,Excellent,Incentive
E3141,Sharad Pratap,25,Human Resources,HR Executive,Full-Time,Permanent,B2,2.6,1.6,84.3,6,34,22,64.71,63.08,62.38,66.34,74.49,48.73,67.37,83.83,0.0,20,60.1,67.36,Average,Training
E3142,Deepshikha Acharya,42,Information Technology,Software Engineer,Full-Time,Permanent,B5,19.5,8.3,96.7,8,23,17,73.91,71.05,71.1,74.82,76.48,75.39,75.04,82.74,0.0,20,73.99,76.31,Good,Training
E3143,Yukta Dutta,46,AI & Data Science,Data Scientist,Contract,6 Months,B5,23.9,14.6,84.3,7,26,16,61.54,69.35,69.28,74.35,71.45,81.88,66.7,70.42,0.8,40,85.05,71.96,Good,Training
E3144,Mandavi Khattar,55,Human Resources,HR Executive,Contract,6 Months,B4,14.1,5.1,94.0,10,16,13,81.25,82.1,82.15,84.02,81.14,73.26,82.52,76.38,0.0,50,87.09,82.9,Excellent,Incentive
E3145,Jatashankar Deshmukh,42,Customer Support,Support Executive,Full-Time,Permanent,B4,9.1,6.6,80.3,5,52,34,65.38,77.08,73.61,76.76,73.96,71.37,76.36,67.85,9.1,10,55.08,72.88,Good,Training
E3146,Prerna Thakkar,34,Information Technology,DevOps Engineer,Full-Time,Permanent,B4,10.3,2.0,74.2,13,28,19,67.86,67.39,68.31,62.41,68.19,55.95,65.95,64.18,7.7,20,71.65,67.02,Average,PIP
E3147,Gagandeep Ahuja,47,Finance,Finance Executive,Full-Time,Permanent,B3,7.3,1.4,75.2,20,36,26,72.22,70.83,73.82,66.64,82.53,64.71,76.17,73.87,12.2,15,62.64,72.17,Good,Training
E3148,Palak Chakraborty,54,AI & Data Science,ML Engineer,Full-Time,Permanent,B5,27.3,17.6,81.5,8,20,12,60.0,67.79,61.56,62.1,75.02,70.07,65.98,63.65,1.6,25,67.57,66.73,Average,Training
E3149,Kaushal Khattar,31,Marketing,Marketing Executive,Full-Time,Permanent,B3,5.6,2.4,94.5,9,35,29,82.86,75.97,78.84,79.48,76.82,67.21,72.54,69.46,12.6,20,71.01,78.72,Good,Incentive
E3150,Arjun Goel,45,Human Resources,HR Executive,Full-Time,Permanent,B4,11.6,11.5,85.7,8,22,18,81.82,76.82,81.47,78.26,63.77,60.08,73.49,69.38,0.0,30,87.08,77.2,Good,Incentive
E3151,Monu Khattar,35,Operations,Operations Executive,Full-Time,Permanent,B4,10.1,3.3,91.6,5,27,15,55.56,70.36,68.92,64.36,81.5,64.13,75.38,83.28,2.3,25,84.96,71.58,Good,Training
E3152,Vineeta Bhat,54,Customer Support,Customer Success Associate,Full-Time,Permanent,B5,27.5,4.6,96.5,3,28,19,67.86,73.2,67.41,70.34,68.6,83.35,70.93,82.4,0.0,10,62.23,73.28,Good,Training
E3153,Abhay Supriyo,27,Marketing,Digital Marketing Specialist,Full-Time,Permanent,B2,3.5,2.6,75.0,20,17,12,70.59,78.2,69.83,78.61,78.8,67.06,72.73,76.75,7.2,25,71.3,74.36,Good,Training
E3154,Avantika Sawant,32,Human Resources,Talent Acquisition Specialist,Full-Time,Permanent,B4,9.8,9.3,93.8,9,22,13,59.09,59.6,66.34,62.82,65.78,63.21,67.04,81.02,1.6,30,72.68,67.33,Average,Training
E3155,Sudeeksha Bhawsar,40,AI & Data Science,Data Analyst,Contract,6 Months,B4,14.8,13.1,91.4,4,39,24,61.54,63.29,59.86,57.77,58.65,56.7,61.47,57.46,2.3,5,33.1,61.81,Average,Training
E3156,Janhvi Didwania,48,AI & Data Science,Data Analyst,Full-Time,Permanent,B4,13.5,8.0,78.8,10,33,26,78.79,81.07,76.06,79.35,67.51,70.85,73.86,65.77,6.3,20,61.14,75.5,Good,Incentive
E3157,Priyanka Chandra,38,Marketing,Marketing Executive,Full-Time,Permanent,B3,6.8,0.2,94.8,8,39,29,74.36,69.85,75.63,68.48,73.46,63.24,74.41,63.52,1.0,25,64.72,73.37,Good,Training
E3158,Rajesh Bhati,48,Operations,Operations Executive,Full-Time,Permanent,B5,21.6,13.3,87.2,8,22,14,63.64,73.5,64.65,65.84,71.0,77.76,67.67,71.41,1.8,25,68.52,70.23,Good,Training
E3159,Ramnik Yaduvanshi,45,Finance,Accountant,Contract,6 Months,B5,15.0,4.2,97.4,8,44,29,65.91,73.93,74.36,72.15,75.5,67.18,75.58,78.92,11.0,30,71.22,74.89,Good,Training
E3160,Gopi Dadhich,37,Information Technology,Cloud Engineer,Part-Time,12 Months,B4,11.7,10.1,92.8,8,23,16,69.57,72.18,71.34,64.63,66.26,58.21,73.97,81.85,3.1,15,56.68,71.1,Good,Training
E3161,Umakant Dixit,47,Marketing,Marketing Executive,Part-Time,12 Months,B5,17.8,0.2,90.3,10,37,28,75.68,67.48,71.93,64.36,67.57,76.18,73.68,67.39,10.3,25,73.32,72.23,Good,Training
E3162,Giriraj Pawar,45,Human Resources,HR Executive,Full-Time,Permanent,B5,17.1,2.2,96.5,5,17,12,70.59,80.46,71.25,71.02,70.46,81.93,77.38,78.44,0.0,20,77.22,76.44,Good,Training
E3163,Kaveri Nayak,39,AI & Data Science,Data Scientist,Full-Time,Permanent,B3,5.0,3.5,82.6,15,15,11,73.33,72.55,75.35,71.16,64.85,51.83,71.28,77.1,0.0,25,63.08,71.77,Good,Training
E3164,Himanshi Damani,51,AI & Data Science,AI Engineer,Full-Time,Permanent,B5,26.6,3.9,88.5,15,31,22,70.97,70.58,72.85,75.26,64.15,82.57,73.17,74.91,1.3,30,72.47,73.87,Good,Training
E3165,Sulabha Gujral,41,Marketing,Marketing Executive,Contract,12 Months,B3,8.5,5.9,89.0,7,19,12,63.16,69.03,72.5,64.79,64.33,65.85,70.79,79.26,0.0,15,66.83,69.89,Average,Training
E3166,Palak Shorey,35,Marketing,Digital Marketing Specialist,Full-Time,Permanent,B2,4.6,3.7,92.0,7,28,18,64.29,71.88,68.21,69.24,79.75,58.16,69.6,66.45,0.0,20,71.04,71.48,Good,Training
E3167,Namrata Guha,55,Sales,Account Manager,Contract,6 Months,B5,27.3,16.9,90.7,10,18,11,61.11,66.5,65.21,76.45,71.91,80.17,66.72,65.13,1.7,20,74.37,70.97,Good,Training
E3168,Dipu Kharwar,40,Sales,Sales Executive,Full-Time,Permanent,B4,9.0,5.9,92.0,2,35,24,68.57,74.18,68.15,75.54,68.55,67.95,70.23,77.34,6.6,30,70.72,73.33,Good,Training
E3169,Kashika Mazumdar,54,Human Resources,HR Analyst,Full-Time,Permanent,B5,23.4,21.6,83.1,6,19,13,68.42,66.18,72.14,67.9,68.85,69.22,70.78,77.69,5.3,15,66.92,70.62,Good,Training
E3170,Vishnu Ram,39,Information Technology,System Administrator,Full-Time,Permanent,B3,5.0,2.6,94.7,4,21,12,57.14,60.74,57.57,60.11,68.24,52.39,68.45,75.38,8.3,30,86.44,65.76,Average,Training
E3171,Ambar Deshmukh,28,Information Technology,Software Engineer,Full-Time,Permanent,B2,3.1,2.7,96.3,0,28,19,67.86,61.8,66.99,72.47,72.44,57.1,63.88,61.06,6.0,10,62.1,69.45,Average,Training
E3172,Samar Maurya,56,Information Technology,Software Engineer,Full-Time,Permanent,B5,33.7,32.1,94.8,4,39,29,74.36,77.9,71.52,77.41,64.79,72.24,73.01,73.75,27.0,25,62.83,75.23,Good,Training
E3173,Hanuman Talwar,26,Sales,Account Manager,Full-Time,Permanent,B2,3.5,2.0,94.5,4,29,16,55.17,66.93,64.68,70.17,61.1,49.2,63.59,63.38,7.0,25,74.75,66.65,Average,Training
E3174,Tara Puri,46,Sales,Sales Executive,Full-Time,Permanent,B4,13.2,11.2,91.2,10,37,21,56.76,71.07,63.14,72.23,70.86,61.05,71.75,75.66,0.0,20,64.68,69.34,Average,Training
E3175,Ahilya Adarsh,49,Human Resources,HR Executive,Part-Time,12 Months,B5,23.4,14.2,94.0,10,30,20,66.67,77.71,75.3,68.34,83.8,78.24,75.55,78.76,1.8,15,71.24,76.17,Good,Training
E3176,Gyanendra Dutt,52,Customer Support,Customer Success Associate,Full-Time,Permanent,B5,25.3,8.1,94.4,5,48,36,75.0,80.27,79.3,79.21,80.5,81.43,77.43,63.7,27.0,5,33.5,77.36,Good,Incentive
E3177,Shriram Prakash,38,Marketing,Marketing Executive,Full-Time,Permanent,B4,10.2,7.3,84.2,12,16,10,62.5,71.78,65.82,76.59,81.61,72.85,69.72,76.24,0.0,25,69.77,72.51,Good,Training
E3178,Niladri Raina,57,Sales,Sales Executive,Full-Time,Permanent,B5,16.2,9.0,88.9,9,21,14,66.67,75.13,71.33,76.38,67.65,70.22,74.97,63.8,4.0,15,66.55,72.86,Good,Training
E3179,Rajyawardhan Shah,34,Sales,Business Development Executive,Part-Time,12 Months,B3,6.1,2.4,91.2,2,47,35,74.47,72.61,69.93,72.0,75.99,57.91,74.66,76.0,11.4,10,49.92,72.99,Good,Training
E3180,Kedar Prajapati,43,Customer Support,Customer Success Associate,Part-Time,12 Months,B3,5.7,4.5,80.0,9,36,18,50.0,57.51,57.3,69.88,61.81,65.87,60.29,68.36,7.5,40,88.91,63.56,Average,Training
E3181,Umashankar Pushkar,39,Information Technology,Software Engineer,Full-Time,Permanent,B3,7.8,5.6,90.6,8,32,25,78.12,74.39,71.42,81.61,81.01,69.19,76.01,88.64,8.1,25,79.29,78.65,Good,Training
E3182,Urshita Saxena,28,AI & Data Science,AI Engineer,Full-Time,Permanent,B1,1.6,0.7,82.1,7,19,13,68.42,73.93,68.76,74.53,65.86,49.62,69.01,64.44,5.2,25,87.04,71.15,Good,Training
E3183,Bhagirathi Pawar,42,Marketing,Marketing Analyst,Full-Time,Permanent,B4,14.8,14.1,97.3,8,29,20,68.97,64.98,67.87,67.92,82.65,71.95,70.16,81.85,12.5,20,77.84,73.55,Good,Training
E3184,Nitisha Ambani,31,Operations,Process Analyst,Full-Time,Permanent,B3,8.7,1.8,90.0,2,32,21,65.62,72.46,67.02,73.22,74.77,74.06,69.54,70.96,3.0,20,78.55,72.88,Good,Training
E3185,Sudheer Chandravanshi,25,Operations,Process Analyst,Full-Time,Permanent,B1,0.9,0.6,94.6,2,20,15,75.0,70.06,69.04,75.23,63.07,48.24,70.54,68.33,4.7,15,56.33,71.34,Good,Training
E3186,Chandrashekhar Patnaik,55,Sales,Sales Executive,Full-Time,Permanent,B5,15.7,8.5,92.8,4,30,20,66.67,66.58,63.99,75.76,89.19,76.35,70.64,84.33,5.1,15,71.47,74.29,Good,Training
E3187,Shivani Garg,28,AI & Data Science,ML Engineer,Contract,6 Months,B3,5.0,2.4,94.8,8,34,21,61.76,63.86,66.81,64.24,65.73,59.59,68.97,79.37,8.5,25,63.79,68.14,Average,Training
E3188,Hari Srivatsa,37,Customer Support,Support Executive,Full-Time,Permanent,B4,11.4,8.1,78.0,20,60,39,65.0,69.8,64.48,73.8,69.91,62.04,72.9,78.86,17.1,20,74.72,70.18,Good,Training
E3189,Trisha Parekh,36,Information Technology,Software Engineer,Full-Time,Permanent,B4,10.1,1.6,83.6,14,25,16,64.0,61.59,68.0,63.98,81.89,68.34,66.46,77.4,7.8,25,76.31,69.61,Average,Training
E3190,Aarohi Shrivastava,29,Sales,Sales Executive,Full-Time,Permanent,B2,3.5,0.1,86.6,15,31,22,70.97,78.48,74.02,78.04,81.03,53.61,72.93,70.18,4.6,10,46.98,74.17,Good,Training
E3191,Anil Seth,53,Operations,Process Analyst,Full-Time,Permanent,B5,20.7,18.2,97.8,3,39,30,76.92,82.31,79.48,74.55,74.0,80.22,78.6,79.63,14.4,15,68.3,79.51,Good,Incentive
E3192,Baldev Holkar,53,Customer Support,Support Analyst,Part-Time,12 Months,B4,12.8,7.3,93.0,7,33,25,75.76,77.28,72.36,82.86,80.45,69.26,79.03,88.76,12.1,25,83.04,79.59,Good,Training
E3193,Pramad Jadhav,54,Human Resources,Talent Acquisition Specialist,Full-Time,Permanent,B5,16.3,10.6,92.4,5,34,27,79.41,74.07,77.08,82.57,69.99,76.85,74.09,66.94,9.8,25,76.07,77.91,Good,Incentive
E3194,Hansini Sinha,46,Marketing,Marketing Executive,Contract,12 Months,B5,20.5,19.0,90.8,9,21,11,52.38,68.63,67.44,62.02,74.47,84.62,67.25,60.8,0.0,30,93.27,69.39,Average,Training
E3195,Maheshwari Deewan,49,Operations,Operations Executive,Full-Time,Permanent,B5,20.6,5.2,97.6,1,33,25,75.76,71.61,77.11,83.5,82.83,86.4,77.41,76.45,5.4,40,80.72,80.29,Excellent,Incentive
E3196,Malini Munda,54,Finance,Financial Analyst,Contract,6 Months,B3,8.5,6.0,94.8,3,24,21,87.5,81.39,80.46,85.66,85.3,64.8,83.43,80.51,2.6,15,70.38,83.22,Excellent,Incentive
E3197,Gunjan Chandra,40,Information Technology,Software Engineer,Full-Time,Permanent,B4,12.6,1.0,94.6,9,33,20,60.61,62.39,67.58,65.36,62.04,72.0,67.86,74.95,12.3,40,76.9,68.64,Average,Training
E3198,Chandrakala Pawar,31,Marketing,Digital Marketing Specialist,Full-Time,Permanent,B3,5.9,3.5,97.9,3,42,30,71.43,73.78,76.17,73.57,66.31,56.08,68.75,61.6,18.1,50,93.81,74.68,Good,Training
E3199,Amogh Bedi,30,AI & Data Science,ML Engineer,Full-Time,Permanent,B3,7.4,0.9,87.6,13,22,17,77.27,84.67,81.71,74.14,80.06,71.32,79.67,85.64,3.4,25,73.72,79.95,Good,Incentive
E3200,Sanatan Bedi,44,Customer Support,Customer Success Associate,Full-Time,Permanent,B4,9.9,0.7,92.1,5,35,29,82.86,71.61,74.97,79.84,80.35,69.78,73.08,80.86,2.0,20,56.11,77.63,Good,Training
E3201,Ashok Gujral,50,Information Technology,Cloud Engineer,Contract,24 Months,B5,25.4,21.8,86.7,10,23,21,91.3,82.36,82.72,80.63,66.53,82.55,82.25,75.48,1.0,20,78.44,81.81,Excellent,Incentive
E3202,Mansi Negi,33,AI & Data Science,Data Scientist,Contract,24 Months,B2,4.3,2.7,91.1,2,19,12,63.16,59.43,63.4,67.29,63.31,50.72,69.38,78.95,0.0,25,70.92,66.93,Average,Training
E3203,Kartikeya Chaurasiya,52,Information Technology,Cloud Engineer,Full-Time,Permanent,B5,26.0,11.6,81.3,8,19,14,73.68,71.99,69.21,63.75,62.7,74.92,69.1,72.4,0.3,5,35.71,68.8,Average,Training
E3204,Vedika Mohapatra,34,AI & Data Science,Data Analyst,Full-Time,Permanent,B3,8.6,7.1,90.9,8,29,20,68.97,73.58,71.77,73.2,67.68,60.67,70.64,73.21,0.0,20,63.26,72.38,Good,Training
E3205,Rakhi Didwania,37,Customer Support,Support Executive,Full-Time,Permanent,B2,4.9,4.3,91.8,6,32,20,62.5,69.73,69.83,67.25,71.9,57.14,68.23,65.54,10.0,30,85.22,70.57,Good,Training
E3206,Santanika Sardana,48,Marketing,Digital Marketing Specialist,Part-Time,12 Months,B3,7.9,6.9,84.8,12,42,30,71.43,64.94,65.01,64.45,74.45,67.45,65.41,77.87,6.4,10,40.99,68.39,Average,Training
E3207,Jeetendra Khaitan,42,Human Resources,HR Executive,Full-Time,Permanent,B5,17.9,5.7,87.9,8,26,21,80.77,80.84,83.88,82.21,75.34,84.05,84.89,85.02,8.3,20,66.41,81.5,Excellent,Incentive
E3208,Prafull Rajawat,26,Marketing,Digital Marketing Specialist,Full-Time,Permanent,B2,2.5,0.9,97.8,1,42,30,71.43,69.31,69.59,75.22,76.28,51.8,65.67,60.8,12.0,5,37.3,71.02,Good,Training
E3209,Tanu Chawla,45,AI & Data Science,Data Scientist,Full-Time,Permanent,B5,21.8,3.9,85.6,9,19,11,57.89,66.29,59.59,71.08,66.22,78.32,64.01,70.59,0.0,20,72.24,67.67,Average,Training
E3210,Pragya Sahani,33,AI & Data Science,Data Scientist,Full-Time,Permanent,B2,3.7,1.0,67.9,17,18,11,61.11,61.55,60.99,63.96,73.56,59.88,59.76,56.67,0.0,30,86.99,64.45,Average,PIP
E3211,Niranjan Oberoi,24,Human Resources,HR Analyst,Full-Time,Permanent,B1,1.2,1.2,94.7,10,28,23,82.14,77.17,75.3,71.01,60.73,50.18,69.79,61.03,5.2,30,75.38,74.21,Good,Training
E3212,Vividha Ghoshal,51,Human Resources,HR Analyst,Full-Time,Permanent,B5,23.2,6.8,91.9,7,27,22,81.48,81.34,77.38,85.19,83.12,76.22,78.94,69.43,4.0,40,79.07,81.49,Excellent,Incentive
E3213,Vishnukant Dwivedi,40,Customer Support,Support Executive,Full-Time,Permanent,B3,5.6,4.7,94.2,9,32,26,81.25,78.3,77.33,76.69,77.29,61.51,75.27,71.2,7.5,20,72.86,78.23,Good,Incentive
E3214,Swati Poddar,36,AI & Data Science,Data Analyst,Full-Time,Permanent,B3,6.5,6.2,97.8,5,39,29,74.36,75.07,72.67,74.66,81.97,69.38,69.65,66.63,10.9,50,94.59,77.5,Good,Training
E3215,Vignesh Chandra,57,Finance,Accountant,Full-Time,Permanent,B5,33.1,10.7,90.2,9,23,10,43.48,57.98,59.42,70.65,66.82,69.96,64.19,82.57,5.8,20,56.38,64.09,Average,Training
E3216,Janhvi Bedi,33,Information Technology,Software Engineer,Full-Time,Permanent,B3,8.0,4.6,87.3,11,25,17,68.0,63.44,70.37,65.98,71.05,60.0,65.48,63.17,0.2,20,77.57,69.31,Average,Training
E3217,Atishay Chandrachud,34,AI & Data Science,Data Analyst,Full-Time,Permanent,B4,10.4,8.5,90.9,4,24,19,79.17,76.66,81.96,77.03,69.33,60.85,78.98,72.81,11.9,30,81.85,77.97,Good,Incentive
E3218,Riddhi Ghoshal,36,Information Technology,Cloud Engineer,Full-Time,Permanent,B4,13.8,13.0,90.9,9,26,18,69.23,71.09,68.03,78.6,70.57,65.12,72.11,61.55,9.1,25,69.19,72.59,Good,Training
E3219,Adhya Rai,33,Customer Support,Support Executive,Part-Time,12 Months,B3,7.0,6.7,84.2,6,55,43,78.18,81.0,82.28,76.16,75.05,57.72,83.39,79.29,17.3,20,62.93,77.73,Good,Incentive
E3220,Swapnil Mantri,43,Finance,Finance Executive,Part-Time,12 Months,B5,18.4,2.7,91.4,2,35,23,65.71,61.14,67.17,61.75,58.96,63.71,68.05,59.71,17.4,40,87.25,67.34,Average,Training
E3221,Bhavika Kamath,37,Sales,Business Development Executive,Full-Time,Permanent,B4,14.9,7.0,92.6,7,24,20,83.33,73.73,80.17,80.74,74.1,69.99,77.5,67.25,2.2,10,56.97,77.95,Good,Incentive
E3222,Anubhav Joshi,44,Marketing,Digital Marketing Specialist,Full-Time,Permanent,B3,6.4,5.8,92.9,9,28,20,71.43,72.51,75.0,70.11,72.35,66.92,74.32,78.9,2.3,25,84.35,75.11,Good,Incentive
E3223,Rachana Naik,54,Sales,Sales Executive,Full-Time,Permanent,B4,14.5,8.9,92.0,7,27,21,77.78,76.84,77.49,85.02,67.84,72.45,78.77,72.31,0.0,40,86.12,79.04,Good,Incentive
E3224,Narad Goswami,35,Human Resources,HR Executive,Full-Time,Permanent,B4,10.0,8.3,99.9,1,17,11,64.71,62.21,70.42,77.89,76.49,59.7,73.5,76.26,0.0,15,55.65,72.18,Good,Training
E3225,Priya Singhal,50,Finance,Accountant,Full-Time,Permanent,B4,14.7,14.3,94.2,10,25,18,72.0,71.9,74.55,70.59,69.02,68.3,73.05,82.52,7.5,5,32.91,72.52,Good,Training
E3226,Atishay Kamat,31,Operations,Operations Executive,Full-Time,Permanent,B3,8.7,1.5,94.4,3,36,28,77.78,71.28,70.6,68.06,69.11,70.7,72.98,78.14,2.9,15,57.82,73.49,Good,Training
E3227,Rachana Meena,57,AI & Data Science,Data Scientist,Part-Time,12 Months,B5,33.4,15.8,91.0,4,16,14,87.5,74.8,76.51,81.95,85.3,82.37,77.67,81.87,4.3,25,74.24,81.55,Excellent,Incentive
E3228,Vasundhara Rao,40,Information Technology,Cloud Engineer,Full-Time,Permanent,B5,15.8,2.5,84.6,9,36,29,80.56,76.4,77.32,81.56,78.65,77.16,74.27,69.25,5.2,20,69.58,78.21,Good,Incentive
E3229,Ishan Pal,39,Finance,Financial Analyst,Full-Time,Permanent,B4,9.8,1.9,93.8,2,24,15,62.5,66.39,64.59,73.32,65.65,59.03,72.41,82.24,0.0,20,67.95,70.05,Good,Training
E3230,Sajjan Bahl,56,Operations,Operations Executive,Full-Time,Permanent,B5,32.1,17.6,91.0,6,38,23,60.53,67.62,63.61,69.01,80.78,78.77,67.39,81.18,14.8,25,73.82,71.35,Good,Training
E3231,Jyotiraditya Sahu,36,Customer Support,Customer Success Associate,Full-Time,Permanent,B2,3.5,0.1,96.6,6,49,36,73.47,69.75,72.75,74.56,70.85,56.96,70.39,63.44,19.0,30,73.72,73.55,Good,Training
E3232,Tarika Khaitan,34,Human Resources,Talent Acquisition Specialist,Full-Time,Permanent,B4,9.2,8.9,84.7,13,25,19,76.0,80.44,80.67,80.45,76.46,70.59,75.0,70.68,1.8,30,92.89,79.21,Good,Incentive
E3233,Vineet Mathur,24,Marketing,Marketing Executive,Full-Time,Permanent,B1,0.8,0.4,93.7,10,23,15,65.22,62.47,70.98,77.39,69.93,54.74,74.94,86.0,0.3,30,93.43,73.23,Good,Training
E3234,Ramprasad Lalwani,51,Sales,Business Development Executive,Full-Time,Permanent,B4,12.2,9.4,94.0,8,43,33,76.74,73.32,70.82,68.7,85.72,68.91,74.23,83.62,10.4,25,80.33,76.76,Good,Training
E3235,Aniruddh Poddar,29,Sales,Sales Executive,Full-Time,Permanent,B3,5.9,1.0,90.9,7,37,29,78.38,82.16,82.95,71.42,74.87,53.25,85.26,83.93,8.6,20,63.25,78.1,Good,Incentive
E3236,Marutanjali Lakhotia,36,AI & Data Science,ML Engineer,Full-Time,Permanent,B3,6.2,3.9,97.6,6,31,28,90.32,82.34,83.28,75.92,82.21,60.81,80.69,83.94,13.7,25,68.67,82.47,Excellent,Incentive
E3237,Jayanti Menon,39,Human Resources,HR Executive,Full-Time,Permanent,B5,16.4,10.9,91.4,7,21,19,90.48,77.52,85.12,86.66,87.11,77.67,78.98,76.47,0.0,15,68.11,83.88,Excellent,Incentive
E3238,Abhinav Paswan,28,AI & Data Science,Data Analyst,Full-Time,Permanent,B2,2.6,2.1,87.8,5,27,20,74.07,73.72,71.0,79.51,79.06,59.54,72.94,83.84,0.0,25,72.07,75.85,Good,Training
E3239,Anirudh Gandhi,28,Information Technology,Cloud Engineer,Full-Time,Permanent,B2,2.6,1.3,94.1,8,21,17,80.95,81.01,77.59,70.61,62.76,59.49,74.29,63.98,2.5,20,57.96,75.0,Good,Incentive
E3240,Yashoda Gupta,46,Information Technology,Cloud Engineer,Full-Time,Permanent,B5,21.4,13.0,84.7,13,25,16,64.0,65.24,63.35,72.69,72.3,82.48,65.5,58.41,6.4,25,72.37,69.43,Average,Training
E3241,Sameet Dadlani,46,Marketing,Marketing Executive,Part-Time,6 Months,B4,12.1,11.7,94.4,9,20,16,80.0,85.95,85.05,75.35,65.73,63.42,82.43,75.89,0.0,25,80.16,80.06,Excellent,Incentive
E3242,Vallabh Mohapatra,37,Information Technology,Software Engineer,Full-Time,Permanent,B2,4.9,1.1,80.7,14,37,23,62.16,73.21,72.74,78.16,84.19,57.07,73.69,70.07,14.4,20,55.24,72.23,Good,Training
E3243,Shubhendu Jha,46,Customer Support,Support Executive,Full-Time,Permanent,B5,21.6,1.5,92.6,5,51,39,76.47,82.86,82.19,78.3,73.47,71.99,85.91,87.24,17.2,15,48.65,79.27,Good,Incentive
E3244,Pallavi Parekh,34,Marketing,Marketing Executive,Full-Time,Permanent,B3,8.1,4.1,87.4,11,30,23,76.67,69.41,78.67,76.78,87.16,71.98,76.76,78.38,3.8,10,51.69,76.63,Good,Incentive
E3245,Adhya Sagar,50,Customer Support,Support Executive,Part-Time,6 Months,B4,11.6,9.4,97.3,5,50,36,72.0,65.16,67.38,71.83,79.38,77.02,69.6,63.55,15.9,20,77.9,73.53,Good,Training
E3246,Sunanda Javdekar,29,AI & Data Science,ML Engineer,Full-Time,Permanent,B2,3.0,0.2,93.6,9,34,25,73.53,73.29,77.09,83.87,82.7,62.37,80.83,88.87,2.8,10,52.8,78.04,Good,Incentive
E3247,Rashi Umrao,56,Sales,Sales Executive,Part-Time,6 Months,B5,19.6,4.3,86.7,14,38,26,68.42,73.58,74.64,68.99,63.37,72.12,69.26,63.28,4.9,10,60.78,71.12,Good,Training
E3248,Vidushi Basu,57,Marketing,Marketing Executive,Full-Time,Permanent,B5,33.3,32.0,91.1,3,21,13,61.9,66.9,63.26,76.19,80.39,76.0,69.41,86.36,12.6,25,81.68,73.06,Good,Training
E3249,Shashikala Goel,50,Sales,Sales Executive,Contract,6 Months,B5,16.8,3.1,97.8,1,47,35,74.47,66.02,73.12,79.65,69.87,71.83,70.45,86.21,13.1,25,74.2,75.89,Good,Training
E3250,Arpita Phogat,36,AI & Data Science,AI Engineer,Full-Time,Permanent,B4,9.9,2.7,97.0,1,18,14,77.78,73.38,75.81,67.39,82.88,60.85,75.74,84.35,2.6,30,76.34,77.01,Good,Training
E3251,Triveni Basu,46,Information Technology,Software Engineer,Full-Time,Permanent,B4,13.5,5.7,86.0,10,15,9,60.0,67.09,64.16,68.59,71.06,69.72,66.72,79.94,0.0,10,45.57,67.78,Average,Training
E3252,Girish Pandey,30,Information Technology,Software Engineer,Full-Time,Permanent,B3,6.4,4.1,96.4,6,22,18,81.82,75.54,80.37,82.99,82.72,60.29,74.1,68.92,0.0,20,77.39,80.06,Excellent,Incentive
E3253,Hanuman Patel,27,Information Technology,DevOps Engineer,Full-Time,Permanent,B2,4.6,4.5,97.9,0,32,27,84.38,80.67,77.56,73.1,68.16,59.11,77.93,61.57,13.6,25,71.38,77.46,Good,Incentive
E3254,Tanisha Sahani,56,Sales,Account Manager,Full-Time,Permanent,B5,24.5,16.4,92.3,7,17,14,82.35,79.64,79.77,78.05,83.73,76.09,76.64,82.41,0.0,10,55.9,80.13,Excellent,Incentive
E3255,Shakumbhari Saha,48,Information Technology,Software Engineer,Full-Time,Permanent,B3,6.6,0.5,97.2,3,32,26,81.25,73.5,81.78,72.75,67.23,64.0,75.47,78.11,4.2,50,84.24,77.93,Good,Incentive
E3256,Deepa Soni,56,Marketing,Marketing Analyst,Full-Time,Permanent,B5,18.2,10.4,94.7,6,39,29,74.36,76.54,70.44,71.66,82.85,74.84,75.63,70.68,14.1,10,51.58,75.34,Good,Training
E3257,Nikita Sethi,50,Customer Support,Support Executive,Full-Time,Permanent,B5,17.6,16.5,88.9,7,59,38,64.41,64.04,64.37,65.0,64.88,68.81,70.88,84.0,22.8,25,84.3,69.45,Average,Training
E3258,Jayesh Goel,50,Customer Support,Customer Success Associate,Full-Time,Permanent,B5,27.8,0.3,78.9,23,36,28,77.78,85.41,80.67,79.58,71.42,88.44,80.59,79.95,14.1,15,70.26,79.51,Good,Incentive
E3259,Ritika Saini,26,AI & Data Science,Data Analyst,Part-Time,6 Months,B2,3.5,2.0,97.0,2,42,35,83.33,80.42,81.28,80.33,83.78,57.42,77.54,76.32,14.0,20,77.18,81.3,Excellent,Incentive
E3260,Nidhi Kaul,47,AI & Data Science,AI Engineer,Full-Time,Permanent,B3,7.8,1.0,96.8,5,29,21,72.41,74.95,74.29,71.43,63.74,52.78,70.36,68.99,1.3,20,62.71,72.76,Good,Training
E3261,Triveni Gupta,50,Information Technology,Software Engineer,Full-Time,Permanent,B5,21.2,14.8,87.4,5,19,18,94.74,93.13,93.31,82.0,81.72,89.17,91.84,90.17,0.0,25,72.11,88.55,Excellent,Incentive
E3262,Anshul Keshari,53,Sales,Business Development Executive,Part-Time,6 Months,B5,16.4,1.0,93.9,7,34,25,73.53,69.31,69.12,65.02,61.07,76.89,66.01,64.25,9.2,40,82.15,71.51,Good,Training
E3263,Akriti Sood,42,Operations,Operations Executive,Full-Time,Permanent,B5,18.6,10.7,90.7,4,26,21,80.77,75.44,74.63,77.08,67.38,75.52,78.04,82.53,2.4,25,74.59,77.53,Good,Training
E3264,Nitya Runthla,33,Finance,Financial Analyst,Full-Time,Permanent,B3,8.7,5.8,91.5,6,30,22,73.33,77.37,70.87,72.08,74.87,68.94,69.1,66.12,9.5,15,53.57,73.57,Good,Training
E3265,Sugandha Chaurasiya,45,Finance,Finance Executive,Full-Time,Permanent,B3,5.9,5.5,81.1,14,24,13,54.17,63.89,64.11,73.09,62.28,59.66,69.35,65.24,2.2,20,65.72,65.63,Average,Training
E3266,Aparna Nahar,29,Customer Support,Support Executive,Full-Time,Permanent,B3,6.7,6.2,90.7,6,32,26,81.25,76.7,78.16,81.23,73.06,65.23,76.48,70.21,0.0,25,70.03,78.07,Good,Incentive
E3267,Kailash Lalwani,41,Information Technology,DevOps Engineer,Full-Time,Permanent,B4,9.3,5.5,91.0,9,20,13,65.0,59.94,69.06,72.47,82.57,58.54,70.15,78.63,0.0,30,70.06,71.2,Good,Training
E3268,Sahdev Kakkar,40,Marketing,Marketing Analyst,Full-Time,Permanent,B4,10.1,8.1,94.5,3,16,13,81.25,77.12,81.62,85.82,71.59,64.58,82.43,85.72,0.0,15,51.56,79.7,Good,Incentive
E3269,Rachit Mohanty,47,Sales,Sales Executive,Full-Time,Permanent,B5,19.8,5.1,83.9,10,32,20,62.5,58.78,60.07,64.55,60.15,68.02,65.37,64.23,7.1,15,62.09,64.28,Average,Training
E3270,Pratyusha Atlani,47,Customer Support,Support Executive,Full-Time,Permanent,B5,15.4,4.3,97.6,3,52,39,75.0,78.91,78.37,69.44,74.02,64.39,79.11,85.36,21.9,15,69.16,77.32,Good,Training
E3271,Vishwas Pandey,37,Human Resources,HR Executive,Full-Time,Permanent,B4,10.8,0.6,97.7,6,26,20,76.92,71.0,78.06,76.54,73.91,71.31,78.01,80.42,0.9,40,76.55,77.85,Good,Incentive
E3272,Arjun Dhanuka,32,Sales,Sales Executive,Full-Time,Permanent,B2,4.6,2.8,66.1,15,42,25,59.52,68.94,66.24,61.49,70.09,62.2,73.5,76.12,8.4,10,55.65,65.42,Average,PIP
E3273,Anita Guha,41,Marketing,Marketing Analyst,Full-Time,Permanent,B3,8.6,6.1,93.4,4,31,22,70.97,79.73,74.18,80.54,79.13,66.12,73.36,79.46,7.6,25,77.82,77.9,Good,Training
E3274,Puneet Rawat,43,Information Technology,System Administrator,Contract,6 Months,B5,16.9,10.4,86.7,7,46,30,65.22,69.35,72.6,79.47,70.39,81.87,69.76,66.14,17.8,30,88.29,74.01,Good,Training
E3275,Vijay Ambedkar,36,Finance,Finance Executive,Full-Time,Permanent,B3,8.3,1.5,85.5,5,32,24,75.0,73.15,69.55,80.88,71.19,64.22,75.68,77.75,8.3,30,77.4,75.21,Good,Training
E3276,Suyash Poddar,32,Customer Support,Support Executive,Full-Time,Permanent,B2,2.5,1.7,91.0,9,55,39,70.91,72.0,73.34,73.93,67.52,61.9,70.57,68.84,19.6,40,76.08,73.25,Good,Training
E3277,Laxmi Shukla,44,Finance,Accountant,Full-Time,Permanent,B5,17.0,11.7,86.3,6,45,34,75.56,69.22,72.11,68.92,74.96,70.0,68.61,68.07,3.4,5,56.43,72.15,Good,Training
E3278,Aaradhita Munda,40,Marketing,Marketing Executive,Full-Time,Permanent,B4,14.7,12.7,94.5,5,20,12,60.0,71.59,64.8,73.68,85.79,81.06,70.52,83.25,0.0,5,48.71,72.72,Good,Training
E3279,Soni Vishwakarma,24,Information Technology,DevOps Engineer,Full-Time,Permanent,B1,1.8,1.5,85.8,7,31,25,80.65,78.67,76.91,83.49,66.18,51.9,72.56,67.61,0.0,40,89.66,77.24,Good,Incentive
E3280,Manish Dwivedi,28,AI & Data Science,AI Engineer,Full-Time,Permanent,B2,3.0,2.3,94.7,10,26,22,84.62,86.33,85.7,75.79,74.87,62.32,85.72,79.59,4.3,25,63.25,81.37,Excellent,Incentive
E3281,Rakesh Atrey,51,Finance,Accountant,Part-Time,12 Months,B5,27.7,5.5,84.5,8,43,24,55.81,55.69,62.83,62.47,79.31,76.75,62.55,72.77,7.1,15,48.61,64.93,Average,Training
E3282,Sonal Baghel,24,Customer Support,Customer Success Associate,Full-Time,Permanent,B1,1.6,1.6,86.5,5,32,18,56.25,64.14,63.02,63.82,62.69,51.81,61.83,64.42,12.0,20,61.64,63.99,Average,Training
E3283,Sushant Bhaskar,24,Customer Support,Support Executive,Part-Time,12 Months,B1,0.9,0.3,93.2,8,55,40,72.73,78.63,77.15,74.61,73.52,63.52,76.37,78.02,16.4,30,71.32,76.6,Good,Incentive
E3284,Rajat Basu,32,Sales,Sales Executive,Full-Time,Permanent,B4,9.6,2.2,97.9,7,20,14,70.0,76.76,74.91,79.37,71.86,71.01,71.84,71.59,2.6,15,49.73,75.34,Good,Training
E3285,Sameeksha Ram,30,Sales,Business Development Executive,Full-Time,Permanent,B2,3.8,0.1,82.0,15,37,26,70.27,66.15,72.78,76.66,76.56,52.75,65.48,62.99,10.5,5,33.37,69.46,Average,Training
E3286,Adhya Bajaj,55,Sales,Sales Executive,Full-Time,Permanent,B5,16.1,11.1,97.3,8,23,15,65.22,60.49,67.86,72.02,73.75,75.3,72.08,84.08,3.1,20,62.29,71.63,Good,Training
E3287,Upasana Rawat,41,Human Resources,Talent Acquisition Specialist,Full-Time,Permanent,B4,11.8,6.6,94.2,10,28,20,71.43,70.18,71.69,66.33,62.39,57.36,67.53,68.61,9.3,20,69.62,70.76,Good,Training
E3288,Aradhya Vyas,23,Human Resources,HR Executive,Full-Time,Permanent,B1,0.3,0.2,92.2,7,26,17,65.38,74.57,72.16,72.76,82.07,48.85,76.99,83.65,2.9,15,57.07,73.49,Good,Training
E3289,Mamta Tripathi,55,AI & Data Science,Data Scientist,Full-Time,Permanent,B5,16.5,2.2,91.1,10,27,19,70.37,66.16,73.67,74.89,78.28,70.62,73.21,75.71,0.0,20,74.29,74.39,Good,Training
E3290,Nisha Kelkar,54,Human Resources,HR Executive,Full-Time,Permanent,B5,28.8,9.4,90.7,2,30,18,60.0,57.77,59.27,64.83,73.61,76.32,66.73,80.65,0.0,20,70.91,67.44,Average,Training
E3291,Nandan Raina,30,Information Technology,Software Engineer,Full-Time,Permanent,B2,3.6,0.4,97.8,4,28,16,57.14,66.77,65.55,69.92,70.71,56.33,63.53,59.44,7.3,30,76.64,68.55,Average,Training
E3292,Durga Raj,56,Human Resources,HR Executive,Full-Time,Permanent,B3,8.8,7.9,90.0,7,30,22,73.33,78.22,73.15,74.72,81.52,74.46,74.43,84.36,1.2,20,73.61,77.41,Good,Training
E3293,Deepmala Kakkar,45,Finance,Finance Executive,Full-Time,Permanent,B4,13.2,2.0,91.1,2,34,25,73.53,70.77,72.57,72.91,68.13,73.5,71.76,72.3,3.4,15,61.63,73.35,Good,Training
E3294,Khushboo Mishra,29,Operations,Process Analyst,Full-Time,Permanent,B1,1.8,0.0,81.8,13,27,16,59.26,71.12,68.76,76.1,69.0,62.19,65.22,60.33,5.4,40,86.16,70.06,Good,Training
E3295,Foolkumari Balyan,42,Customer Support,Customer Success Associate,Part-Time,12 Months,B3,8.3,0.3,96.9,3,28,19,67.86,63.14,64.19,63.8,77.47,71.62,67.85,74.54,4.3,25,69.9,70.48,Good,Training
E3296,Nandkishor Dadlani,25,Operations,Process Analyst,Full-Time,Permanent,B2,2.3,1.8,91.5,4,43,32,74.42,73.18,69.35,66.36,78.32,60.33,72.39,83.33,24.0,25,75.32,74.05,Good,Training
E3297,Vardhaman Dey,46,Marketing,Marketing Analyst,Full-Time,Permanent,B3,6.5,1.0,97.1,7,31,24,77.42,70.1,76.05,65.99,70.71,57.04,69.34,63.63,5.5,20,58.88,72.66,Good,Training
E3298,Shaloo Kadam,44,Information Technology,System Administrator,Full-Time,Permanent,B3,8.4,3.0,87.0,11,46,29,63.04,73.8,64.83,67.82,69.42,56.75,65.57,65.61,8.4,25,69.72,68.95,Average,Training
E3299,Parinita Nautiyal,30,Human Resources,HR Executive,Full-Time,Permanent,B3,6.5,1.3,97.7,5,17,16,94.12,83.23,83.95,76.97,72.88,58.93,82.3,76.21,0.0,20,62.47,81.79,Excellent,Incentive
E3300,Nivedita Gupta,57,AI & Data Science,AI Engineer,Part-Time,12 Months,B5,29.2,25.6,96.4,0,20,13,65.0,61.65,66.8,66.49,75.97,72.42,67.48,60.8,0.0,20,77.94,70.16,Good,Training
E3301,Ahilya Gautam,30,Information Technology,Software Engineer,Full-Time,Permanent,B3,5.3,4.9,81.1,7,33,22,66.67,71.08,74.81,75.9,62.44,53.16,69.19,61.71,13.8,5,55.57,69.6,Average,Training
E3302,Aseem Negi,49,Sales,Business Development Executive,Full-Time,Permanent,B5,22.1,5.5,68.0,11,33,26,78.79,80.56,78.18,77.22,69.2,79.74,82.44,86.39,4.6,15,69.49,76.84,Good,Incentive
E3303,Padma Ambani,56,Information Technology,Software Engineer,Full-Time,Permanent,B5,32.6,24.9,90.8,2,20,14,70.0,67.38,74.15,75.73,78.8,86.49,73.76,77.47,0.5,15,51.22,74.5,Good,Training
E3304,Neerja Kaushik,39,Customer Support,Customer Success Associate,Full-Time,Permanent,B5,15.2,2.0,81.8,7,49,28,57.14,68.69,62.15,61.12,61.09,73.69,66.49,74.97,6.1,30,92.29,67.03,Average,Training
E3305,Jayprakash Jaiswal,38,Finance,Financial Analyst,Full-Time,Permanent,B3,5.2,3.1,83.7,9,30,21,70.0,77.24,72.41,76.04,67.78,57.5,78.37,76.33,5.5,25,83.76,74.3,Good,Training
E3306,Khushi Menon,55,Sales,Sales Executive,Full-Time,Permanent,B5,21.0,4.2,94.7,9,23,13,56.52,68.48,63.71,71.37,77.56,78.85,62.93,59.69,3.4,50,93.43,70.98,Good,Training
E3307,Lakshmi Giri,51,AI & Data Science,ML Engineer,Full-Time,Permanent,B4,10.4,3.8,93.9,6,16,11,68.75,70.44,66.69,66.2,73.43,56.64,66.55,61.33,0.0,10,51.06,69.32,Average,Training
E3308,Babulal Singhal,43,Marketing,Digital Marketing Specialist,Full-Time,Permanent,B5,17.7,10.8,77.4,11,29,22,75.86,74.62,78.93,83.3,84.22,77.62,79.14,78.06,12.2,25,64.64,78.04,Good,Incentive
E3309,Tejprakash Guha,28,Sales,Sales Executive,Part-Time,12 Months,B2,3.5,2.9,92.1,2,49,34,69.39,80.05,78.95,84.32,86.79,64.27,74.58,71.57,13.2,30,72.98,78.97,Good,Incentive
E3310,Brahmadatta Mittal,35,Human Resources,HR Executive,Full-Time,Permanent,B4,12.8,11.3,97.5,0,35,26,74.29,74.52,77.27,68.24,80.24,76.49,73.71,83.25,16.2,20,66.3,76.91,Good,Training
E3311,Shailendra Rastogi,30,Finance,Financial Analyst,Full-Time,Permanent,B3,7.9,3.8,83.7,9,27,20,74.07,68.3,73.86,70.2,69.15,61.09,70.04,77.47,0.0,15,65.98,71.98,Good,Training
E3312,Mithun Misra,25,Information Technology,Software Engineer,Full-Time,Permanent,B1,1.3,0.6,92.9,4,26,18,69.23,70.96,67.18,70.12,78.94,47.39,66.83,65.41,1.1,15,67.86,71.18,Good,Training
E3313,Kamini Bhatnagar,32,Information Technology,Cloud Engineer,Full-Time,Permanent,B3,8.2,1.0,90.0,4,29,24,82.76,82.01,82.76,88.55,71.35,75.71,78.57,68.27,8.5,25,64.57,80.9,Excellent,Incentive
E3314,Amish Shukla,47,Marketing,Marketing Executive,Full-Time,Permanent,B4,12.1,4.1,90.9,9,24,16,66.67,73.46,67.16,70.31,76.93,61.62,75.62,85.28,0.0,30,89.41,74.02,Good,Training
E3315,Shiva Gujjar,48,Operations,Process Analyst,Contract,24 Months,B5,18.2,4.5,96.9,2,37,31,83.78,73.0,82.14,79.42,76.91,74.69,73.57,74.29,11.2,50,90.33,80.78,Excellent,Incentive
E3316,Sudesh Acharya,23,AI & Data Science,ML Engineer,Full-Time,Permanent,B1,0.4,0.0,81.9,15,20,15,75.0,67.89,74.85,81.44,74.78,65.29,68.52,65.44,0.0,25,82.09,74.61,Good,Training
E3317,Maheep Runthla,26,Information Technology,DevOps Engineer,Full-Time,Permanent,B2,3.0,2.8,82.2,7,17,9,52.94,54.6,58.83,60.96,67.39,47.0,65.06,76.82,0.0,25,66.85,61.84,Average,Training
E3318,Subhashini Tiwari,34,Sales,Account Manager,Full-Time,Permanent,B4,11.0,9.2,93.5,6,38,29,76.32,79.99,79.78,81.45,76.82,69.78,74.47,66.09,12.4,30,75.35,78.95,Good,Incentive
E3319,Sheetendra Fadnavis,35,Sales,Sales Executive,Full-Time,Permanent,B3,6.9,2.2,99.3,3,31,22,70.97,71.05,75.69,75.91,67.03,65.09,74.69,63.58,4.8,15,55.48,73.62,Good,Training
E3320,Yogesh Sagar,45,Operations,Operations Executive,Full-Time,Permanent,B3,7.4,2.4,87.8,5,32,23,71.88,67.53,66.34,68.24,69.07,63.74,72.44,85.27,8.1,25,71.92,71.45,Good,Training
E3321,Subodh Gujjar,38,AI & Data Science,Data Analyst,Full-Time,Permanent,B4,11.1,4.9,97.9,3,34,22,64.71,68.85,68.23,62.65,78.64,68.8,75.37,81.95,2.5,15,67.06,71.98,Good,Training
E3322,Suyash Kothari,51,Marketing,Marketing Executive,Full-Time,Permanent,B4,10.9,0.1,66.4,13,37,15,40.54,46.69,47.25,52.2,73.05,65.63,55.45,52.92,9.6,40,78.48,54.57,Needs Improvement,PIP
E3323,Madhav Rana,55,AI & Data Science,Data Scientist,Full-Time,Permanent,B5,28.5,20.0,91.7,2,27,21,77.78,75.18,75.04,80.1,75.93,87.2,78.79,85.71,4.2,30,77.53,79.44,Good,Incentive
E3324,Arpita Rajpoot,34,Operations,Operations Manager,Full-Time,Permanent,B3,6.6,3.9,97.0,4,23,21,91.3,85.46,81.16,79.74,82.84,59.87,79.8,80.17,0.7,40,81.6,83.7,Excellent,Incentive
E3325,Bhawna Rai,48,Marketing,Marketing Executive,Full-Time,Permanent,B4,14.2,4.1,91.6,10,29,20,68.97,62.79,71.94,68.07,72.66,74.93,71.52,84.37,4.7,10,64.32,71.95,Good,Training
E3326,Gunja Keshari,56,Customer Support,Support Executive,Full-Time,Permanent,B5,16.3,6.3,97.8,5,57,37,64.91,76.1,75.77,83.13,81.02,76.63,78.9,78.7,14.0,25,81.43,78.65,Good,Incentive
E3327,Shiva Rawat,47,AI & Data Science,ML Engineer,Full-Time,Permanent,B4,12.9,11.2,84.2,13,35,24,68.57,74.52,70.77,71.8,76.71,64.54,77.84,81.11,3.5,5,49.85,72.61,Good,Training
E3328,Amartya Rout,39,AI & Data Science,ML Engineer,Full-Time,Permanent,B4,9.0,3.5,97.1,5,28,20,71.43,74.41,69.76,73.21,66.05,67.34,72.99,77.29,10.3,30,89.82,75.01,Good,Training
E3329,Manibhushan Malode,53,Marketing,Marketing Analyst,Part-Time,6 Months,B4,10.8,0.4,91.6,4,32,23,71.88,74.54,70.76,71.78,64.04,69.51,77.1,77.32,7.8,5,40.4,72.12,Good,Training
E3330,Prafull Scindia,50,Information Technology,Software Engineer,Full-Time,Permanent,B5,26.4,10.0,80.5,12,24,14,58.33,70.03,70.5,64.05,67.86,70.77,72.87,67.33,1.7,50,77.25,68.68,Average,Training
E3331,Shridevi Bose,37,Marketing,Marketing Executive,Full-Time,Permanent,B3,5.7,2.9,93.9,9,33,26,78.79,84.06,77.54,85.83,69.47,60.97,82.48,84.99,8.7,50,88.2,81.1,Excellent,Incentive
E3332,Shweta Shastry,37,Operations,Operations Manager,Full-Time,Permanent,B4,9.1,4.6,93.1,8,30,25,83.33,74.23,75.26,81.26,84.95,73.89,76.18,65.74,9.7,25,75.03,79.46,Good,Incentive
E3333,Pragati Bharadwaj,34,Information Technology,System Administrator,Full-Time,Permanent,B4,9.1,1.5,97.0,7,42,30,71.43,66.63,68.43,77.31,83.82,70.72,69.05,70.35,8.0,25,74.07,74.86,Good,Training
E3334,Nripendra Kedia,45,AI & Data Science,ML Engineer,Part-Time,12 Months,B4,11.5,3.9,71.0,21,34,16,47.06,58.37,53.9,58.35,74.49,66.56,62.48,80.06,7.5,15,61.04,60.71,Average,PIP
E3335,Siddhant Ambedkar,36,Customer Support,Support Analyst,Full-Time,Permanent,B3,6.9,3.5,97.5,5,28,23,82.14,80.41,83.23,82.6,76.79,58.59,77.58,80.24,3.0,10,61.46,80.58,Excellent,Incentive
E3336,Devika Jahagirdar,35,Sales,Sales Executive,Contract,12 Months,B2,4.2,3.7,91.8,4,29,19,65.52,75.06,72.49,75.99,77.2,53.63,77.39,80.23,9.1,25,82.02,74.92,Good,Training
E3337,Rajesh Chaubey,53,Information Technology,Cloud Engineer,Full-Time,Permanent,B5,28.4,28.1,87.8,13,26,14,53.85,63.57,56.58,69.26,57.13,74.72,63.64,57.13,1.5,15,56.91,63.6,Average,Training
E3338,Mandavi Khattar,27,AI & Data Science,Data Analyst,Full-Time,Permanent,B2,3.2,1.5,99.2,0,40,32,80.0,73.99,75.83,82.52,80.15,53.95,77.61,70.12,4.1,20,66.06,78.17,Good,Incentive
E3339,Lavanya Rai,47,Operations,Operations Executive,Full-Time,Permanent,B5,21.6,6.0,81.3,11,40,25,62.5,59.11,65.75,72.19,83.41,84.82,66.44,73.2,5.1,30,86.1,70.93,Good,Training
E3340,Bhavika Goswami,29,Operations,Operations Manager,Contract,6 Months,B2,3.6,2.3,94.4,2,17,12,70.59,72.63,68.71,79.59,70.59,67.68,70.27,80.09,0.4,25,82.28,75.24,Good,Training
E3341,Sarika Reddy,25,AI & Data Science,Data Scientist,Full-Time,Permanent,B1,1.3,1.2,94.2,5,23,11,47.83,54.7,53.76,53.3,73.88,54.39,60.92,68.77,0.7,20,69.95,60.95,Average,Training
E3342,Ranveer Atlani,44,AI & Data Science,Data Scientist,Full-Time,Permanent,B4,10.9,1.4,92.1,6,22,18,81.82,76.7,75.83,73.4,87.6,70.67,80.8,86.55,3.7,15,68.15,79.44,Good,Incentive
E3343,Dharam Goswami,39,Finance,Finance Executive,Full-Time,Permanent,B3,5.3,2.2,96.3,4,37,25,67.57,67.12,69.54,67.45,80.71,62.9,73.96,76.29,6.5,25,78.67,73.04,Good,Training
E3344,Lokendra Shrivastava,55,Finance,Financial Analyst,Full-Time,Permanent,B4,12.5,10.5,94.2,3,23,16,69.57,74.43,76.77,72.56,61.12,63.31,75.62,61.81,1.8,5,39.55,71.55,Good,Training
E3345,Hanuman Barjatya,34,Customer Support,Customer Success Associate,Full-Time,Permanent,B3,8.3,0.8,92.6,8,42,32,76.19,68.38,69.42,77.61,78.14,63.33,67.57,74.97,9.0,10,55.24,73.87,Good,Training
E3346,Aastha Jain,49,Human Resources,HR Executive,Part-Time,12 Months,B4,11.5,0.2,80.3,11,26,18,69.23,73.41,72.7,80.69,73.02,66.1,75.11,80.13,4.1,5,47.14,73.16,Good,Training
E3347,Sukritika Sardana,45,Sales,Sales Executive,Full-Time,Permanent,B4,11.5,3.5,97.5,6,26,16,61.54,74.83,68.93,74.43,87.27,64.9,76.04,79.01,7.7,25,67.34,74.8,Good,Training
E3348,Sonal Saini,51,Operations,Operations Manager,Contract,6 Months,B5,24.7,5.6,92.1,5,26,18,69.23,67.66,70.77,74.04,66.79,74.61,67.38,60.5,7.1,25,84.05,72.47,Good,Training
E3349,Shivesh Ambedkar,38,Sales,Sales Executive,Full-Time,Permanent,B2,4.4,2.2,91.6,9,47,38,80.85,75.39,74.89,75.51,75.21,61.49,74.26,73.13,8.2,20,68.11,76.53,Good,Training
E3350,Amar Vaidya,41,Marketing,Marketing Executive,Part-Time,6 Months,B4,14.6,1.6,94.1,5,21,15,71.43,81.04,75.51,80.96,71.44,73.52,73.68,68.8,0.0,30,86.35,78.01,Good,Incentive
E3351,Saket Ahuja,30,Sales,Business Development Executive,Contract,24 Months,B3,5.3,0.6,94.2,9,31,24,77.42,77.06,76.4,82.99,90.73,66.99,77.68,87.84,4.0,10,48.33,79.62,Good,Incentive
E3352,Menaka Narula,51,Customer Support,Customer Success Associate,Full-Time,Permanent,B5,24.9,0.5,75.6,10,48,25,52.08,52.27,55.14,54.96,64.66,65.44,61.32,70.39,10.0,25,68.05,59.45,Needs Improvement,PIP
E3353,Ruchika Dixit,48,Finance,Finance Executive,Full-Time,Permanent,B5,25.6,6.1,98.0,0,19,16,84.21,82.87,79.93,81.46,73.14,81.79,81.18,74.0,7.0,25,74.14,81.94,Excellent,Incentive
E3354,Ambuj Bhandari,34,AI & Data Science,Data Analyst,Full-Time,Permanent,B3,8.0,6.2,84.4,7,41,30,73.17,74.53,73.04,72.94,81.07,74.2,75.22,70.79,14.1,15,53.78,74.3,Good,Training
E3355,Veena Pal,37,Information Technology,System Administrator,Full-Time,Permanent,B3,5.3,0.2,96.6,8,20,16,80.0,77.61,74.77,74.8,80.18,65.58,73.26,67.12,2.1,10,64.19,77.26,Good,Training
E3356,Surekha Kamath,34,AI & Data Science,AI Engineer,Contract,12 Months,B2,3.2,0.9,97.7,5,16,11,68.75,71.97,68.24,77.72,73.71,53.7,75.19,79.83,6.6,30,79.33,74.55,Good,Training
E3357,Narayan Athawale,40,Information Technology,Cloud Engineer,Full-Time,Permanent,B5,16.0,2.6,70.2,21,23,12,52.17,52.93,61.28,66.63,67.39,74.51,64.37,80.76,3.3,15,66.26,63.01,Average,PIP
E3358,Amitabh Saxena,28,Marketing,Marketing Analyst,Full-Time,Permanent,B3,5.7,3.3,92.2,6,36,19,52.78,63.08,59.11,73.19,69.23,58.84,69.02,83.79,8.6,5,54.0,66.65,Average,Training
E3359,Megha Sampla,57,Human Resources,Talent Acquisition Specialist,Contract,12 Months,B5,16.4,10.6,80.0,12,21,15,71.43,72.57,68.57,79.49,76.64,70.51,69.29,71.28,0.6,25,75.01,73.78,Good,Training
E3360,Niranjan Mahto,27,Sales,Business Development Executive,Contract,6 Months,B2,2.6,0.3,99.9,2,32,20,62.5,74.1,67.59,70.94,87.65,66.56,72.56,85.32,9.1,20,67.36,74.61,Good,Training
E3361,Garima Goswami,30,AI & Data Science,ML Engineer,Full-Time,Permanent,B3,5.4,1.3,82.5,7,35,21,60.0,62.08,58.82,65.92,84.3,53.52,64.24,76.15,4.0,25,83.41,67.57,Average,Training
E3362,Sandeep Shirke,48,Customer Support,Support Analyst,Full-Time,Permanent,B5,22.9,7.8,94.9,10,37,29,78.38,68.85,71.65,66.05,69.35,79.03,70.18,58.42,6.8,50,82.23,73.66,Good,Training
E3363,Govind Maali,53,Marketing,Digital Marketing Specialist,Contract,24 Months,B5,18.2,14.9,97.5,2,16,9,56.25,55.81,60.35,63.54,64.07,75.77,65.7,79.23,4.9,50,79.09,66.54,Average,Training
E3364,Rimsha Rout,34,Operations,Process Analyst,Full-Time,Permanent,B4,11.9,7.8,76.6,21,34,25,73.53,76.13,70.8,72.61,70.97,69.25,68.76,62.03,0.0,15,65.19,71.98,Good,Training
E3365,Pratima Kohli,28,Sales,Sales Executive,Part-Time,6 Months,B3,5.5,2.2,90.2,10,50,35,70.0,63.11,69.02,60.95,71.9,62.38,63.37,59.07,11.0,5,34.5,66.64,Average,Training
E3366,Kunal Agnihotri,27,Human Resources,Talent Acquisition Specialist,Full-Time,Permanent,B2,4.8,0.6,90.3,10,28,20,71.43,73.46,71.26,76.66,69.6,61.93,76.12,78.7,4.2,40,95.84,75.54,Good,Training
E3367,Gomed Rathi,51,AI & Data Science,Data Analyst,Full-Time,Permanent,B5,15.6,15.3,82.4,6,30,20,66.67,71.6,65.33,66.78,70.68,70.31,70.2,61.89,1.8,5,37.19,67.84,Average,Training
E3368,Abhijeet Ambani,44,Finance,Accountant,Full-Time,Permanent,B5,20.5,3.9,93.7,3,35,30,85.71,77.16,82.6,81.46,78.29,88.88,79.42,81.39,8.4,15,50.34,81.24,Excellent,Incentive
E3369,Anamika Jethwani,42,Operations,Operations Executive,Full-Time,Permanent,B3,7.7,4.3,82.3,9,34,27,79.41,79.83,78.41,78.17,67.72,69.79,81.22,83.27,8.0,25,87.0,78.44,Good,Incentive
E3370,Mohini Shekhawat,56,Sales,Business Development Executive,Part-Time,6 Months,B5,30.2,20.2,69.3,13,44,20,45.45,58.83,60.18,59.24,69.19,72.8,59.31,55.1,14.7,20,79.69,60.75,Average,PIP
E3371,Aanchal Acharya,55,Sales,Business Development Executive,Full-Time,Permanent,B4,11.7,5.8,88.1,10,29,24,82.76,87.29,86.82,79.4,87.26,64.93,82.06,77.97,0.0,20,68.34,82.64,Excellent,Incentive
E3372,Premchand Shastri,56,Customer Support,Support Executive,Full-Time,Permanent,B5,22.6,6.0,94.9,8,50,41,82.0,87.55,83.25,74.1,70.25,85.0,78.79,70.96,18.1,30,73.09,80.94,Excellent,Incentive
E3373,Ishani Rout,45,Operations,Process Analyst,Full-Time,Permanent,B4,10.2,1.6,88.1,10,36,21,58.33,65.29,62.7,69.43,67.16,67.77,63.4,66.21,4.5,30,70.59,67.29,Average,Training
E3374,Chandrabhan Malode,29,Operations,Operations Executive,Full-Time,Permanent,B2,2.6,0.3,97.9,4,36,31,86.11,83.74,78.65,76.68,63.94,56.67,78.51,73.25,8.4,20,58.16,78.29,Good,Incentive
E3375,Mithilesh Singhaniya,25,Marketing,Marketing Analyst,Full-Time,Permanent,B2,2.8,0.1,92.3,5,31,24,77.42,73.46,76.13,76.84,68.89,48.93,70.62,66.84,12.7,15,61.04,74.07,Good,Training
E3376,Antima Narula,42,Operations,Process Analyst,Full-Time,Permanent,B3,6.8,3.3,83.7,14,34,24,70.59,72.82,71.08,74.54,63.68,67.28,74.07,66.42,4.7,15,65.58,71.76,Good,Training
E3377,Nitesh Raina,52,Finance,Financial Analyst,Full-Time,Permanent,B5,20.6,12.1,92.4,5,15,8,53.33,53.06,54.51,63.58,63.47,71.38,59.9,64.72,0.0,20,62.66,62.19,Average,Training
E3378,Aniket Tagore,32,Information Technology,Cloud Engineer,Full-Time,Permanent,B4,9.4,6.4,99.1,8,35,26,74.29,70.06,74.14,77.72,80.63,65.19,71.22,65.33,3.9,30,93.11,77.15,Good,Training
E3379,Nripendra Mehta,40,Sales,Account Manager,Contract,12 Months,B4,14.0,2.0,91.4,5,17,10,58.82,72.75,70.52,74.28,67.24,66.82,76.8,82.85,0.0,15,72.22,72.25,Good,Training
E3380,Preksha Rajpoot,49,AI & Data Science,ML Engineer,Full-Time,Permanent,B5,19.0,14.4,92.8,7,20,17,85.0,84.02,84.19,87.1,79.28,80.7,82.93,66.37,1.0,25,63.66,82.94,Excellent,Incentive
E3381,Gautam Rajpoot,45,Sales,Business Development Executive,Contract,24 Months,B5,18.6,17.2,92.2,4,38,29,76.32,67.47,68.64,69.81,78.72,78.26,66.62,66.43,2.5,25,71.12,73.55,Good,Training
E3382,Sheetala Singh,33,Sales,Sales Executive,Full-Time,Permanent,B2,4.2,2.9,75.0,25,41,24,58.54,67.37,67.67,61.8,65.71,57.95,72.32,72.79,6.6,15,60.25,65.54,Average,Training
E3383,Drupad Shrivastava,56,Operations,Operations Manager,Full-Time,Permanent,B4,14.0,5.9,84.3,15,17,10,58.82,69.82,66.79,63.59,66.3,63.64,74.07,76.26,0.0,15,60.4,67.63,Average,Training
E3384,Chitra Dutt,39,AI & Data Science,Data Scientist,Full-Time,Permanent,B4,14.4,1.1,97.3,8,28,23,82.14,73.21,72.78,72.04,77.15,70.82,74.21,86.08,6.4,25,77.41,77.9,Good,Training
E3385,Sheetendra Khajuria,34,Information Technology,Cloud Engineer,Part-Time,6 Months,B4,11.8,11.4,66.9,11,17,12,70.59,80.74,77.18,75.57,75.42,69.06,79.67,86.22,6.7,15,64.27,74.8,Good,Training
E3386,Avnish Pujari,41,Marketing,Marketing Executive,Full-Time,Permanent,B4,14.1,9.3,94.5,2,21,15,71.43,68.14,66.18,67.71,64.2,77.33,67.68,79.05,0.0,25,73.7,71.78,Good,Training
E3387,Supriya Sharma,41,Marketing,Marketing Executive,Full-Time,Permanent,B4,11.2,9.3,97.0,6,34,20,58.82,67.38,70.02,76.87,80.13,68.7,70.24,81.37,16.2,15,63.12,72.85,Good,Training
E3388,Maheep Chaudhari,38,Information Technology,System Administrator,Full-Time,Permanent,B4,11.8,3.0,97.2,7,22,16,72.73,67.82,70.6,80.09,78.27,79.24,70.62,73.64,0.0,30,88.26,76.82,Good,Training
E3389,Jamunadas Kohli,40,Marketing,Marketing Analyst,Contract,24 Months,B3,5.1,4.9,71.5,12,28,17,60.71,72.37,69.19,80.45,75.0,55.07,73.49,87.92,8.2,30,74.12,71.59,Good,Training
E3390,Abhay Bhargav,34,AI & Data Science,AI Engineer,Full-Time,Permanent,B4,10.9,10.1,91.5,9,18,16,88.89,88.61,90.33,76.89,72.49,77.29,87.16,76.86,0.0,25,72.96,83.82,Excellent,Incentive
E3391,Bhagvati Bhasin,29,Operations,Process Analyst,Contract,24 Months,B3,6.4,5.4,71.5,10,36,23,63.89,68.01,72.29,75.49,68.94,55.46,71.5,87.42,0.0,25,84.14,70.92,Good,Training
E3392,Kumkum Atlani,23,Sales,Account Manager,Full-Time,Permanent,B1,0.5,0.4,96.2,0,20,15,75.0,69.31,68.74,72.17,59.48,58.43,71.58,61.25,0.0,10,53.19,70.57,Good,Training
E3393,Navneet Dabral,43,Sales,Business Development Executive,Full-Time,Permanent,B4,12.9,2.2,91.2,5,49,38,77.55,84.93,81.27,72.15,69.45,63.72,82.48,84.91,13.4,15,48.52,77.43,Good,Incentive
E3394,Kavindra Bisht,46,AI & Data Science,AI Engineer,Full-Time,Permanent,B4,13.3,0.3,87.7,15,31,22,70.97,72.45,68.87,71.09,62.14,74.38,68.81,70.99,7.8,5,50.88,70.74,Good,Training
E3395,Aditi Raina,29,Sales,Business Development Executive,Part-Time,12 Months,B3,6.5,0.3,96.4,2,44,34,77.27,84.6,78.71,85.41,78.65,60.18,81.87,81.69,2.0,40,80.35,81.61,Excellent,Incentive
E3396,Devashish Kamath,39,Information Technology,System Administrator,Full-Time,Permanent,B4,13.8,5.3,85.5,13,31,16,51.61,58.33,55.62,65.67,79.9,78.86,64.97,66.35,6.1,15,51.14,64.29,Average,Training
E3397,Yogita Kulkarni,29,Operations,Process Analyst,Contract,12 Months,B2,4.9,1.9,97.9,4,30,25,83.33,79.56,77.98,78.36,66.27,66.08,74.02,71.73,0.0,10,44.58,77.12,Good,Incentive
E3398,Lavisha Batra,46,AI & Data Science,Data Analyst,Contract,24 Months,B3,7.2,4.8,86.7,15,28,24,85.71,83.98,81.29,84.53,82.67,63.71,80.43,71.81,8.6,10,44.16,80.27,Excellent,Incentive
E3399,Palki Adarsh,34,Sales,Business Development Executive,Contract,24 Months,B3,7.1,2.7,81.1,13,44,28,63.64,67.18,65.99,72.24,77.38,59.64,66.47,77.02,16.1,30,70.22,69.87,Average,Training
E3400,Vicky Maali,26,Marketing,Digital Marketing Specialist,Full-Time,Permanent,B2,2.1,0.3,94.4,7,30,20,66.67,61.34,63.07,61.4,69.96,48.15,65.6,56.03,0.0,50,76.47,66.62,Average,Training
E3401,Shravan Bhawsar,35,Marketing,Marketing Analyst,Full-Time,Permanent,B3,8.7,0.4,97.6,2,18,11,61.11,70.75,71.47,67.23,83.78,65.98,74.57,84.98,0.0,10,52.59,72.63,Good,Training
E3402,Saras Agnihotri,46,Information Technology,Software Engineer,Full-Time,Permanent,B5,20.6,8.1,94.3,7,36,24,66.67,76.53,70.47,68.71,74.13,86.12,70.2,72.04,17.1,25,66.47,73.94,Good,Training
E3403,Satyaprakash Patnaik,34,Marketing,Marketing Executive,Full-Time,Permanent,B3,7.7,3.6,94.7,9,25,22,88.0,80.16,85.56,78.85,82.0,75.69,82.28,69.32,1.2,20,69.98,82.42,Excellent,Incentive
E3404,Apurva Arora,33,Operations,Operations Manager,Full-Time,Permanent,B2,3.6,1.1,96.2,0,17,12,70.59,70.98,67.21,69.85,67.39,59.13,66.05,59.12,0.0,15,51.51,69.94,Average,Training
E3405,Ankur Som,35,AI & Data Science,Data Analyst,Full-Time,Permanent,B3,5.9,1.0,83.1,9,22,13,59.09,62.14,67.91,73.47,69.51,55.87,73.32,86.26,8.3,25,65.31,68.69,Average,Training
E3406,Pallav Bhatnagar,37,Sales,Sales Executive,Full-Time,Permanent,B4,10.2,3.3,94.5,3,42,30,71.43,69.98,75.59,79.65,78.51,67.33,70.54,66.64,8.8,30,83.05,76.18,Good,Incentive
E3407,Anubhav Singhaniya,56,Sales,Sales Executive,Full-Time,Permanent,B5,26.5,22.7,82.1,9,41,29,70.73,65.55,65.62,77.63,69.93,84.17,68.22,78.47,11.4,40,81.66,72.76,Good,Training
E3408,Ratnakar Rawat,33,Information Technology,Cloud Engineer,Full-Time,Permanent,B2,3.9,2.2,90.0,8,39,28,71.79,78.6,78.4,83.77,76.29,60.66,78.4,67.95,16.1,25,81.97,77.96,Good,Incentive
E3409,Aastha Tandon,38,Human Resources,HR Executive,Full-Time,Permanent,B4,9.9,5.0,92.6,8,20,13,65.0,68.86,68.33,67.15,77.2,67.74,71.96,64.32,0.0,25,71.07,71.14,Good,Training
E3410,Arush Sagar,39,Finance,Financial Analyst,Full-Time,Permanent,B4,13.1,4.7,93.6,10,15,10,66.67,76.12,73.68,79.73,79.71,78.7,70.26,68.24,0.0,30,71.85,76.21,Good,Training
E3411,Arpita Acharya,41,Information Technology,System Administrator,Full-Time,Permanent,B5,18.7,1.4,86.9,6,39,31,79.49,83.59,84.32,83.15,84.24,89.95,81.63,68.7,11.3,20,59.52,81.69,Excellent,Incentive
E3412,Maheshwari Pradhan,30,Information Technology,System Administrator,Full-Time,Permanent,B2,4.4,3.6,94.6,6,32,21,65.62,75.86,67.11,70.72,80.55,60.01,73.43,73.41,4.5,40,83.86,73.95,Good,Training
E3413,Anusha Srivastava,24,Customer Support,Customer Success Associate,Contract,12 Months,B1,0.6,0.3,80.8,15,44,31,70.45,76.96,77.83,82.97,73.02,50.18,73.88,69.16,23.4,20,66.63,74.61,Good,Training
E3414,Brijmohan Singhi,33,Finance,Financial Analyst,Full-Time,Permanent,B4,10.3,6.0,94.5,9,17,10,58.82,56.51,58.23,69.25,85.48,59.45,63.09,83.41,6.1,25,81.21,68.78,Average,Training
E3415,Manmohan Raina,48,Information Technology,DevOps Engineer,Full-Time,Permanent,B5,25.4,18.8,93.2,7,25,21,84.0,83.47,84.19,81.99,67.33,86.87,76.92,67.79,0.0,25,65.04,80.93,Excellent,Incentive
E3416,Premchand Bishnoi,41,Operations,Process Analyst,Contract,12 Months,B3,8.7,1.9,67.3,10,20,11,55.0,67.93,58.59,63.31,72.34,68.78,61.65,64.69,0.0,30,75.07,64.2,Average,PIP
E3417,Natwar Valmiki,51,Finance,Accountant,Full-Time,Permanent,B5,19.2,15.1,80.8,14,32,25,78.12,71.74,75.35,74.25,84.38,76.21,71.09,76.03,6.5,40,94.8,77.34,Good,Incentive
E3418,Neha Ketkar,24,AI & Data Science,Data Scientist,Full-Time,Permanent,B1,1.3,0.8,86.9,5,21,14,66.67,63.48,62.29,70.9,72.12,48.64,67.59,63.5,0.0,20,58.41,67.31,Average,Training
E3419,Konkana Malode,28,Information Technology,Cloud Engineer,Full-Time,Permanent,B2,2.0,0.2,84.4,5,17,10,58.82,59.0,59.73,61.05,75.47,52.0,63.12,58.88,0.0,50,79.48,64.45,Average,Training
E3420,Viral Thakkar,50,AI & Data Science,Data Scientist,Full-Time,Permanent,B5,25.5,15.3,91.6,7,24,17,70.83,63.57,66.07,63.83,70.06,80.92,70.54,67.04,7.3,25,69.49,70.21,Good,Training
E3421,Ankur Garg,31,Human Resources,HR Executive,Contract,12 Months,B3,6.9,1.4,93.6,2,22,19,86.36,82.53,82.56,82.38,85.73,66.45,83.0,76.02,1.3,10,44.82,81.52,Excellent,Incentive
E3422,Manorama Bansal,23,Operations,Process Analyst,Full-Time,Permanent,B1,0.5,0.2,90.1,3,43,30,69.77,77.2,74.45,72.82,71.99,60.94,78.89,82.48,14.7,50,91.1,76.02,Good,Training
E3423,Awadh Hajariya,40,Finance,Financial Analyst,Contract,12 Months,B4,13.2,12.7,90.9,5,19,12,63.16,69.67,70.25,70.34,79.73,70.45,67.91,69.24,0.0,5,41.54,70.53,Good,Training
E3424,Pradeep Sengupta,33,Sales,Sales Executive,Full-Time,Permanent,B4,9.8,3.0,91.1,9,29,22,75.86,83.19,82.64,80.14,71.05,69.4,84.91,82.01,9.0,30,86.15,80.61,Excellent,Incentive
E3425,Chanchal Meena,35,Finance,Accountant,Full-Time,Permanent,B4,12.8,11.4,67.5,22,39,23,58.97,65.73,60.43,73.47,77.24,64.87,65.92,59.35,9.1,15,48.05,65.17,Average,PIP
E3426,Shravan Shirke,23,Sales,Account Manager,Contract,6 Months,B1,0.8,0.4,91.0,6,31,27,87.1,74.46,84.58,79.75,66.32,54.07,72.84,64.88,6.6,40,95.45,78.98,Good,Incentive
E3427,Shilpi Verma,40,Sales,Account Manager,Part-Time,6 Months,B3,8.2,2.8,94.1,10,20,18,90.0,83.94,85.48,82.96,70.28,71.18,80.21,66.17,2.6,20,69.04,82.12,Excellent,Incentive
E3428,Himani Goenka,53,Customer Support,Support Executive,Full-Time,Permanent,B5,18.7,8.0,93.2,7,28,21,75.0,72.4,69.55,68.11,77.74,79.52,71.05,64.55,8.6,20,56.41,73.43,Good,Training
E3429,Shashinath Munda,51,Customer Support,Support Executive,Full-Time,Permanent,B3,8.2,3.6,84.2,8,40,29,72.5,74.57,73.6,71.3,59.84,62.48,75.04,63.2,3.5,50,88.02,72.64,Good,Training
E3430,Dhananjay Bose,48,Information Technology,Software Engineer,Full-Time,Permanent,B4,14.0,3.4,94.8,8,22,17,77.27,77.94,78.83,78.57,64.01,74.54,77.95,64.07,0.0,15,51.51,76.18,Good,Incentive
E3431,Tushar Singhal,44,Customer Support,Customer Success Associate,Full-Time,Permanent,B5,16.1,1.0,91.0,10,32,22,68.75,62.75,69.73,62.62,72.47,67.5,72.11,77.87,13.1,40,98.3,71.71,Good,Training
E3432,Bhoomi Rastogi,24,Human Resources,HR Executive,Part-Time,12 Months,B1,1.9,1.9,93.9,2,17,12,70.59,77.57,75.22,76.78,74.11,56.39,77.32,80.84,0.0,40,89.46,77.03,Good,Incentive
E3433,Rachit Gandhi,27,Information Technology,Software Engineer,Full-Time,Permanent,B2,4.0,2.3,83.4,11,18,14,77.78,85.1,77.37,81.48,76.91,62.94,82.55,79.27,0.0,15,49.81,78.02,Good,Incentive
E3434,Diwakar Singhaniya,28,Marketing,Marketing Executive,Contract,12 Months,B2,4.3,2.7,75.4,20,22,13,59.09,56.39,57.67,56.57,74.81,61.24,64.36,72.99,0.0,20,65.24,62.67,Average,Training
E3435,Arjun Kaushik,35,Operations,Operations Manager,Contract,12 Months,B2,3.5,1.4,97.9,4,16,11,68.75,64.63,68.97,62.82,79.95,62.94,70.0,70.92,0.0,10,40.58,69.78,Average,Training
E3436,Vimala Atrey,47,Information Technology,Software Engineer,Full-Time,Permanent,B4,12.5,1.3,90.5,10,39,26,66.67,64.25,69.48,65.1,73.93,72.49,69.96,77.01,14.2,30,70.44,70.76,Good,Training
E3437,Nandita Chaturvedi,42,AI & Data Science,Data Scientist,Full-Time,Permanent,B3,8.9,3.0,90.7,2,30,21,70.0,65.7,71.29,72.85,76.64,66.95,72.18,77.09,9.4,30,88.86,73.96,Good,Training
E3438,Lalbahadur Dalal,39,Information Technology,DevOps Engineer,Contract,24 Months,B3,7.2,5.4,96.8,4,16,14,87.5,83.24,82.66,78.54,67.98,57.2,83.73,83.83,0.0,25,81.39,81.58,Excellent,Incentive
E3439,Foolkumari Batra,38,Information Technology,DevOps Engineer,Full-Time,Permanent,B4,13.0,2.8,83.5,12,34,20,58.82,71.28,66.64,68.86,67.5,66.51,71.23,74.41,0.0,20,56.11,68.35,Average,Training
E3440,Panchali Bahl,42,Customer Support,Support Executive,Full-Time,Permanent,B3,6.6,5.6,92.1,5,38,28,73.68,70.69,70.87,76.1,66.76,62.59,76.45,77.54,1.7,25,70.09,73.92,Good,Training
E3441,Suman Bala,30,Operations,Operations Executive,Full-Time,Permanent,B2,4.0,2.4,83.1,10,24,16,66.67,63.83,71.15,72.5,78.93,51.24,70.43,80.45,3.6,50,86.44,71.75,Good,Training
E3442,Ayush Sood,47,Finance,Accountant,Full-Time,Permanent,B4,14.3,11.4,97.5,3,36,26,72.22,66.69,70.91,71.43,79.65,75.84,72.76,76.49,8.4,50,78.77,75.1,Good,Training
E3443,Lavisha Pandit,24,Sales,Sales Executive,Contract,6 Months,B1,0.8,0.5,92.5,3,42,28,66.67,61.27,63.24,72.9,73.61,54.09,62.99,74.27,11.6,20,74.36,69.51,Average,Training
E3444,Prabha Bhattacharya,32,Information Technology,System Administrator,Part-Time,6 Months,B2,3.8,2.3,93.4,3,21,14,66.67,67.32,66.78,73.13,64.77,49.35,69.91,74.15,3.9,25,64.76,69.81,Average,Training
E3445,Tanisha Nautiyal,49,Marketing,Marketing Analyst,Full-Time,Permanent,B5,26.8,26.3,90.8,3,24,16,66.67,77.71,68.19,68.36,84.52,72.93,77.41,76.85,0.0,5,49.65,73.51,Good,Training
E3446,Arun Raj,27,Marketing,Digital Marketing Specialist,Full-Time,Permanent,B1,1.5,1.3,69.4,10,34,23,67.65,68.97,65.93,69.72,77.94,57.42,71.39,85.25,13.0,40,76.49,70.1,Good,Training
E3447,Sunidhi Shirke,49,Information Technology,Software Engineer,Full-Time,Permanent,B5,21.6,3.1,92.4,6,26,19,73.08,69.3,73.14,77.29,82.18,82.66,71.36,72.49,4.5,20,58.61,75.64,Good,Training
E3448,Sujal Shankar,36,Finance,Accountant,Full-Time,Permanent,B4,10.6,9.7,68.1,11,20,13,65.0,76.49,70.46,71.69,77.15,74.23,69.65,60.44,0.0,15,69.31,70.75,Good,Training
E3449,Sunaina Malhotra,52,AI & Data Science,ML Engineer,Full-Time,Permanent,B5,28.8,27.3,80.7,12,22,15,68.18,69.36,73.3,79.11,77.74,73.37,72.22,66.04,0.0,40,95.88,74.71,Good,Training
E3450,Sumukhi Tanwar,36,AI & Data Science,Data Scientist,Full-Time,Permanent,B4,12.3,2.8,96.2,3,24,21,87.5,83.14,79.3,83.36,80.13,78.01,80.28,64.76,0.0,30,78.26,82.69,Excellent,Incentive
E3451,Anita Dasgupta,51,Human Resources,Talent Acquisition Specialist,Full-Time,Permanent,B5,22.7,17.7,96.2,2,35,22,62.86,61.69,63.38,64.54,63.32,69.31,66.39,71.29,11.0,30,91.44,68.74,Average,Training
E3452,Apoorva Chouhan,43,Customer Support,Support Executive,Contract,12 Months,B3,7.9,4.6,90.5,5,46,32,69.57,76.71,69.58,73.84,85.63,72.04,77.56,78.1,18.0,40,94.55,77.18,Good,Training
E3453,Premchand Shekhawat,42,Finance,Accountant,Full-Time,Permanent,B4,14.4,7.6,74.7,16,31,21,67.74,76.47,76.71,81.03,79.59,77.47,78.41,85.0,9.9,10,51.7,75.35,Good,Incentive
E3454,Aniket Gupta,56,Marketing,Marketing Executive,Full-Time,Permanent,B5,32.2,7.5,93.1,10,16,14,87.5,75.43,79.88,72.95,67.24,84.3,74.87,82.63,0.0,15,48.86,77.93,Good,Incentive
E3455,Prashant Bhati,28,Operations,Operations Manager,Full-Time,Permanent,B3,5.9,4.6,97.0,2,22,13,59.09,65.07,67.49,69.78,76.2,68.26,73.86,82.86,1.4,40,75.39,71.55,Good,Training
E3456,Ramnarayan Mishra,34,Customer Support,Customer Success Associate,Full-Time,Permanent,B3,8.9,6.5,92.8,3,26,20,76.92,75.72,73.79,80.07,79.8,64.8,72.61,65.19,0.0,25,71.86,76.96,Good,Training
E3457,Anmol Naik,45,Human Resources,HR Executive,Full-Time,Permanent,B5,16.0,2.6,80.2,9,24,19,79.17,81.72,79.09,81.3,85.69,71.43,82.2,82.04,0.0,15,56.18,79.37,Good,Incentive
E3458,Chandan Tendulkar,28,Customer Support,Support Executive,Full-Time,Permanent,B3,5.4,4.1,92.3,7,41,28,68.29,74.19,70.32,68.03,71.67,58.5,72.49,68.75,8.8,20,55.08,71.26,Good,Training
E3459,Shweta Dogra,44,AI & Data Science,Data Scientist,Full-Time,Permanent,B5,19.8,6.4,76.6,15,20,12,60.0,67.31,67.41,64.71,62.98,73.63,67.72,68.41,6.0,20,74.86,67.1,Average,Training
E3460,Pratigya Pradhan,47,Human Resources,HR Executive,Full-Time,Permanent,B5,21.5,17.8,90.2,5,15,11,73.33,75.82,76.05,83.35,75.83,81.23,76.89,79.91,0.0,15,57.41,77.66,Good,Incentive
E3461,Nihal Kannaujiya,48,Operations,Operations Executive,Full-Time,Permanent,B3,7.3,0.9,91.5,5,45,34,75.56,71.56,69.15,65.7,79.18,70.53,66.8,64.18,11.7,10,41.73,71.53,Good,Training
E3462,Arpan Shandilya,46,Information Technology,System Administrator,Full-Time,Permanent,B4,11.4,4.7,92.0,5,50,39,78.0,85.57,82.4,74.04,68.08,68.68,82.49,72.27,13.6,10,44.21,77.39,Good,Incentive
E3463,Lavkush Mahajan,28,Information Technology,DevOps Engineer,Full-Time,Permanent,B2,3.3,3.0,90.3,5,28,20,71.43,77.74,76.37,79.71,79.64,68.03,77.57,69.7,4.1,10,41.65,75.63,Good,Incentive
E3464,Lavkush Bendre,23,Finance,Accountant,Full-Time,Permanent,B1,1.0,0.2,96.5,6,44,30,68.18,77.36,74.02,81.59,84.02,58.75,69.92,65.28,8.1,5,53.27,75.59,Good,Training
E3465,Shambhavi Giri,34,Sales,Account Manager,Part-Time,6 Months,B3,7.8,4.4,84.7,5,17,14,82.35,87.65,85.02,86.34,91.24,71.87,85.38,83.03,2.4,20,71.05,84.36,Excellent,Incentive
E3466,Pragati Lalwani,34,Information Technology,DevOps Engineer,Full-Time,Permanent,B3,6.9,0.7,90.8,9,26,18,69.23,63.17,63.28,70.13,84.16,72.3,64.02,73.25,0.7,15,63.86,71.04,Good,Training
E3467,Nimish Upadhyay,29,Sales,Account Manager,Full-Time,Permanent,B3,5.5,1.6,94.6,3,39,29,74.36,82.4,76.76,83.48,79.7,59.31,79.52,78.5,18.9,40,80.87,79.89,Good,Incentive
E3468,Nitya Vats,53,Operations,Process Analyst,Full-Time,Permanent,B5,27.3,2.4,73.2,19,29,17,58.62,65.91,68.22,62.49,61.42,66.01,69.31,58.56,0.3,5,35.43,63.21,Average,PIP
E3469,Juhi Rawal,40,Operations,Operations Manager,Full-Time,Permanent,B4,10.1,0.8,90.1,8,33,19,57.58,61.54,67.26,63.03,75.1,70.66,68.3,76.16,11.0,50,78.95,68.64,Average,Training
E3470,Sunidhi Chopra,46,Operations,Operations Executive,Part-Time,6 Months,B5,15.0,4.4,93.3,10,45,33,73.33,72.58,70.74,81.42,77.38,68.86,74.1,88.43,16.0,20,72.6,76.98,Good,Training
E3471,Harini Gaharwar,53,Customer Support,Support Executive,Contract,6 Months,B5,17.6,13.2,94.5,3,47,33,70.21,66.77,65.17,71.43,68.65,71.06,70.21,83.45,17.2,25,79.04,72.54,Good,Training
E3472,Arunita Bendre,32,Finance,Accountant,Full-Time,Permanent,B2,2.6,2.6,92.5,3,32,23,71.88,78.6,69.97,67.14,72.06,59.21,71.75,64.98,0.3,25,69.75,72.88,Good,Training
E3473,Kamya Mehta,37,Marketing,Marketing Executive,Full-Time,Permanent,B2,4.5,0.5,92.4,9,16,10,62.5,59.34,61.12,73.07,75.02,61.92,62.07,76.1,0.0,20,55.34,67.92,Average,Training
E3474,Sulochana Thackeray,53,AI & Data Science,AI Engineer,Contract,6 Months,B5,26.1,20.7,85.1,15,22,14,63.64,70.23,65.93,65.74,65.04,70.01,69.75,69.52,4.4,50,81.3,69.37,Average,Training
E3475,Ramprasad Khanna,33,AI & Data Science,Data Analyst,Full-Time,Permanent,B4,10.3,7.3,85.8,12,27,19,70.37,77.65,77.99,73.74,89.23,68.0,80.61,87.36,0.0,50,85.25,78.53,Good,Incentive
E3476,Gopi Lokhande,50,Information Technology,Software Engineer,Full-Time,Permanent,B5,20.5,16.7,84.7,9,33,19,57.58,62.9,59.0,62.57,70.44,67.48,63.05,68.4,8.7,25,66.2,65.08,Average,Training
E3477,Sapna Dhoni,29,AI & Data Science,AI Engineer,Full-Time,Permanent,B3,5.6,0.3,94.5,10,35,28,80.0,72.21,78.44,80.04,80.58,64.12,79.88,80.11,13.7,15,60.84,78.36,Good,Incentive
E3478,Yashvi Bhasin,40,Information Technology,Software Engineer,Part-Time,6 Months,B4,13.9,13.6,90.5,3,21,16,76.19,76.04,80.23,71.59,76.09,66.03,78.69,72.86,0.0,25,68.24,76.56,Good,Incentive
E3479,Anushka Lakhotia,46,Information Technology,DevOps Engineer,Full-Time,Permanent,B4,11.4,6.2,96.3,7,36,27,75.0,76.77,77.99,81.92,68.24,69.43,77.63,77.36,12.9,30,91.7,79.01,Good,Incentive
E3480,Aparajita Basu,42,Finance,Financial Analyst,Full-Time,Permanent,B4,14.5,7.7,97.0,6,28,21,75.0,67.98,71.17,69.22,61.98,71.66,72.19,73.31,0.0,10,53.01,71.91,Good,Training
E3481,Rishi Malhotra,48,Customer Support,Support Executive,Full-Time,Permanent,B4,10.1,0.6,84.0,14,31,23,74.19,69.92,70.95,71.16,83.39,69.77,76.06,82.93,2.6,30,87.96,75.51,Good,Training
E3482,Bhaskar Saxena,52,Finance,Financial Analyst,Full-Time,Permanent,B4,13.2,1.3,80.9,14,23,18,78.26,71.5,79.08,75.08,66.15,63.18,77.06,68.48,4.2,30,78.86,74.67,Good,Training
E3483,Brijbhushan Bhasin,33,Sales,Sales Executive,Full-Time,Permanent,B3,5.4,0.5,96.3,0,29,21,72.41,72.42,70.87,77.82,65.87,53.34,70.31,73.13,2.8,50,99.25,75.05,Good,Training
E3484,Sundari Bhaskar,23,AI & Data Science,ML Engineer,Part-Time,6 Months,B1,0.6,0.4,92.4,6,17,10,58.82,66.32,65.08,68.63,82.2,50.56,66.76,80.86,0.0,20,79.13,70.15,Good,Training
E3485,Anugya Purohit,43,Information Technology,Software Engineer,Full-Time,Permanent,B3,5.3,4.8,97.8,7,34,23,67.65,69.07,71.2,71.24,64.44,63.96,72.72,77.88,0.0,30,78.56,72.75,Good,Training
E3486,Kalishankar Seth,45,Sales,Sales Executive,Full-Time,Permanent,B5,16.0,4.0,90.6,10,38,28,73.68,72.96,71.15,69.49,75.89,76.11,74.03,69.23,6.3,5,54.54,73.44,Good,Training
E3487,Bhupendra Ojha,26,Information Technology,Software Engineer,Full-Time,Permanent,B2,2.8,0.1,91.7,2,40,30,75.0,76.32,73.8,78.07,72.0,63.19,74.56,75.5,10.1,15,62.58,75.64,Good,Training
E3488,Dinesh Jahagirdar,44,AI & Data Science,Data Scientist,Full-Time,Permanent,B5,19.7,1.8,85.0,13,23,16,69.57,65.41,64.81,64.41,66.54,83.65,69.34,70.96,8.9,15,66.85,69.32,Average,Training
E3489,Pratyusha Menon,23,Information Technology,Cloud Engineer,Full-Time,Permanent,B1,0.7,0.1,80.8,8,36,27,75.0,81.18,81.64,84.9,78.43,50.39,81.39,67.47,9.3,25,84.11,78.5,Good,Incentive
E3490,Chandrama Bhadauria,55,Finance,Financial Analyst,Contract,24 Months,B5,19.6,3.4,77.9,12,28,17,60.71,62.81,69.04,77.39,70.9,81.56,71.64,69.38,0.0,15,52.24,69.11,Average,Training
E3491,Shreya Lakhotia,27,Finance,Financial Analyst,Full-Time,Permanent,B2,3.7,2.1,92.4,8,35,29,82.86,77.13,80.7,79.67,68.93,57.88,77.04,77.0,0.0,5,32.93,76.43,Good,Incentive
E3492,Pratap Pandey,53,Marketing,Marketing Executive,Full-Time,Permanent,B5,16.3,13.5,93.8,8,37,26,70.27,72.3,68.61,76.5,64.6,67.09,74.69,72.96,10.1,40,97.56,74.61,Good,Training
E3493,Meera Shaw,38,Operations,Operations Manager,Full-Time,Permanent,B4,12.2,10.4,98.0,3,20,14,70.0,76.26,78.12,77.45,68.12,61.57,74.14,74.74,2.3,15,67.06,75.76,Good,Incentive
E3494,Hansvi Dadlani,46,Information Technology,Cloud Engineer,Full-Time,Permanent,B4,12.4,3.7,87.3,7,20,11,55.0,62.0,63.7,72.5,76.35,69.78,68.34,81.56,5.4,15,53.56,68.01,Average,Training
E3495,Madhuri Negi,24,Information Technology,Software Engineer,Contract,24 Months,B1,1.7,0.4,87.4,11,40,27,67.5,63.93,68.28,63.43,73.92,50.3,69.89,75.68,2.3,50,83.73,69.58,Average,Training
E3496,Harinakshi Kushwaha,23,Marketing,Digital Marketing Specialist,Part-Time,12 Months,B1,1.0,1.0,96.0,7,17,14,82.35,71.96,73.71,70.85,65.68,54.25,75.96,76.68,0.0,25,79.29,75.31,Good,Training
E3497,Suneeta Kharwar,57,Sales,Business Development Executive,Part-Time,12 Months,B5,31.9,12.2,91.7,8,20,15,75.0,69.47,68.35,69.67,76.64,75.37,72.23,62.48,0.1,20,76.3,73.53,Good,Training
E3498,Raghav Chakraborty,39,Information Technology,System Administrator,Full-Time,Permanent,B4,10.4,6.2,95.0,6,22,20,90.91,90.04,85.31,79.35,80.46,71.39,82.04,76.38,2.7,20,56.0,83.68,Excellent,Incentive
E3499,Ganga Jaitley,50,Marketing,Marketing Executive,Full-Time,Permanent,B4,13.4,8.0,80.1,7,20,12,60.0,69.29,64.54,73.59,79.53,73.17,69.99,79.12,0.0,20,62.89,70.33,Good,Training
E3500,Vardhaman Das,25,AI & Data Science,Data Analyst,Part-Time,12 Months,B1,1.7,1.0,96.9,8,44,36,81.82,87.17,77.93,83.25,77.6,64.35,81.73,82.37,13.5,25,62.83,81.54,Excellent,Incentive
E3501,Ramdhari Sahu,36,Sales,Sales Executive,Full-Time,Permanent,B2,3.7,2.9,96.5,2,44,33,75.0,81.0,74.79,78.2,75.37,57.03,76.99,88.9,13.2,10,50.15,77.19,Good,Training
E3502,Kavita Mukhopadhyay,52,AI & Data Science,Data Analyst,Part-Time,6 Months,B3,8.3,1.7,65.8,14,33,21,63.64,73.87,71.98,73.41,78.47,69.68,75.52,77.41,1.8,15,61.79,71.08,Good,Training
E3503,Shivani Kayasth,54,Finance,Financial Analyst,Part-Time,12 Months,B5,19.0,18.3,93.3,7,30,20,66.67,67.2,71.14,72.83,66.09,78.34,67.75,69.85,0.0,25,81.76,72.5,Good,Training
E3504,Chandramauli Dholakia,23,Human Resources,HR Analyst,Part-Time,12 Months,B1,0.8,0.7,90.4,10,33,24,72.73,82.1,75.07,68.96,66.61,51.55,79.46,74.77,0.4,10,60.51,73.84,Good,Training
E3505,Tanvi Supriyo,24,Human Resources,HR Executive,Full-Time,Permanent,B1,0.7,0.1,91.1,10,24,18,75.0,77.0,72.24,73.53,79.05,54.47,76.41,67.19,0.9,5,33.05,73.24,Good,Training
E3506,Harshal Rathore,29,Operations,Operations Executive,Full-Time,Permanent,B3,5.7,1.6,99.7,5,35,27,77.14,80.27,73.92,68.05,86.52,55.77,77.69,82.07,1.3,25,66.32,77.62,Good,Training
E3507,Rajat Yadav,31,Information Technology,Software Engineer,Full-Time,Permanent,B3,8.6,4.4,90.2,8,15,11,73.33,67.55,68.26,62.47,71.96,55.0,68.55,61.37,0.0,20,67.25,69.57,Average,Training
E3508,Devashish Dholakia,23,AI & Data Science,ML Engineer,Full-Time,Permanent,B1,0.5,0.1,92.5,8,15,8,53.33,56.56,55.62,55.81,79.7,56.54,65.16,76.38,0.0,5,45.39,62.59,Average,Training
E3509,Anuradha Lokhande,41,Human Resources,HR Executive,Contract,24 Months,B5,15.3,5.6,97.9,1,32,23,71.88,73.14,75.75,76.87,69.68,71.2,76.12,69.49,1.0,25,85.46,76.52,Good,Incentive
E3510,Shrikant Mandal,26,Sales,Business Development Executive,Full-Time,Permanent,B2,3.0,2.1,74.7,18,32,20,62.5,64.81,67.51,64.5,64.38,57.47,65.0,69.1,3.9,25,77.41,66.25,Average,PIP
E3511,Bhoomi Rajpoot,44,Operations,Process Analyst,Full-Time,Permanent,B5,19.1,5.6,91.5,7,22,17,77.27,74.62,79.77,84.45,74.22,85.93,75.28,76.28,0.0,15,48.26,78.28,Good,Incentive
E3512,Monika Chaurasiya,31,Human Resources,HR Analyst,Part-Time,6 Months,B3,8.2,1.5,93.8,9,20,16,80.0,80.98,82.34,71.25,70.55,70.86,76.51,67.01,0.0,15,51.72,76.93,Good,Incentive
E3513,Richa Dasgupta,29,Information Technology,Software Engineer,Full-Time,Permanent,B3,6.0,2.0,90.8,9,34,24,70.59,78.08,75.55,78.6,82.5,67.83,72.66,72.84,6.7,20,79.9,77.41,Good,Incentive
E3514,Shuchita Kakkar,38,AI & Data Science,ML Engineer,Full-Time,Permanent,B3,5.8,5.7,96.0,1,19,12,63.16,59.0,61.34,72.73,80.75,60.74,64.88,78.36,0.0,30,90.3,70.82,Good,Training
E3515,Indumati Shorey,41,Sales,Business Development Executive,Full-Time,Permanent,B5,15.0,12.6,72.0,11,30,17,56.67,71.37,70.12,67.1,62.47,66.82,71.24,58.88,9.2,30,74.13,66.79,Average,PIP
E3516,Shailendra Kedia,39,Information Technology,DevOps Engineer,Part-Time,6 Months,B4,14.4,7.4,80.0,5,29,18,62.07,65.88,62.32,70.74,76.76,73.57,68.31,61.25,8.6,25,63.91,68.18,Average,Training
E3517,Kashi Hazari,44,Information Technology,System Administrator,Full-Time,Permanent,B5,15.7,3.8,97.6,4,47,36,76.6,68.87,75.06,66.8,81.13,67.12,72.91,82.22,20.3,15,49.57,74.56,Good,Training
E3518,Arushi Purohit,55,Information Technology,DevOps Engineer,Contract,6 Months,B5,17.2,15.8,94.0,7,24,15,62.5,73.98,70.85,77.19,65.23,75.68,71.78,73.58,1.8,20,64.82,72.89,Good,Training
E3519,Shuchi Bedi,42,Information Technology,Software Engineer,Contract,12 Months,B3,5.4,0.9,82.1,8,16,15,93.75,91.03,87.73,91.47,89.74,61.31,82.59,80.63,3.9,5,49.02,85.46,Excellent,Incentive
E3520,Mrityunjay Choudhuri,32,Operations,Operations Manager,Contract,12 Months,B2,3.7,2.9,97.0,0,19,15,78.95,77.45,81.68,86.74,83.27,70.35,78.74,68.22,0.0,20,67.86,81.01,Excellent,Incentive
E3521,Apurva Shah,26,Operations,Process Analyst,Full-Time,Permanent,B2,2.2,0.0,96.4,2,26,18,69.23,69.03,68.15,79.27,78.27,53.04,71.21,87.24,1.3,50,99.03,75.84,Good,Training
E3522,Omprakash Mistry,35,AI & Data Science,Data Scientist,Full-Time,Permanent,B3,6.6,1.0,97.6,3,18,10,55.56,59.54,62.91,69.14,58.44,61.77,63.37,59.55,0.7,50,76.05,65.71,Average,Training
E3523,Sheetal Kaul,40,Information Technology,DevOps Engineer,Full-Time,Permanent,B4,12.0,1.3,92.2,10,34,21,61.76,67.42,61.87,75.15,73.02,71.74,63.08,64.73,6.9,40,80.79,70.47,Good,Training
E3524,Hitesh Garg,46,Information Technology,System Administrator,Full-Time,Permanent,B4,13.2,0.9,85.2,5,34,19,55.88,56.14,62.04,57.41,62.61,60.54,61.69,67.19,3.5,30,85.14,63.23,Average,Training
E3525,Vineet Lakhotia,55,AI & Data Science,Data Scientist,Part-Time,12 Months,B5,22.6,18.8,93.4,2,23,15,65.22,64.58,65.99,60.14,82.44,84.37,73.37,82.81,0.0,25,80.45,72.02,Good,Training
E3526,Rajnath Bachchan,31,Finance,Financial Analyst,Full-Time,Permanent,B3,8.9,7.0,97.2,7,31,22,70.97,78.6,72.73,79.7,82.68,64.59,69.54,64.9,3.7,10,41.68,75.32,Good,Training
E3527,Diksha Garg,32,Operations,Operations Manager,Full-Time,Permanent,B2,3.1,1.5,82.9,10,24,10,41.67,56.53,50.21,56.02,59.76,55.64,56.99,61.73,0.0,10,53.74,56.34,Needs Improvement,PIP
E3528,Anuja Seth,43,Information Technology,Software Engineer,Part-Time,12 Months,B5,18.7,7.5,91.5,8,25,18,72.0,75.75,74.24,70.58,66.79,77.51,74.77,72.1,1.1,25,78.72,74.87,Good,Training
E3529,Babloo Shankar,37,Customer Support,Support Analyst,Contract,6 Months,B3,7.1,2.7,97.7,1,46,23,50.0,55.61,60.41,63.43,71.21,53.26,60.27,66.99,13.4,20,57.11,63.19,Average,Training
E3530,Chaiti Modi,27,Information Technology,Software Engineer,Contract,12 Months,B1,1.5,0.5,94.2,6,22,17,77.27,82.14,82.18,73.46,79.21,56.23,80.45,74.48,0.0,40,78.12,79.06,Good,Incentive
E3531,Rajesh Bhargav,44,AI & Data Science,AI Engineer,Full-Time,Permanent,B4,14.3,1.8,80.2,14,25,16,64.0,63.76,61.5,66.93,66.52,77.64,67.96,81.48,0.5,15,57.77,67.34,Average,Training
E3532,Mahesh Chandrachud,45,Information Technology,Software Engineer,Part-Time,6 Months,B5,20.9,13.2,88.0,9,15,13,86.67,86.25,82.88,79.81,70.07,81.86,82.37,82.42,0.0,30,85.32,82.75,Excellent,Incentive
E3533,Shuchi Gautam,45,Operations,Operations Manager,Full-Time,Permanent,B5,21.8,6.1,96.2,4,27,15,55.56,58.03,59.83,68.43,62.0,81.71,64.33,70.42,0.0,10,41.49,64.99,Average,Training
E3534,Yashika Mehra,49,Information Technology,Cloud Engineer,Part-Time,12 Months,B5,17.5,3.5,97.3,7,17,11,64.71,75.29,67.57,64.41,64.03,64.8,75.13,70.5,5.3,15,60.14,70.46,Good,Training
E3535,Aradhya Agrawal,56,Information Technology,DevOps Engineer,Contract,6 Months,B5,27.3,4.9,85.1,11,29,11,37.93,46.05,46.15,56.19,73.46,74.36,56.61,74.65,14.2,50,85.63,58.37,Needs Improvement,PIP
E3536,Shaguun Patwari,55,Sales,Sales Executive,Contract,6 Months,B5,16.4,12.0,95.0,7,34,27,79.41,79.87,74.89,71.99,80.96,70.85,71.63,64.65,6.9,25,63.99,77.08,Good,Training
E3537,Prerna Bakshi,28,Human Resources,HR Executive,Full-Time,Permanent,B2,4.5,3.8,97.5,2,18,16,88.89,79.18,84.15,83.4,78.4,66.64,80.99,76.7,0.0,25,76.53,82.98,Excellent,Incentive
E3538,Neha Pal,56,Marketing,Digital Marketing Specialist,Full-Time,Permanent,B5,28.3,8.0,91.9,10,45,29,64.44,70.0,66.52,65.79,63.18,81.98,68.03,77.51,12.5,15,47.85,69.29,Average,Training
E3539,Revati Khosla,51,Human Resources,HR Analyst,Full-Time,Permanent,B5,17.9,6.2,84.5,9,33,22,66.67,75.78,69.72,70.86,82.49,70.86,72.02,77.97,3.9,20,59.06,73.15,Good,Training
E3540,Priyanka Azad,37,Information Technology,Cloud Engineer,Full-Time,Permanent,B4,13.2,11.3,91.3,7,40,30,75.0,68.66,77.75,71.51,65.94,69.25,72.64,74.23,5.3,30,78.13,74.37,Good,Training
E3541,Manikarnika Sengupta,43,Information Technology,DevOps Engineer,Contract,24 Months,B4,14.5,10.0,86.6,5,15,8,53.33,57.09,58.07,56.04,79.97,74.8,63.02,76.76,1.5,20,57.55,63.94,Average,Training
E3542,Abhinav Barjatya,38,AI & Data Science,AI Engineer,Full-Time,Permanent,B3,5.9,2.3,94.8,3,34,27,79.41,80.43,81.14,84.51,89.16,65.5,81.28,85.17,13.6,20,79.9,82.81,Excellent,Incentive
E3543,Piyush Bhatt,38,Operations,Operations Executive,Full-Time,Permanent,B4,12.8,11.2,69.4,13,32,17,53.12,60.59,57.05,59.25,71.56,65.33,65.99,70.26,3.6,15,57.69,61.56,Average,PIP
E3544,Abhishek Prakash,51,Finance,Financial Analyst,Full-Time,Permanent,B5,24.8,5.5,94.0,9,25,19,76.0,82.33,76.19,76.03,84.99,79.26,80.57,83.79,11.5,20,61.24,79.72,Good,Incentive
E3545,Neerja Mishra,32,AI & Data Science,ML Engineer,Full-Time,Permanent,B3,6.0,4.6,94.8,3,28,24,85.71,82.41,84.52,87.06,79.39,60.22,82.47,75.32,6.3,20,69.62,82.76,Excellent,Incentive
E3546,Kamya More,40,Sales,Account Manager,Full-Time,Permanent,B5,15.0,14.6,96.5,0,23,17,73.91,76.13,73.27,67.93,63.51,76.54,68.76,60.95,13.0,25,80.84,74.04,Good,Training
E3547,Neelima Shaw,43,Marketing,Marketing Executive,Contract,12 Months,B4,12.3,2.5,81.1,11,37,24,64.86,66.35,72.09,69.47,84.86,72.71,70.3,85.64,0.1,30,74.77,72.68,Good,Training
E3548,Shilpi Khurrana,26,Sales,Business Development Executive,Full-Time,Permanent,B2,3.4,1.1,88.9,5,35,26,74.29,71.93,71.55,75.09,74.67,51.04,76.07,74.18,5.9,25,74.64,74.08,Good,Training
E3549,Deepak Bhandari,42,Customer Support,Support Executive,Full-Time,Permanent,B5,18.9,9.9,68.8,25,59,31,52.54,61.46,63.66,64.67,63.61,80.35,67.99,75.28,26.3,5,45.51,63.05,Average,PIP
E3550,Sunanda Bhatnagar,56,Marketing,Marketing Executive,Contract,12 Months,B5,16.4,13.3,72.4,11,23,12,52.17,68.63,63.22,71.24,74.02,68.55,65.59,76.23,13.3,15,64.91,66.69,Average,PIP
E3551,Ketki Sahu,55,Marketing,Marketing Analyst,Contract,6 Months,B5,26.6,9.5,65.5,18,36,20,55.56,57.42,58.46,62.73,74.58,73.67,62.06,54.93,8.7,25,66.84,62.01,Average,PIP
E3552,Pradyuman Goyal,32,Human Resources,Talent Acquisition Specialist,Full-Time,Permanent,B2,3.9,1.2,86.1,14,42,30,71.43,75.52,70.15,66.25,72.13,58.28,72.44,67.17,7.1,20,73.6,71.9,Good,Training
E3553,Shatakshi Mahto,23,Finance,Finance Executive,Full-Time,Permanent,B1,0.8,0.4,82.4,15,38,29,76.32,78.14,71.84,77.65,78.18,54.73,72.02,68.17,12.4,15,66.48,74.72,Good,Training
E3554,Sohini Kadam,27,Sales,Sales Executive,Full-Time,Permanent,B2,3.7,3.4,84.6,9,27,18,66.67,72.03,69.57,70.53,74.8,61.32,71.67,78.57,7.5,25,64.93,71.58,Good,Training
E3555,Anusha Chakraborty,50,Sales,Account Manager,Full-Time,Permanent,B5,24.3,10.6,93.5,9,18,9,50.0,53.9,58.83,55.02,68.15,73.0,58.12,57.27,0.0,15,71.46,61.82,Average,Training
E3556,Kalavati Baghel,39,Operations,Operations Manager,Full-Time,Permanent,B3,5.3,0.7,84.6,7,17,11,64.71,75.92,75.33,68.71,67.25,50.52,70.33,63.74,0.0,30,89.34,71.58,Good,Training
E3557,Jagdeesh Sahay,35,Operations,Process Analyst,Full-Time,Permanent,B4,12.6,11.7,93.5,9,28,20,71.43,74.8,68.63,67.21,60.77,64.96,71.2,69.38,0.9,50,76.5,71.84,Good,Training
E3558,Sanjeev Gujjar,50,Marketing,Digital Marketing Specialist,Contract,24 Months,B3,7.1,1.9,91.4,8,17,14,82.35,84.48,82.2,74.1,81.96,65.93,80.96,76.5,1.0,15,59.38,79.94,Good,Incentive
E3559,Vinayak Khosla,57,Finance,Accountant,Full-Time,Permanent,B5,23.3,16.2,97.4,5,40,29,72.5,68.84,76.42,76.15,85.16,85.4,71.84,74.99,8.7,30,83.46,78.13,Good,Incentive
E3560,Bhagvant Dogra,53,Customer Support,Support Executive,Part-Time,6 Months,B5,15.4,14.9,97.2,3,36,24,66.67,61.95,70.48,65.65,67.83,78.99,70.62,75.74,3.1,40,99.08,72.44,Good,Training
E3561,Kunti Kamat,31,Information Technology,DevOps Engineer,Contract,6 Months,B2,4.1,3.6,66.4,13,28,17,60.71,69.32,67.42,67.29,79.0,59.38,73.16,74.58,6.1,15,57.33,67.47,Average,PIP
E3562,Nityanand Kadam,43,Operations,Process Analyst,Full-Time,Permanent,B3,6.1,2.8,85.2,8,39,26,66.67,63.75,72.29,65.51,71.87,67.79,65.43,62.34,11.2,40,83.76,69.91,Average,Training
E3563,Jayesh Mangeshkar,27,Sales,Business Development Executive,Contract,12 Months,B2,3.9,3.8,90.6,4,30,24,80.0,77.33,73.97,74.35,68.1,56.28,70.09,63.43,12.7,15,48.1,73.61,Good,Training
E3564,Vaagdevi Choudhuri,53,Customer Support,Support Executive,Full-Time,Permanent,B5,24.2,12.7,67.8,18,42,32,76.19,73.56,76.4,82.54,84.49,91.77,77.17,88.03,10.7,15,66.21,77.69,Good,Incentive
E3565,Suyash Rathod,42,AI & Data Science,Data Analyst,Full-Time,Permanent,B4,14.1,3.0,82.0,9,43,26,60.47,65.42,66.77,61.19,62.26,57.92,71.81,77.83,7.1,20,65.11,66.14,Average,Training
E3566,Ketki Sen,24,Human Resources,HR Analyst,Full-Time,Permanent,B1,0.6,0.3,97.2,7,21,18,85.71,77.82,82.56,80.82,78.15,64.53,81.66,91.11,2.3,10,50.22,80.95,Excellent,Incentive
E3567,Soni Jethwani,26,Human Resources,HR Executive,Full-Time,Permanent,B2,2.8,0.4,96.4,0,33,24,72.73,78.4,79.67,74.41,77.27,54.07,77.49,80.3,3.2,50,94.07,78.45,Good,Incentive
E3568,Shubhendu Advani,47,Human Resources,Talent Acquisition Specialist,Contract,6 Months,B5,18.0,3.4,77.4,24,25,15,60.0,71.83,69.49,73.68,70.87,83.77,70.8,73.71,1.6,30,87.62,71.87,Good,Training
E3569,Ashwin Rathore,44,Operations,Operations Executive,Full-Time,Permanent,B5,18.8,13.4,96.3,5,34,25,73.53,72.37,74.24,74.98,68.13,85.27,71.39,75.19,8.0,25,73.44,75.98,Good,Training
E3570,Rajeev Jain,32,Marketing,Marketing Analyst,Full-Time,Permanent,B3,5.3,0.5,92.8,7,22,12,54.55,63.42,65.25,65.52,62.03,62.28,66.21,64.54,1.7,20,57.75,65.33,Average,Training
E3571,Ritu Shorey,32,Customer Support,Support Executive,Contract,12 Months,B3,5.1,3.7,93.7,6,36,21,58.33,58.41,66.19,62.89,62.97,52.2,64.1,64.05,13.0,30,85.07,65.81,Average,Training
E3572,Udayraj Modi,28,AI & Data Science,ML Engineer,Full-Time,Permanent,B2,2.7,1.9,90.0,7,27,21,77.78,74.74,77.37,70.51,72.79,64.87,73.62,80.66,0.3,40,93.8,76.99,Good,Incentive
E3573,Madhuri Gokhale,52,Finance,Finance Executive,Full-Time,Permanent,B5,20.6,3.5,66.8,22,27,18,66.67,64.24,62.8,60.07,76.56,75.91,68.22,76.23,6.3,40,85.89,67.72,Average,PIP
E3574,Upagya Bhaskar,38,Information Technology,Software Engineer,Full-Time,Permanent,B4,11.3,1.1,96.0,2,35,24,68.57,79.14,69.26,71.18,81.2,64.08,71.74,65.1,7.2,5,46.08,73.29,Good,Training
E3575,Pushkar Bahl,30,Finance,Finance Executive,Full-Time,Permanent,B2,3.8,0.2,90.2,4,18,10,55.56,64.52,66.75,72.27,66.79,59.76,73.96,81.59,4.5,40,96.63,70.16,Good,Training
E3576,Hardik Nautiyal,35,Marketing,Marketing Executive,Full-Time,Permanent,B3,7.6,4.8,97.4,8,30,23,76.67,79.95,73.61,69.44,62.54,69.14,72.72,59.94,4.3,50,91.95,75.63,Good,Training
E3577,Indrajit Deol,30,Customer Support,Support Analyst,Full-Time,Permanent,B2,3.5,0.8,92.1,6,35,21,60.0,58.47,65.54,74.19,74.88,56.26,67.93,66.88,2.9,15,67.93,68.38,Average,Training
E3578,Mridula Bose,27,Sales,Account Manager,Full-Time,Permanent,B2,2.7,2.3,99.8,3,21,18,85.71,82.27,83.17,73.75,80.94,60.52,80.9,65.53,1.6,30,90.35,81.67,Excellent,Incentive
E3579,Anoop Desai,33,Customer Support,Support Executive,Full-Time,Permanent,B3,8.0,4.8,96.7,3,41,33,80.49,84.1,77.58,75.3,76.97,71.72,75.94,62.85,7.8,40,94.84,80.25,Excellent,Incentive
E3580,Lavisha Chaurasiya,42,Operations,Operations Manager,Contract,6 Months,B4,12.6,11.7,91.0,4,34,23,67.65,71.72,66.34,76.72,84.03,79.61,70.14,82.84,10.4,25,74.02,75.2,Good,Training
E3581,Roopa Kushwaha,40,Sales,Business Development Executive,Full-Time,Permanent,B3,8.3,3.0,94.5,8,31,25,80.65,82.33,80.6,87.41,89.08,72.55,84.25,86.01,2.5,25,67.02,83.5,Excellent,Incentive
E3582,Shakumbhari Nagar,32,Customer Support,Customer Success Associate,Full-Time,Permanent,B2,4.3,0.2,97.7,3,31,21,67.74,71.93,71.53,69.76,84.29,52.97,77.56,84.59,0.0,30,74.42,74.82,Good,Training
E3583,Kalpana Vyas,52,Human Resources,HR Analyst,Full-Time,Permanent,B5,19.3,17.2,93.4,3,16,9,56.25,66.25,67.09,61.19,77.08,67.54,71.89,68.51,0.0,15,49.97,67.56,Average,Training
E3584,Rudra Som,53,Sales,Business Development Executive,Full-Time,Permanent,B4,14.2,8.8,90.7,5,26,19,73.08,65.58,75.06,78.36,66.36,72.5,68.59,66.57,0.0,30,70.98,73.45,Good,Training
E3585,Amogh Kedia,26,Information Technology,Software Engineer,Contract,12 Months,B1,1.4,1.3,83.9,6,38,25,65.79,66.77,64.71,69.92,72.1,50.07,63.97,62.9,11.6,10,55.02,67.28,Average,Training
E3586,Vikalp Modi,28,Human Resources,HR Executive,Full-Time,Permanent,B2,2.5,1.3,90.3,5,15,13,86.67,74.51,75.48,79.32,78.83,61.51,72.63,77.6,0.0,40,81.34,78.96,Good,Incentive
E3587,Archana Bind,48,Sales,Business Development Executive,Contract,12 Months,B5,17.7,4.8,97.5,1,26,20,76.92,83.14,82.34,85.65,79.29,79.34,82.52,75.74,0.0,25,65.52,82.04,Excellent,Incentive
E3588,Nagesh Dasgupta,39,Customer Support,Support Executive,Full-Time,Permanent,B4,11.6,3.4,67.0,14,44,24,54.55,64.95,63.41,75.49,76.62,61.23,69.08,80.43,13.3,40,86.44,67.98,Average,PIP
E3589,Upendra Mantri,28,Finance,Financial Analyst,Full-Time,Permanent,B3,6.0,2.1,84.2,12,30,21,70.0,79.99,76.16,77.64,72.43,64.89,82.5,89.14,4.8,15,65.16,76.32,Good,Incentive
E3590,Indrajit Prajapati,33,Operations,Process Analyst,Full-Time,Permanent,B2,4.2,0.2,80.6,11,44,27,61.36,63.84,68.18,71.43,71.31,61.59,69.84,68.01,6.5,10,45.8,67.17,Average,Training
E3591,Shridevi Pradhan,47,AI & Data Science,Data Scientist,Full-Time,Permanent,B3,7.9,4.7,97.7,2,22,13,59.09,68.09,64.85,63.12,59.44,67.39,64.53,59.89,3.4,10,50.97,66.13,Average,Training
E3592,Chanchal Kulkarni,29,AI & Data Science,Data Analyst,Full-Time,Permanent,B1,1.8,0.0,100.0,3,45,38,84.44,74.96,82.77,80.54,84.02,56.2,80.12,71.72,5.9,10,56.56,80.04,Excellent,Incentive
E3593,Savitri Sawant,44,Marketing,Digital Marketing Specialist,Full-Time,Permanent,B4,9.7,8.9,70.0,15,42,22,52.38,57.31,55.16,63.94,68.73,57.99,66.7,77.85,9.2,15,52.48,60.94,Average,PIP
E3594,Ashutosh Som,53,Information Technology,Cloud Engineer,Full-Time,Permanent,B5,27.9,21.6,81.4,5,17,14,82.35,79.87,82.14,87.54,78.79,81.77,79.67,86.55,0.0,50,76.36,82.02,Excellent,Incentive
E3595,Shekhar Sood,45,Finance,Accountant,Contract,6 Months,B5,17.1,13.3,97.0,0,29,20,68.97,63.28,71.4,64.81,72.19,64.18,70.88,65.18,12.4,15,64.11,70.41,Good,Training
E3596,Vaidehi Chakraborty,47,Human Resources,HR Executive,Full-Time,Permanent,B5,19.8,15.5,91.2,2,22,18,81.82,80.41,80.32,77.62,83.74,72.97,74.57,66.5,3.7,15,56.92,79.07,Good,Incentive
E3597,Anubhav Jadhav,38,Human Resources,HR Analyst,Full-Time,Permanent,B2,4.3,1.6,90.1,5,18,15,83.33,87.06,85.65,74.31,64.76,53.3,80.15,77.7,11.6,50,78.2,79.51,Good,Incentive
E3598,Upasana Maurya,35,Customer Support,Support Executive,Full-Time,Permanent,B3,8.8,6.4,82.4,6,37,25,67.57,78.53,70.67,74.49,62.74,68.33,71.54,64.64,18.1,25,72.54,72.06,Good,Training
E3599,Natwar Baranwal,35,Information Technology,Software Engineer,Full-Time,Permanent,B4,10.4,8.8,90.5,10,23,15,65.22,68.89,68.72,76.71,74.5,60.4,67.28,74.16,0.2,25,86.28,72.84,Good,Training
E3600,Chandrashekhar Thakkar,54,Marketing,Marketing Analyst,Full-Time,Permanent,B5,19.6,1.7,92.1,4,32,24,75.0,71.88,75.51,67.14,74.25,74.59,74.51,70.55,5.3,30,85.51,75.32,Good,Training
E3601,Jagdish Bansal,30,Operations,Process Analyst,Full-Time,Permanent,B2,4.0,2.1,90.9,9,27,20,74.07,69.49,72.21,74.44,83.3,69.09,76.81,82.25,4.0,30,92.18,76.97,Good,Training
E3602,Indraneel More,24,Finance,Accountant,Full-Time,Permanent,B1,1.1,0.4,97.4,2,31,25,80.65,78.25,82.45,74.07,74.73,62.47,82.49,77.29,2.2,15,66.37,78.96,Good,Incentive
E3603,Shweta Kaushik,50,Information Technology,DevOps Engineer,Full-Time,Permanent,B5,26.4,2.9,92.1,10,37,31,83.78,79.28,84.23,72.7,77.9,81.63,80.36,87.38,0.4,5,44.91,79.71,Good,Incentive
E3604,Neelima Mukherjee,23,Marketing,Marketing Executive,Part-Time,6 Months,B1,0.5,0.3,93.4,2,16,13,81.25,71.62,79.05,82.73,76.04,48.77,72.04,70.19,0.0,50,89.08,78.15,Good,Incentive
E3605,Hansini Dadhich,26,Sales,Sales Executive,Full-Time,Permanent,B2,2.3,1.9,96.7,2,45,33,73.33,73.74,71.86,80.62,76.79,64.37,70.18,68.28,3.1,40,97.24,77.29,Good,Training
E3606,Sangeet Mittal,32,Information Technology,Software Engineer,Full-Time,Permanent,B2,4.9,1.6,82.0,6,22,20,90.91,93.69,86.03,85.89,73.78,55.12,90.87,88.94,0.0,15,66.74,84.14,Excellent,Incentive
E3607,Shivpoojan Ahir,36,AI & Data Science,ML Engineer,Full-Time,Permanent,B4,10.9,1.0,90.8,6,22,17,77.27,69.93,78.52,83.27,81.3,67.84,74.75,73.35,0.0,30,89.17,78.81,Good,Incentive
E3608,Vidya Patel,39,Marketing,Digital Marketing Specialist,Full-Time,Permanent,B3,6.7,5.7,82.2,15,25,19,76.0,75.27,73.0,73.72,72.47,64.74,71.54,73.72,6.5,15,51.35,73.23,Good,Training
E3609,Moni Mondal,24,Operations,Operations Executive,Full-Time,Permanent,B1,0.7,0.1,87.0,5,28,18,64.29,72.63,69.09,70.66,82.04,57.0,68.69,68.61,5.6,15,50.19,70.63,Good,Training
E3610,Shyamali Guha,25,AI & Data Science,Data Analyst,Full-Time,Permanent,B1,1.1,0.5,94.7,3,41,30,73.17,72.38,69.71,74.94,76.35,65.29,77.18,80.62,0.0,20,56.82,74.63,Good,Training
E3611,Himani Guru,42,Finance,Financial Analyst,Contract,12 Months,B3,6.8,4.8,69.8,25,32,20,62.5,65.91,61.87,65.62,73.79,63.64,71.47,80.51,0.0,40,84.57,67.75,Average,PIP
E3612,Harshini Deewan,56,Human Resources,HR Executive,Full-Time,Permanent,B5,23.7,8.8,76.0,11,22,14,63.64,72.72,65.6,72.77,68.99,77.16,70.7,83.08,3.7,20,65.27,70.52,Good,Training
E3613,Nishi Khajuria,53,Marketing,Digital Marketing Specialist,Full-Time,Permanent,B5,23.9,19.4,83.3,6,42,25,59.52,58.15,64.47,71.26,73.5,78.79,68.31,66.96,7.9,10,48.72,66.83,Average,Training
E3614,Shashinath Goenka,40,Human Resources,HR Executive,Full-Time,Permanent,B4,12.7,12.3,91.1,2,31,22,70.97,69.36,68.97,79.34,71.75,75.66,73.12,67.19,0.2,25,74.43,74.1,Good,Training
E3615,Vaagdevi Pandit,41,Finance,Accountant,Contract,24 Months,B4,10.9,6.0,86.8,15,43,26,60.47,74.23,71.59,66.41,64.14,61.64,74.97,74.4,5.3,10,54.03,69.25,Average,Training
E3616,Rashika Jaiswal,30,Sales,Business Development Executive,Full-Time,Permanent,B3,7.9,5.4,97.6,6,24,17,70.83,76.04,76.34,75.24,76.42,65.85,76.35,75.05,6.7,15,68.29,76.45,Good,Incentive
E3617,Shaily Ketkar,25,Human Resources,HR Analyst,Full-Time,Permanent,B2,2.2,0.1,87.7,6,34,21,61.76,61.77,59.86,57.76,78.88,60.51,65.37,80.07,14.5,10,62.93,66.27,Average,Training
E3618,Stuti Khandelwal,44,Marketing,Marketing Executive,Full-Time,Permanent,B3,7.6,3.5,87.3,8,16,12,75.0,72.41,78.01,74.11,83.55,62.48,76.66,80.48,2.0,25,82.75,77.13,Good,Incentive
E3619,Om Khattar,39,Finance,Accountant,Full-Time,Permanent,B3,7.9,1.6,97.9,5,32,22,68.75,66.62,65.98,67.39,79.44,56.68,73.83,83.49,11.1,20,55.09,71.5,Good,Training
E3620,Abhinesh Srivatsa,31,AI & Data Science,Data Scientist,Contract,12 Months,B3,8.8,5.3,97.2,0,26,19,73.08,66.53,69.9,67.03,75.62,70.95,72.36,83.18,0.0,40,76.72,73.92,Good,Training
E3621,Umashankar Tiwari,43,Sales,Sales Executive,Full-Time,Permanent,B4,10.4,7.8,97.3,4,23,20,86.96,81.55,83.34,71.87,75.21,65.98,80.47,89.55,3.9,20,63.22,80.77,Excellent,Incentive
E3622,Amar Bhatia,54,Marketing,Digital Marketing Specialist,Full-Time,Permanent,B5,19.2,12.4,96.3,3,42,33,78.57,84.04,78.56,72.54,75.53,82.42,77.24,82.84,12.9,30,89.63,80.85,Excellent,Incentive
E3623,Foolkumari Sahu,57,Marketing,Marketing Executive,Full-Time,Permanent,B4,10.2,9.2,80.8,12,29,18,62.07,64.01,60.67,64.53,65.43,62.2,66.63,78.52,6.3,15,65.55,65.96,Average,Training
E3624,Narad Patil,33,Information Technology,Software Engineer,Full-Time,Permanent,B4,9.5,8.3,99.9,0,35,25,71.43,68.32,70.04,71.88,74.07,61.77,68.3,74.98,0.6,20,63.16,73.06,Good,Training
E3625,Sudeshna Dhanuka,26,AI & Data Science,Data Analyst,Contract,12 Months,B1,1.5,1.2,92.2,6,32,19,59.38,68.04,61.32,59.21,78.01,50.03,68.21,72.93,1.7,30,80.41,67.79,Average,Training
E3626,Chandrama Deol,52,Information Technology,Software Engineer,Full-Time,Permanent,B5,24.7,16.6,90.8,8,32,19,59.38,58.54,66.35,70.39,74.94,78.09,66.38,77.97,9.3,20,64.86,69.14,Average,Training
E3627,Mukund Sahay,49,Operations,Process Analyst,Contract,12 Months,B3,8.4,5.7,90.2,9,29,22,75.86,74.02,79.96,70.31,69.42,57.42,77.69,75.38,8.3,5,42.52,73.64,Good,Training
E3628,Urmila Singh,42,Information Technology,DevOps Engineer,Part-Time,12 Months,B4,11.1,11.0,96.0,3,31,20,64.52,76.27,74.44,72.29,78.16,67.38,79.58,83.35,7.6,15,60.69,75.09,Good,Training
E3629,Yamuna Trivedi,33,Sales,Business Development Executive,Full-Time,Permanent,B3,8.2,7.6,88.3,9,36,30,83.33,80.08,81.89,85.85,74.01,61.49,78.93,69.25,5.0,25,70.77,79.93,Good,Incentive
E3630,Priyanshi Nair,31,Customer Support,Support Executive,Contract,6 Months,B2,4.8,3.5,96.5,0,25,19,76.0,80.2,72.32,74.77,77.43,67.13,74.87,68.49,2.4,10,64.29,76.63,Good,Training
E3631,Avdhesh Acharya,31,Sales,Account Manager,Full-Time,Permanent,B3,7.3,1.1,94.4,2,38,26,68.42,68.07,72.0,68.23,80.38,66.07,74.61,83.01,8.5,25,86.2,74.48,Good,Training
E3632,Tanisha Atrey,48,Finance,Finance Executive,Part-Time,12 Months,B5,18.4,3.2,77.2,20,28,19,67.86,62.77,64.12,69.28,75.36,79.89,70.66,75.12,0.0,20,61.27,69.21,Average,Training
E3633,Kartik Chopra,35,Marketing,Marketing Executive,Contract,24 Months,B4,11.0,3.2,93.3,3,19,14,73.68,77.6,71.53,67.83,70.78,71.03,75.85,73.9,0.0,5,33.46,72.72,Good,Training
E3634,Ruchi Kumar,41,Human Resources,Talent Acquisition Specialist,Full-Time,Permanent,B3,5.9,1.3,81.1,6,27,22,81.48,87.11,85.16,87.51,88.04,73.62,79.09,70.66,9.5,40,75.65,83.05,Excellent,Incentive
E3635,Vishwanath Ambedkar,35,Operations,Operations Executive,Full-Time,Permanent,B4,12.3,6.0,77.8,18,20,16,80.0,71.79,75.15,82.38,85.06,74.86,75.85,82.17,0.0,20,69.36,77.8,Good,Incentive
E3636,Ramdev Ranaut,50,Operations,Operations Executive,Full-Time,Permanent,B3,8.4,5.0,94.5,10,26,17,65.38,62.48,63.59,66.57,83.01,55.87,66.55,83.02,0.0,15,66.86,70.07,Good,Training
E3637,Prakash Chaubey,32,AI & Data Science,ML Engineer,Full-Time,Permanent,B2,2.6,2.2,91.9,8,15,9,60.0,59.87,62.05,72.33,64.45,63.22,67.42,64.96,3.9,20,67.66,66.94,Average,Training
E3638,Pragati Patil,35,Finance,Financial Analyst,Contract,12 Months,B2,3.7,0.5,99.4,5,34,23,67.65,72.0,70.56,72.78,79.87,53.16,68.55,71.55,0.0,30,78.35,73.96,Good,Training
E3639,Devasena Rathore,55,Finance,Financial Analyst,Full-Time,Permanent,B4,14.1,4.8,87.9,14,17,12,70.59,73.78,73.63,82.01,85.84,69.79,78.06,76.93,0.0,20,72.84,77.26,Good,Training
E3640,Gautam Sagar,42,Finance,Finance Executive,Contract,24 Months,B5,16.5,2.9,91.2,3,40,32,80.0,72.84,81.37,82.3,89.57,82.11,81.64,89.3,4.8,10,41.55,80.28,Excellent,Incentive
E3641,Ishika Baghel,55,Information Technology,Software Engineer,Contract,12 Months,B5,22.7,15.8,97.1,6,30,20,66.67,62.67,67.97,68.32,78.87,73.93,67.25,61.02,8.5,25,84.73,71.79,Good,Training
E3642,Devashish Jain,52,Information Technology,Software Engineer,Full-Time,Permanent,B4,13.2,5.9,94.2,5,22,18,81.82,87.26,85.09,79.92,69.03,73.85,81.14,72.3,0.0,20,73.43,81.47,Excellent,Incentive
E3643,Sunidhi Shorey,38,Sales,Sales Executive,Full-Time,Permanent,B3,8.5,4.1,80.1,8,26,15,57.69,59.49,66.44,65.61,75.92,57.22,62.09,65.53,0.0,40,76.91,66.07,Average,Training
E3644,Vandana Kelkar,54,Information Technology,Cloud Engineer,Full-Time,Permanent,B4,12.1,2.8,87.0,10,30,17,56.67,68.29,60.22,71.65,69.51,63.41,72.18,78.37,5.8,25,85.28,69.14,Average,Training
E3645,Harsha Narayan,25,AI & Data Science,Data Analyst,Part-Time,6 Months,B2,2.6,1.5,80.5,11,22,15,68.18,79.22,69.47,66.44,77.68,63.83,74.15,63.03,2.8,25,72.23,71.98,Good,Training
E3646,Amogh Dwivedi,42,Customer Support,Support Executive,Part-Time,12 Months,B4,14.7,2.9,87.2,14,60,43,71.67,77.94,74.11,71.08,82.64,68.94,73.11,77.62,18.4,20,58.34,75.1,Good,Training
E3647,Gagan Jindal,38,Sales,Sales Executive,Full-Time,Permanent,B3,6.5,3.9,85.2,11,48,33,68.75,73.63,76.42,77.79,67.03,67.18,69.67,66.41,15.5,20,68.27,73.29,Good,Training
E3648,Varuna Modi,55,Marketing,Digital Marketing Specialist,Contract,6 Months,B5,30.3,20.6,93.4,3,23,12,52.17,64.16,61.63,70.32,75.89,86.68,63.79,72.63,0.0,15,48.18,67.73,Average,Training
E3649,Amit Kashyap,34,Sales,Sales Executive,Contract,6 Months,B3,8.9,3.4,93.2,8,38,26,68.42,68.68,72.54,66.84,82.59,66.33,75.85,75.01,12.8,20,77.5,73.79,Good,Training
E3650,Veena Patel,50,Customer Support,Customer Success Associate,Contract,12 Months,B3,7.7,5.4,97.3,8,36,30,83.33,84.07,84.04,78.38,79.62,69.15,80.95,78.89,14.2,30,83.08,82.77,Excellent,Incentive
E3651,Prabha Dogra,36,Information Technology,Software Engineer,Part-Time,12 Months,B2,3.7,0.7,96.4,4,34,21,61.76,67.53,66.53,74.61,60.01,51.0,67.68,59.78,6.4,25,87.15,69.49,Average,Training
E3652,Rakesh Advani,37,Operations,Operations Manager,Contract,12 Months,B3,5.5,0.4,91.5,4,21,15,71.43,75.72,78.18,75.95,78.71,58.79,80.17,86.44,9.7,20,61.68,76.57,Good,Incentive
E3653,Manish Gaur,33,Operations,Operations Manager,Full-Time,Permanent,B3,7.4,6.2,85.8,12,21,16,76.19,79.2,75.76,75.61,79.42,61.48,73.94,66.04,0.0,15,70.18,76.12,Good,Incentive
E3654,Shubh Damani,47,Human Resources,Talent Acquisition Specialist,Full-Time,Permanent,B5,15.8,4.1,94.6,3,42,32,76.19,75.99,75.53,69.45,73.36,80.94,76.88,66.12,12.8,25,75.43,76.34,Good,Training
E3655,Sudheer Saha,46,Human Resources,HR Executive,Full-Time,Permanent,B5,16.1,5.8,82.2,11,32,26,81.25,85.23,84.57,80.5,81.06,69.42,80.66,65.22,10.6,20,75.57,80.6,Excellent,Incentive
E3656,Ayushi Mukherjee,24,Finance,Accountant,Full-Time,Permanent,B1,1.3,1.1,95.0,4,44,32,72.73,73.79,76.34,71.2,62.23,48.02,70.81,63.58,13.5,5,36.74,70.79,Good,Training
E3657,Mona Sagar,55,Finance,Accountant,Contract,12 Months,B5,21.4,10.4,97.2,4,45,29,64.44,73.5,68.83,67.64,70.38,74.65,68.49,65.61,3.9,20,78.48,72.28,Good,Training
E3658,Niharika Raj,31,AI & Data Science,Data Scientist,Full-Time,Permanent,B3,6.6,2.1,85.1,5,16,9,56.25,71.33,69.2,75.4,82.49,72.63,71.31,76.19,0.0,20,67.49,71.97,Good,Training
E3659,Guddoo Shastry,45,Sales,Sales Executive,Full-Time,Permanent,B5,18.7,16.6,90.7,9,49,31,63.27,69.56,67.5,77.97,75.9,83.97,72.16,70.96,14.5,5,43.71,71.95,Good,Training
E3660,Shubham Chandravanshi,47,AI & Data Science,ML Engineer,Full-Time,Permanent,B3,7.6,1.0,85.0,12,34,21,61.76,67.77,70.29,78.57,83.96,58.79,72.21,67.97,0.0,10,55.05,71.36,Good,Training
E3661,Sudheer Kapoor,37,Information Technology,DevOps Engineer,Full-Time,Permanent,B4,13.6,6.2,91.3,9,36,27,75.0,83.69,75.91,79.18,87.34,82.28,81.88,80.8,10.3,30,82.06,81.28,Excellent,Incentive
E3662,Akhil Sarkar,25,Sales,Business Development Executive,Contract,6 Months,B2,2.1,0.2,93.8,9,22,19,86.36,87.42,84.7,80.14,86.08,59.94,81.29,80.32,1.6,25,81.0,83.91,Excellent,Incentive
E3663,Kartikeya Bishnoi,36,Marketing,Marketing Analyst,Contract,24 Months,B2,4.6,2.2,91.8,4,30,18,60.0,69.72,65.74,77.78,64.38,61.48,65.78,60.1,10.5,40,95.15,70.73,Good,Training
E3664,Manu Ganguly,40,AI & Data Science,Data Scientist,Full-Time,Permanent,B5,17.6,1.8,94.3,3,18,10,55.56,54.02,58.35,69.16,63.42,72.85,59.26,66.02,2.8,30,73.58,64.92,Average,Training
E3665,Kedar Rana,23,Operations,Process Analyst,Full-Time,Permanent,B1,0.8,0.2,93.4,9,41,34,82.93,79.53,81.66,80.69,71.92,61.13,77.8,71.47,3.0,25,75.15,79.53,Good,Incentive
E3666,Janki Bhattacharya,49,AI & Data Science,Data Analyst,Full-Time,Permanent,B4,14.9,2.5,96.4,6,40,30,75.0,67.52,72.06,73.17,76.81,65.28,74.93,84.31,12.8,15,52.65,74.34,Good,Training
E3667,Swati Gaonkar,27,Customer Support,Customer Success Associate,Full-Time,Permanent,B2,2.9,1.4,92.9,10,36,24,66.67,67.89,66.28,69.5,78.73,58.77,67.68,72.94,3.5,25,75.85,71.48,Good,Training
E3668,Gunjan Batra,51,AI & Data Science,ML Engineer,Full-Time,Permanent,B4,11.9,3.9,97.6,8,17,13,76.47,73.47,79.37,72.49,69.79,60.66,77.71,66.76,0.0,25,86.8,76.61,Good,Incentive
E3669,Anusha Ghosh,34,Human Resources,HR Analyst,Contract,12 Months,B3,6.1,4.1,96.7,8,33,23,69.7,80.25,71.39,66.2,84.75,62.43,74.04,84.29,0.0,30,89.62,76.8,Good,Training
E3670,Ishani Nag,25,AI & Data Science,Data Scientist,Full-Time,Permanent,B1,1.2,0.3,97.7,6,30,27,90.0,91.11,83.04,89.88,71.2,59.65,82.43,69.75,5.2,50,92.68,85.22,Excellent,Incentive
E3671,Shivani Vishwakarma,48,Finance,Accountant,Full-Time,Permanent,B5,21.8,17.2,84.4,9,42,31,73.81,76.66,76.97,71.16,85.21,74.11,79.14,81.09,5.0,15,59.17,76.43,Good,Incentive
E3672,Akshay Bhat,45,Marketing,Marketing Analyst,Full-Time,Permanent,B5,19.9,14.7,97.6,0,32,28,87.5,80.22,80.37,71.05,66.9,85.45,74.36,71.63,12.7,30,92.11,80.5,Excellent,Incentive
E3673,Anubhuti Joshi,38,Operations,Operations Executive,Full-Time,Permanent,B3,8.5,1.7,87.3,15,45,33,73.33,73.68,78.0,76.1,77.18,71.52,77.78,76.24,11.6,15,67.75,76.28,Good,Incentive
E3674,Anirudh Bhat,50,Customer Support,Support Executive,Full-Time,Permanent,B5,26.4,19.0,92.6,5,53,42,79.25,82.66,83.57,73.9,90.3,90.16,85.73,89.49,19.9,30,71.19,83.03,Excellent,Incentive
E3675,Manishankar Shandilya,39,Sales,Sales Executive,Full-Time,Permanent,B3,6.3,6.1,96.9,4,46,33,71.74,68.59,68.02,76.22,74.49,64.69,74.35,77.66,10.1,20,67.71,74.04,Good,Training
E3676,Yogesh Anand,23,Human Resources,HR Executive,Full-Time,Permanent,B1,0.4,0.1,96.9,7,18,14,77.78,70.54,71.73,72.37,74.66,61.31,74.25,71.22,0.0,15,52.29,73.97,Good,Training
E3677,Gautami Mandal,31,Human Resources,HR Executive,Part-Time,6 Months,B3,5.2,3.3,92.7,3,28,19,67.86,68.57,67.31,70.64,77.33,52.12,71.52,71.71,5.9,40,93.21,72.59,Good,Training
E3678,Mansa Khatri,37,AI & Data Science,Data Scientist,Full-Time,Permanent,B3,7.7,0.5,81.3,10,26,21,80.77,76.58,74.56,80.59,70.49,71.47,78.26,81.72,0.0,25,71.64,77.21,Good,Training
E3679,Kanakprasad Soman,26,Sales,Sales Executive,Part-Time,6 Months,B1,1.8,1.4,97.8,0,39,30,76.92,76.86,73.86,70.24,76.48,59.17,71.48,62.8,17.9,30,70.09,75.29,Good,Training
E3680,Pratyasha Sardana,32,Operations,Process Analyst,Full-Time,Permanent,B4,9.9,5.7,85.6,15,31,23,74.19,81.34,71.88,83.24,78.94,69.46,80.13,84.16,3.3,15,67.64,78.12,Good,Training
E3681,Gautami Mishra,33,Sales,Business Development Executive,Contract,12 Months,B3,5.0,1.3,83.6,15,20,11,55.0,55.28,62.99,57.93,57.74,44.77,57.85,56.81,0.0,10,51.12,59.34,Needs Improvement,PIP
E3682,Sonal Shaw,40,Human Resources,HR Executive,Full-Time,Permanent,B4,9.0,0.1,97.6,3,20,9,45.0,59.59,59.1,57.86,61.93,56.36,62.06,73.2,0.0,40,97.93,63.66,Average,Training
E3683,Rakshit Khosla,42,Operations,Operations Executive,Full-Time,Permanent,B4,14.8,3.6,92.7,7,30,23,76.67,79.15,80.02,80.65,84.08,76.08,77.56,77.02,5.5,40,95.86,81.48,Excellent,Incentive
E3684,Pritika Deo,43,Sales,Sales Executive,Full-Time,Permanent,B3,5.3,1.5,92.6,7,24,18,75.0,78.68,79.96,70.81,71.64,57.12,78.43,70.53,3.6,30,88.2,76.81,Good,Incentive
E3685,Amish Modi,31,Finance,Accountant,Full-Time,Permanent,B3,5.1,0.2,84.7,15,21,16,76.19,74.09,77.17,83.24,66.25,70.36,70.27,66.44,0.0,15,65.7,75.34,Good,Incentive
E3686,Ravishankar Khatri,47,Operations,Operations Manager,Full-Time,Permanent,B3,8.8,5.3,91.5,9,28,19,67.86,70.24,70.97,77.63,68.11,65.76,73.18,64.88,0.0,15,65.78,72.45,Good,Training
E3687,Jyotiraditya Tata,54,Marketing,Marketing Analyst,Part-Time,12 Months,B4,10.3,1.3,94.4,2,28,25,89.29,87.17,88.45,90.67,91.77,67.79,87.45,85.61,11.6,15,59.05,86.95,Excellent,Incentive
E3688,Kamlesh Sonkar,23,Information Technology,DevOps Engineer,Full-Time,Permanent,B1,0.4,0.4,93.6,7,38,30,78.95,77.79,75.39,72.3,75.73,60.85,70.95,68.02,13.4,15,53.97,75.29,Good,Incentive
E3689,Shivam Som,30,Sales,Business Development Executive,Full-Time,Permanent,B2,4.1,2.7,86.7,7,28,17,60.71,67.98,68.14,78.02,69.86,65.48,66.43,65.18,2.1,30,75.34,70.51,Good,Training
E3690,Dayashankar Narula,57,Marketing,Marketing Executive,Full-Time,Permanent,B5,31.6,2.2,97.3,3,33,25,75.76,73.43,77.92,84.35,82.02,74.79,78.66,83.79,15.3,10,61.32,79.58,Good,Incentive
E3691,Navneet Sawant,31,Human Resources,HR Executive,Contract,12 Months,B2,4.6,2.1,85.9,15,16,11,68.75,63.52,68.15,66.01,67.89,48.44,73.53,79.39,0.0,30,80.09,69.42,Average,Training
E3692,Pradyuman Thakkar,38,Customer Support,Customer Success Associate,Contract,24 Months,B4,11.5,5.9,97.0,6,29,19,65.52,72.17,68.86,65.27,64.89,61.75,70.0,68.28,0.0,25,81.91,71.06,Good,Training
E3693,Saket Thackeray,36,Information Technology,Software Engineer,Full-Time,Permanent,B4,12.6,5.4,85.3,8,21,14,66.67,66.37,71.2,69.48,72.78,65.85,69.54,61.5,0.0,20,67.46,70.08,Good,Training
E3694,Atulanand Nayak,48,Finance,Financial Analyst,Part-Time,12 Months,B5,19.2,10.6,94.2,9,26,16,61.54,64.31,69.04,64.87,63.13,68.36,68.76,68.31,12.6,10,61.59,68.05,Average,Training
E3695,Prayag Meena,38,Marketing,Marketing Executive,Part-Time,12 Months,B4,11.3,10.7,92.1,5,25,22,88.0,82.16,80.16,73.48,67.45,71.97,78.4,77.04,4.5,25,84.78,80.13,Excellent,Incentive
E3696,Gajendra Mandal,38,Marketing,Marketing Executive,Full-Time,Permanent,B3,8.9,2.8,97.3,3,29,20,68.97,68.7,74.08,79.66,82.64,60.3,73.43,87.59,3.9,15,63.43,75.94,Good,Training
E3697,Aishwarya Rajpurohit,46,Sales,Sales Executive,Contract,24 Months,B5,15.0,8.6,87.2,14,31,22,70.97,77.3,74.48,76.5,66.42,72.28,75.32,62.72,5.3,10,59.01,73.72,Good,Training
E3698,Shivendra Nautiyal,37,Operations,Operations Executive,Contract,6 Months,B4,14.7,1.5,92.9,8,27,23,85.19,77.31,84.25,85.1,79.53,80.79,79.59,66.26,1.1,25,66.95,81.7,Excellent,Incentive
E3699,Sunanda Pratap,56,AI & Data Science,Data Analyst,Full-Time,Permanent,B5,28.9,22.3,94.6,3,34,26,76.47,83.67,75.45,71.77,83.98,75.38,80.17,77.38,13.6,25,80.31,79.62,Good,Incentive
E3700,Bhaskar Chandra,32,Operations,Operations Executive,Full-Time,Permanent,B3,6.1,4.2,91.8,2,49,38,77.55,83.03,76.06,76.82,69.47,64.89,83.83,86.91,14.4,20,62.69,78.06,Good,Incentive
E3701,Suhasini Bhattacharya,30,Sales,Business Development Executive,Full-Time,Permanent,B3,7.2,6.1,85.4,12,31,21,67.74,77.83,70.24,70.78,72.62,59.64,71.77,60.75,3.0,20,76.05,72.2,Good,Training
E3702,Madhavrao Kashyap,26,Operations,Process Analyst,Full-Time,Permanent,B2,3.1,2.1,99.1,8,40,24,60.0,63.24,61.03,63.76,68.15,54.41,68.58,68.55,13.9,25,74.29,67.22,Average,Training
E3703,Soham Rathore,51,AI & Data Science,AI Engineer,Full-Time,Permanent,B4,12.9,11.5,92.2,9,20,16,80.0,77.04,75.61,71.71,83.78,67.4,77.57,74.85,0.0,15,61.39,77.31,Good,Incentive
E3704,Gunjan Kejriwal,54,AI & Data Science,Data Analyst,Contract,12 Months,B4,14.6,5.6,96.7,7,43,28,65.12,63.61,62.91,63.54,83.16,65.42,67.6,74.52,15.9,15,57.72,69.53,Average,Training
E3705,Arushi Chouhan,48,Operations,Process Analyst,Contract,12 Months,B5,20.3,14.2,97.1,4,40,28,70.0,65.68,74.2,79.59,74.18,76.15,69.94,69.94,1.9,25,71.25,74.91,Good,Training
E3706,Ankit Mahajan,45,Marketing,Digital Marketing Specialist,Full-Time,Permanent,B5,20.8,10.2,93.1,9,22,17,77.27,77.24,73.11,75.69,70.28,85.31,71.81,72.22,0.0,10,64.85,76.54,Good,Training
E3707,Kishore Javdekar,37,Human Resources,Talent Acquisition Specialist,Part-Time,6 Months,B3,8.3,0.7,87.4,14,43,30,69.77,73.55,69.32,78.59,84.32,71.21,71.03,75.09,5.7,25,86.53,76.05,Good,Training
E3708,Radharaman Khajuria,24,Marketing,Digital Marketing Specialist,Contract,6 Months,B1,0.9,0.6,99.6,3,40,29,72.5,79.74,76.41,71.24,78.09,57.39,79.48,79.67,5.1,25,76.82,77.42,Good,Incentive
E3709,Kunal Tagore,46,Information Technology,Software Engineer,Full-Time,Permanent,B5,17.0,8.6,97.0,2,38,27,71.05,65.38,66.25,70.37,68.64,77.96,69.26,60.19,10.9,10,44.62,70.12,Good,Training
E3710,Shiv Kannaujiya,33,AI & Data Science,Data Analyst,Contract,24 Months,B4,9.2,2.4,91.7,9,31,21,67.74,62.03,70.77,76.68,64.86,58.05,70.32,71.92,5.9,15,50.22,69.76,Average,Training
E3711,Sankalp Gavaskar,37,Finance,Finance Executive,Full-Time,Permanent,B4,12.3,5.3,80.4,12,28,23,82.14,72.3,75.34,72.81,86.82,71.12,74.99,79.84,9.7,25,78.07,77.31,Good,Incentive
E3712,Aseem Pal,49,Marketing,Digital Marketing Specialist,Full-Time,Permanent,B5,25.0,13.6,93.0,9,42,34,80.95,82.9,81.12,73.37,70.48,74.84,75.8,68.05,7.8,30,89.21,79.49,Good,Incentive
E3713,Babulal Tagore,50,Information Technology,Software Engineer,Part-Time,12 Months,B4,11.0,2.5,94.1,2,40,29,72.5,77.36,69.84,73.34,71.16,70.81,78.03,85.38,8.9,40,97.84,77.08,Good,Training
E3714,Avani Keshari,53,Information Technology,DevOps Engineer,Full-Time,Permanent,B5,30.5,26.5,91.4,3,15,11,73.33,73.43,75.19,78.3,85.49,89.6,75.24,83.49,0.0,20,57.98,78.04,Good,Incentive
E3715,Rupa Jahagirdar,51,Sales,Business Development Executive,Full-Time,Permanent,B5,25.7,4.3,93.0,4,50,41,82.0,72.78,76.93,68.74,76.87,79.82,75.53,74.31,13.8,5,54.77,76.28,Good,Training
E3716,Bhaskar Tomar,28,Operations,Operations Manager,Full-Time,Permanent,B2,4.1,0.7,96.6,3,31,28,90.32,87.26,88.94,82.73,82.58,68.03,89.82,91.23,2.6,25,84.69,86.99,Excellent,Incentive
E3717,Aniket Shankar,36,Finance,Accountant,Full-Time,Permanent,B4,12.9,1.9,92.6,7,45,27,60.0,56.93,66.01,66.94,66.7,74.81,65.3,59.79,6.4,5,48.43,65.83,Average,Training
E3718,Rajan Jhunjhunwala,32,Information Technology,Cloud Engineer,Full-Time,Permanent,B3,7.3,4.0,90.5,10,27,21,77.78,71.06,76.97,75.36,82.91,58.22,75.73,80.92,2.0,30,88.03,77.66,Good,Incentive
E3719,Shraddha Sahay,37,Information Technology,Software Engineer,Full-Time,Permanent,B4,14.0,5.7,83.1,12,25,20,80.0,71.21,80.23,79.75,74.41,75.8,71.01,67.13,1.9,20,65.33,76.39,Good,Incentive
E3720,Kavindra Agnihotri,32,Marketing,Marketing Analyst,Full-Time,Permanent,B4,9.5,9.0,84.3,12,33,22,66.67,71.8,67.77,79.51,86.62,77.29,76.38,86.93,5.9,25,66.66,75.32,Good,Training
E3721,Saurav Agrawal,50,Marketing,Digital Marketing Specialist,Full-Time,Permanent,B5,25.4,9.9,93.1,6,20,13,65.0,62.23,64.64,67.76,85.12,85.11,69.26,84.74,3.1,30,75.8,72.51,Good,Training
E3722,Sanjeet Rai,25,AI & Data Science,Data Analyst,Full-Time,Permanent,B2,2.9,1.6,77.7,11,44,29,65.91,63.53,63.39,73.47,61.41,60.74,66.25,59.41,2.1,30,93.91,67.87,Average,Training
E3723,Harsha Dikshit,37,Operations,Process Analyst,Full-Time,Permanent,B4,14.6,14.3,96.6,0,45,36,80.0,83.58,81.14,75.08,75.82,81.03,79.6,80.56,10.7,50,80.78,81.31,Excellent,Incentive
E3724,Nandan Tiwari,34,Customer Support,Support Executive,Full-Time,Permanent,B4,11.2,10.3,82.9,13,38,23,60.53,60.09,58.95,72.64,67.48,63.94,67.05,67.89,7.2,20,58.9,65.76,Average,Training
E3725,Jayesh Mistry,31,Information Technology,Software Engineer,Part-Time,6 Months,B3,8.8,0.9,92.9,6,16,15,93.75,81.48,81.03,78.88,81.49,67.5,81.37,68.33,0.0,20,71.27,82.13,Excellent,Incentive
E3726,Vivek Soman,50,Operations,Process Analyst,Full-Time,Permanent,B5,27.0,3.0,96.3,2,32,26,81.25,76.49,81.54,75.12,74.46,81.65,80.45,83.34,4.8,30,82.23,80.62,Excellent,Incentive
E3727,Sapna Jhunjhunwala,44,Customer Support,Support Executive,Contract,24 Months,B3,8.6,0.0,84.9,10,30,17,56.67,66.29,59.6,64.96,80.08,61.79,71.25,82.31,5.3,15,54.41,67.11,Average,Training
E3728,Gaurish Soman,48,Finance,Accountant,Full-Time,Permanent,B4,10.8,3.5,84.8,10,26,18,69.23,79.48,73.97,70.1,84.01,73.97,74.87,75.03,0.5,25,84.09,76.2,Good,Training
E3729,Nivedita Goel,38,Customer Support,Support Executive,Contract,6 Months,B2,4.9,1.3,97.7,1,53,44,83.02,72.58,79.28,72.38,83.61,56.33,78.72,86.52,22.6,20,68.63,78.73,Good,Incentive
E3730,Bheeshma Swaraj,40,Information Technology,Cloud Engineer,Part-Time,6 Months,B4,13.7,8.9,97.4,6,33,26,78.79,79.22,74.17,81.77,88.5,83.26,74.79,80.84,9.2,40,83.33,81.79,Excellent,Training
E3731,Tanu Guru,48,Information Technology,DevOps Engineer,Full-Time,Permanent,B5,16.5,4.3,85.7,11,35,23,65.71,65.23,71.81,74.02,67.1,64.62,71.03,71.58,5.8,5,46.49,69.48,Average,Training
E3732,Milind Kannaujiya,52,Human Resources,HR Executive,Full-Time,Permanent,B4,11.3,0.5,93.6,5,21,17,80.95,86.71,86.7,74.42,66.13,65.37,82.19,74.02,5.8,20,75.87,80.16,Excellent,Incentive
E3733,Rangnath Jadhav,54,Information Technology,Software Engineer,Full-Time,Permanent,B4,11.3,4.8,68.4,18,38,30,78.95,74.32,76.35,82.32,68.27,76.54,77.54,83.43,10.1,5,45.31,74.6,Good,Training
E3734,Bhuwaneshwar Kedia,31,AI & Data Science,ML Engineer,Full-Time,Permanent,B3,8.3,7.0,78.8,23,26,11,42.31,52.49,49.42,67.47,81.58,60.97,61.04,77.49,4.8,25,63.91,60.96,Average,Training
E3735,Anish Mandal,31,AI & Data Science,Data Analyst,Full-Time,Permanent,B3,8.7,3.0,96.4,1,31,25,80.65,82.39,81.1,77.24,68.18,61.09,82.95,85.74,8.3,20,75.58,79.93,Good,Incentive
E3736,Priyanshi Kaushik,25,Customer Support,Customer Success Associate,Contract,12 Months,B1,1.0,0.9,90.4,5,48,32,66.67,65.04,68.71,61.44,63.64,44.47,68.7,83.51,17.0,20,63.07,67.67,Average,Training
E3737,Vartika Adarsh,43,Sales,Sales Executive,Full-Time,Permanent,B4,10.1,8.6,93.2,8,50,33,66.0,64.04,71.19,65.14,59.33,55.38,71.43,66.86,20.3,25,80.29,68.91,Average,Training
E3738,Natasha Kaul,56,AI & Data Science,ML Engineer,Full-Time,Permanent,B5,33.3,9.8,91.0,6,30,17,56.67,71.59,65.22,66.86,72.58,79.06,71.88,67.71,3.5,20,64.47,69.56,Average,Training
E3739,Atul Purohit,57,Finance,Finance Executive,Full-Time,Permanent,B4,11.7,10.2,80.5,13,17,11,64.71,69.3,70.6,76.64,82.62,78.48,73.38,73.17,5.3,15,55.08,72.51,Good,Training
E3740,Manish Thakkar,54,Finance,Financial Analyst,Full-Time,Permanent,B5,28.2,6.8,94.6,5,28,22,78.57,78.71,77.18,70.19,71.95,69.59,73.41,72.61,6.7,20,61.66,76.22,Good,Incentive
E3741,Rajnish Vishwakarma,43,Information Technology,Software Engineer,Full-Time,Permanent,B4,12.7,3.9,88.9,8,17,11,64.71,66.61,65.11,60.69,72.91,58.69,67.47,65.36,0.0,15,50.61,66.86,Average,Training
E3742,Atishay Jethwani,41,Customer Support,Support Executive,Full-Time,Permanent,B3,5.8,4.0,69.3,23,53,36,67.92,75.84,73.13,80.34,80.37,67.88,77.0,79.63,15.4,20,61.5,73.85,Good,Training
E3743,Ridhima Atlani,53,Operations,Operations Manager,Full-Time,Permanent,B5,26.7,14.6,97.8,5,24,19,79.17,83.33,80.01,74.47,65.65,72.75,80.36,77.03,3.3,25,85.6,79.68,Good,Incentive
E3744,Sudhakar Atrey,56,Marketing,Marketing Executive,Contract,12 Months,B4,13.0,13.0,92.1,10,37,28,75.68,81.2,72.57,71.42,85.68,68.04,75.78,82.34,8.5,30,91.5,78.79,Good,Training
E3745,Kamalashankar Bhawsar,36,Customer Support,Customer Success Associate,Part-Time,6 Months,B4,12.7,9.9,97.6,4,37,27,72.97,71.06,73.7,71.69,64.52,65.28,70.72,74.17,7.2,15,53.07,72.79,Good,Training
E3746,Nisha Rawat,37,Operations,Process Analyst,Full-Time,Permanent,B3,8.7,4.8,93.6,3,41,28,68.29,72.17,66.4,63.1,64.07,64.27,69.1,63.0,17.5,30,81.72,70.17,Good,Training
E3747,Ramdhari Gupta,31,Human Resources,Talent Acquisition Specialist,Full-Time,Permanent,B2,3.1,2.8,90.8,6,36,25,69.44,73.24,67.79,65.33,79.75,65.41,68.03,65.65,12.0,15,66.82,71.72,Good,Training
E3748,Ravinder Das,56,Information Technology,Cloud Engineer,Full-Time,Permanent,B5,31.7,20.0,91.7,10,15,13,86.67,82.58,78.28,82.18,70.65,81.1,79.6,86.84,0.0,20,72.71,81.7,Excellent,Incentive
E3749,Gomed Lohia,40,Marketing,Marketing Executive,Full-Time,Permanent,B5,17.6,6.3,69.6,19,21,12,57.14,59.23,63.76,64.93,77.18,77.58,65.74,82.19,0.0,10,42.29,64.83,Average,PIP
E3750,Akshay Tripathi,31,AI & Data Science,Data Scientist,Part-Time,6 Months,B2,3.8,3.5,93.2,7,35,24,68.57,64.56,67.61,66.63,78.36,53.53,64.84,61.47,3.1,15,65.1,69.51,Average,Training
E3751,Dhruv Chaturvedi,28,Finance,Finance Executive,Full-Time,Permanent,B2,3.6,3.1,94.3,4,30,20,66.67,68.45,66.54,71.25,62.88,56.99,69.41,61.68,7.0,25,75.86,69.85,Average,Training
E3752,Swaraj Kamble,46,AI & Data Science,AI Engineer,Full-Time,Permanent,B5,16.8,10.2,92.5,9,19,11,57.89,71.19,68.8,69.38,80.2,82.7,74.95,75.34,0.0,30,71.84,72.6,Good,Training
E3753,Anju Nag,34,Sales,Account Manager,Full-Time,Permanent,B4,10.0,9.2,84.6,12,27,19,70.37,66.16,69.25,66.28,77.41,69.94,68.47,80.95,2.4,10,60.01,70.98,Good,Training
E3754,Munna Sahani,43,Customer Support,Support Analyst,Full-Time,Permanent,B5,17.2,10.1,75.7,21,35,20,57.14,58.59,56.32,60.95,57.34,62.01,58.54,59.17,1.9,15,59.67,60.22,Average,Training
E3755,Hansini Shastry,41,Operations,Operations Manager,Full-Time,Permanent,B5,18.0,5.4,73.5,22,27,20,74.07,72.5,71.56,81.03,62.69,70.83,74.39,63.73,7.8,30,74.07,72.64,Good,Training
E3756,Tarun Gautam,50,AI & Data Science,Data Analyst,Contract,24 Months,B3,8.9,4.2,96.6,6,42,30,71.43,65.5,67.32,64.28,75.32,59.58,67.12,65.9,10.5,20,79.34,71.07,Good,Training
E3757,Sulabh Chaturvedi,40,Sales,Sales Executive,Part-Time,12 Months,B4,9.9,6.8,94.5,4,22,18,81.82,82.52,83.9,79.54,82.72,64.45,82.64,67.7,0.0,30,88.1,82.03,Excellent,Incentive
E3758,Shivanshi Kaushik,51,AI & Data Science,AI Engineer,Full-Time,Permanent,B5,27.6,18.3,96.3,0,32,25,78.12,78.81,78.46,77.47,86.14,80.14,78.65,82.56,0.0,15,50.12,79.75,Good,Incentive
E3759,Revati Misra,51,Operations,Operations Executive,Full-Time,Permanent,B4,13.7,0.1,94.8,3,23,17,73.91,80.94,74.73,71.51,67.22,74.04,74.64,71.65,0.3,30,89.19,76.84,Good,Training
E3760,Shubh Thakur,47,Sales,Business Development Executive,Full-Time,Permanent,B5,23.4,16.0,96.4,1,23,14,60.87,61.75,62.74,71.31,78.41,73.07,69.86,83.69,5.2,30,85.73,71.6,Good,Training
E3761,Preksha Lalwani,24,Finance,Financial Analyst,Full-Time,Permanent,B1,1.5,0.0,80.9,5,34,23,67.65,70.36,68.18,63.96,84.71,59.23,75.48,79.63,10.1,25,64.04,71.0,Good,Training
E3762,Vartika Nahar,28,AI & Data Science,ML Engineer,Full-Time,Permanent,B3,5.8,3.1,70.4,25,22,13,59.09,68.21,66.16,66.13,73.84,66.61,68.93,82.44,8.6,15,57.54,67.14,Average,PIP
E3763,Swapnil Dabral,57,Sales,Account Manager,Contract,6 Months,B5,34.7,6.1,91.2,8,38,30,78.95,81.38,77.83,78.6,83.6,74.39,83.77,87.71,14.9,25,83.19,81.45,Excellent,Incentive
E3764,Rimsha Mantri,40,AI & Data Science,Data Scientist,Full-Time,Permanent,B4,9.4,4.9,92.3,10,34,24,70.59,71.28,70.82,68.61,75.02,61.55,70.37,65.16,1.3,20,55.45,71.55,Good,Training
E3765,Jagdeesh Tagore,25,Marketing,Digital Marketing Specialist,Full-Time,Permanent,B1,1.2,0.1,96.1,8,37,27,72.97,66.77,66.75,76.69,73.37,56.99,67.03,68.67,1.2,30,75.96,72.86,Good,Training
E3766,Raj Trivedi,37,Human Resources,HR Analyst,Full-Time,Permanent,B4,13.1,8.8,97.8,8,18,10,55.56,58.07,61.3,70.08,62.12,68.54,61.75,67.66,1.9,20,79.42,66.61,Average,Training
E3767,Yamuna Rout,41,Customer Support,Customer Success Associate,Full-Time,Permanent,B5,15.5,15.1,94.2,6,32,24,75.0,72.69,78.17,81.96,70.5,80.63,76.54,89.13,8.2,20,69.15,78.42,Good,Incentive
E3768,Harihar Agnihotri,48,Marketing,Marketing Executive,Full-Time,Permanent,B5,15.0,4.5,71.8,11,33,17,51.52,63.23,56.47,59.73,80.24,70.45,67.34,72.5,8.0,40,98.03,65.26,Average,PIP
E3769,Anmol Jindal,36,Operations,Process Analyst,Full-Time,Permanent,B4,10.9,0.9,93.8,9,40,25,62.5,72.94,73.27,78.42,70.97,70.17,68.74,65.41,10.0,15,59.88,72.76,Good,Training
E3770,Rupa Tata,41,Information Technology,System Administrator,Contract,24 Months,B4,12.4,2.4,97.7,2,49,39,79.59,72.16,71.78,72.69,67.02,75.68,69.91,61.62,17.3,20,73.27,74.93,Good,Training
E3771,Devendra Raje,53,Operations,Process Analyst,Full-Time,Permanent,B4,9.2,7.1,85.0,13,34,24,70.59,73.31,67.94,75.93,70.92,65.92,73.08,66.56,1.2,10,52.91,71.68,Good,Training
E3772,Parinita Rawal,53,AI & Data Science,Data Scientist,Contract,6 Months,B4,10.9,0.9,94.5,3,18,13,72.22,77.34,75.32,69.22,72.1,60.97,76.32,81.55,2.4,20,66.31,75.03,Good,Training
E3773,Govind Nath,46,Information Technology,Cloud Engineer,Full-Time,Permanent,B4,13.6,9.1,97.7,4,20,12,60.0,64.7,67.99,76.06,82.34,78.19,68.3,63.54,5.4,20,67.17,72.18,Good,Training
E3774,Kanakprasad Sagar,45,Information Technology,Software Engineer,Full-Time,Permanent,B5,21.9,21.7,91.1,8,29,22,75.86,79.73,73.2,72.76,62.39,77.35,72.26,68.16,7.4,15,64.86,74.71,Good,Training
E3775,Shaloo Bharati,28,Human Resources,Talent Acquisition Specialist,Contract,24 Months,B2,2.1,0.9,82.3,8,21,16,76.19,77.87,79.29,69.3,81.39,57.41,75.86,65.46,0.0,15,63.1,74.86,Good,Training
E3776,Prashansa Tyagi,49,Information Technology,System Administrator,Full-Time,Permanent,B5,21.8,15.1,80.4,5,45,29,64.44,61.8,70.39,63.81,63.48,78.05,64.21,57.7,13.6,10,46.23,65.76,Average,Training
E3777,Chandrama Oberoi,39,Sales,Sales Executive,Contract,24 Months,B5,16.7,11.4,90.7,6,50,30,60.0,70.78,69.73,64.29,63.64,64.01,73.59,69.86,24.9,15,60.87,68.57,Average,Training
E3778,Bhagvant Gambhir,49,AI & Data Science,Data Scientist,Part-Time,6 Months,B5,22.8,15.2,80.4,13,17,11,64.71,64.19,63.38,70.68,70.91,85.48,68.07,83.9,0.0,15,70.8,69.99,Average,Training
E3779,Madri Mathur,37,Sales,Account Manager,Full-Time,Permanent,B4,13.8,12.3,92.2,8,22,17,77.27,70.51,71.8,78.55,70.87,73.34,71.85,73.23,6.1,40,82.02,76.05,Good,Training
E3780,Nandan Runthla,33,Information Technology,DevOps Engineer,Contract,24 Months,B3,7.7,6.1,92.4,7,22,16,72.73,72.0,77.53,81.51,71.28,72.7,74.75,84.05,0.0,20,73.4,77.18,Good,Incentive
E3781,Kartik Kaushik,48,AI & Data Science,Data Scientist,Contract,12 Months,B5,15.8,13.4,97.8,7,30,19,63.33,59.3,67.03,63.73,68.81,67.94,67.48,81.8,7.0,15,61.32,68.6,Average,Training
E3782,Nagendra Bhargav,46,Sales,Business Development Executive,Full-Time,Permanent,B3,8.2,2.2,86.3,10,29,17,58.62,58.9,61.48,73.39,74.88,73.39,64.68,71.76,4.9,40,97.03,69.32,Average,Training
E3783,Kaavya Sood,26,Operations,Process Analyst,Full-Time,Permanent,B2,2.8,2.1,84.7,8,42,28,66.67,61.73,63.32,71.91,70.37,58.72,71.11,83.04,14.9,10,60.49,68.72,Average,Training
E3784,Nupur Mangeshkar,40,AI & Data Science,AI Engineer,Full-Time,Permanent,B5,16.2,4.1,97.3,6,28,20,71.43,76.42,69.1,79.56,78.1,68.57,75.17,88.68,4.5,20,66.65,76.97,Good,Training
E3785,Smita Jalan,55,Finance,Financial Analyst,Full-Time,Permanent,B4,13.0,10.0,92.7,9,31,23,74.19,66.56,71.21,70.4,75.53,78.54,69.45,77.62,4.6,25,75.26,74.22,Good,Training
E3786,Konkana Bindra,32,Human Resources,HR Executive,Full-Time,Permanent,B3,7.4,4.4,93.4,8,18,13,72.22,79.75,71.55,69.64,66.74,57.17,72.71,69.05,0.0,40,91.83,74.53,Good,Training
E3787,Rambha More,53,Customer Support,Support Analyst,Full-Time,Permanent,B4,9.1,7.4,96.1,7,46,35,76.09,79.2,75.97,76.18,70.92,66.46,82.48,86.72,9.6,5,35.13,76.36,Good,Incentive
E3788,Govinda Rathod,25,Information Technology,DevOps Engineer,Full-Time,Permanent,B2,2.9,2.7,93.1,4,25,17,68.0,70.48,65.79,77.47,76.73,51.88,68.73,83.75,3.5,30,84.32,73.68,Good,Training
E3789,Anisha Mistry,36,Sales,Account Manager,Full-Time,Permanent,B4,13.6,8.4,96.4,5,16,11,68.75,63.79,72.25,71.44,60.54,69.72,67.7,60.12,0.0,10,44.51,69.23,Average,Training
E3790,Kaveri Chandrachud,37,Customer Support,Customer Success Associate,Full-Time,Permanent,B3,6.9,1.2,82.7,6,31,16,51.61,62.5,58.36,58.56,73.99,52.92,61.8,56.38,2.5,20,68.96,62.33,Average,Training
E3791,Tara Gehlot,36,Sales,Sales Executive,Contract,12 Months,B4,10.2,6.2,96.3,3,36,23,63.89,66.43,65.96,76.37,79.29,77.15,71.4,77.23,6.8,20,70.6,73.28,Good,Training
E3792,Kiara Guru,29,Customer Support,Support Executive,Full-Time,Permanent,B3,6.8,6.1,82.6,13,36,23,63.89,67.74,66.28,71.64,77.51,59.27,64.97,62.02,4.6,20,55.61,68.54,Average,Training
E3793,Puneet Singhal,46,AI & Data Science,Data Scientist,Full-Time,Permanent,B5,19.1,1.6,93.0,6,18,14,77.78,68.29,77.83,81.51,78.23,75.8,75.04,88.56,1.2,5,50.52,77.43,Good,Incentive
E3794,Indraneel Kamath,52,Customer Support,Support Executive,Full-Time,Permanent,B5,29.7,2.2,91.8,2,58,40,68.97,73.22,75.39,80.22,68.89,85.3,75.28,69.54,13.6,15,66.78,75.58,Good,Incentive
E3795,Kamal Singhaniya,37,Customer Support,Customer Success Associate,Full-Time,Permanent,B3,8.4,6.0,96.5,8,29,24,82.76,75.73,83.33,72.02,75.52,67.26,74.42,68.36,0.0,30,94.71,79.52,Good,Incentive
E3796,Minakshi Dwivedi,26,Human Resources,HR Executive,Contract,6 Months,B2,3.7,3.2,94.4,5,25,16,64.0,72.99,71.37,75.92,76.91,55.7,71.4,65.36,4.3,5,43.14,71.55,Good,Training
E3797,Tulsi Kedia,23,Sales,Account Manager,Contract,12 Months,B1,0.8,0.6,90.8,7,23,14,60.87,62.04,62.48,73.46,71.81,48.72,64.37,70.82,0.0,15,53.92,66.98,Average,Training
E3798,Akshara Narula,44,AI & Data Science,Data Scientist,Contract,24 Months,B4,9.6,5.2,88.0,12,16,10,62.5,71.5,69.12,63.7,74.86,72.16,68.31,72.47,0.0,25,66.4,70.28,Good,Training
E3799,Parul Bala,39,AI & Data Science,Data Analyst,Full-Time,Permanent,B2,4.9,3.8,92.0,8,20,17,85.0,89.08,89.07,84.62,82.04,63.05,84.25,80.73,0.0,10,60.47,83.99,Excellent,Incentive
E3800,Hardik Bahl,48,Marketing,Marketing Analyst,Part-Time,6 Months,B5,19.2,9.8,96.8,5,15,10,66.67,66.05,67.33,65.67,77.77,76.86,67.51,76.3,0.0,5,44.17,70.56,Good,Training
E3801,Satish Nautiyal,35,Customer Support,Customer Success Associate,Full-Time,Permanent,B3,8.8,0.4,97.8,8,50,35,70.0,76.0,75.75,83.29,75.9,64.57,76.68,72.62,12.4,15,72.4,77.44,Good,Incentive
E3802,Rajshree Bhadauria,33,Sales,Business Development Executive,Full-Time,Permanent,B3,6.8,5.8,94.2,8,21,17,80.95,71.18,75.09,81.32,64.44,62.95,73.34,66.69,2.7,25,82.65,76.43,Good,Incentive
E3803,Ganga Dikshit,28,Finance,Accountant,Full-Time,Permanent,B2,4.1,4.1,93.8,2,43,40,93.02,91.15,89.82,92.53,68.84,65.06,85.92,71.39,20.2,15,71.75,85.95,Excellent,Incentive
E3804,Ravishankar Chandra,53,AI & Data Science,ML Engineer,Full-Time,Permanent,B5,28.9,1.0,85.5,8,15,13,86.67,86.84,88.54,82.46,88.22,77.24,84.13,77.98,0.0,25,68.62,84.45,Excellent,Incentive
E3805,Sunaina Raj,49,Customer Support,Support Executive,Full-Time,Permanent,B4,10.8,4.5,95.0,4,29,22,75.86,82.98,81.2,74.3,73.18,60.87,76.96,67.15,4.3,15,51.18,76.78,Good,Incentive
E3806,Ahilya Goenka,36,Marketing,Digital Marketing Specialist,Part-Time,6 Months,B3,8.0,2.6,82.8,10,20,14,70.0,79.85,73.94,83.88,89.33,74.52,74.98,84.2,2.7,20,63.34,78.22,Good,Training
E3807,Kiran Bharati,27,Marketing,Marketing Analyst,Full-Time,Permanent,B2,3.2,0.7,96.4,1,34,28,82.35,77.11,75.62,84.13,83.53,70.19,76.41,72.72,12.4,25,63.55,80.02,Excellent,Incentive
E3808,Trisha Kharwar,54,Finance,Financial Analyst,Part-Time,6 Months,B5,24.3,2.6,82.9,11,35,22,62.86,62.69,60.87,74.0,68.19,80.65,62.73,72.95,4.4,10,48.35,67.41,Average,Training
E3809,Vipul Bhat,29,Sales,Business Development Executive,Full-Time,Permanent,B3,5.1,1.5,91.8,7,35,30,85.71,82.03,80.0,71.53,79.55,67.6,81.67,70.93,6.7,20,77.8,79.93,Good,Incentive
E3810,Suneeti Kharwar,32,Finance,Financial Analyst,Part-Time,6 Months,B2,4.8,4.0,92.8,9,22,13,59.09,59.4,65.07,59.82,65.49,54.13,68.18,67.57,4.6,15,71.17,65.39,Average,Training
E3811,Garima Mukherjee,52,Finance,Financial Analyst,Full-Time,Permanent,B5,27.9,26.8,97.0,1,21,16,76.19,68.35,78.04,80.79,78.64,75.64,76.18,88.93,0.0,40,79.23,79.07,Good,Incentive
E3812,Charu Sharma,35,Finance,Financial Analyst,Full-Time,Permanent,B3,6.5,4.7,97.3,4,18,12,66.67,65.43,64.15,64.91,60.57,63.33,67.63,65.48,0.0,25,79.68,68.77,Average,Training
E3813,Upasana Awasthi,55,Operations,Operations Executive,Full-Time,Permanent,B5,20.2,15.4,75.2,20,46,28,60.87,58.58,60.56,70.18,68.22,84.03,64.45,69.45,11.4,25,81.42,66.84,Average,Training
E3814,Indumati Kamat,48,Sales,Business Development Executive,Full-Time,Permanent,B5,17.5,12.2,99.5,4,37,31,83.78,88.7,82.3,85.49,89.16,76.09,83.64,84.87,0.0,50,82.45,86.26,Excellent,Incentive
E3815,Vedang Srivatsa,50,Sales,Business Development Executive,Full-Time,Permanent,B4,9.3,5.6,84.0,13,33,21,63.64,71.1,65.79,70.72,77.95,60.05,68.96,78.82,4.2,10,48.89,69.72,Average,Training
E3816,Pratyush Maken,52,AI & Data Science,ML Engineer,Full-Time,Permanent,B5,22.7,2.3,92.2,3,19,11,57.89,60.75,64.73,72.79,84.21,74.17,68.68,79.39,0.0,20,68.06,70.58,Good,Training
E3817,Saurabh Bisht,30,Marketing,Digital Marketing Specialist,Full-Time,Permanent,B3,7.3,3.5,91.9,3,29,16,55.17,63.43,66.41,71.21,82.98,73.48,69.31,84.1,0.6,25,62.77,70.4,Good,Training
E3818,Brahmi Jahagirdar,23,Finance,Accountant,Full-Time,Permanent,B1,0.9,0.6,97.3,1,31,24,77.42,81.86,81.1,81.64,78.82,49.34,74.28,69.03,0.0,30,89.9,80.04,Excellent,Incentive
E3819,Kaushik Dikshit,46,Marketing,Marketing Executive,Full-Time,Permanent,B4,13.6,11.1,86.3,8,20,17,85.0,86.44,86.97,82.7,90.74,84.47,82.08,90.49,0.0,10,55.84,84.51,Excellent,Incentive
E3820,Rakshita Chawla,47,Operations,Operations Manager,Contract,6 Months,B5,20.0,15.5,91.9,6,25,21,84.0,82.05,81.58,83.9,69.33,75.72,78.19,65.6,0.0,10,47.38,79.2,Good,Incentive
E3821,Aradhana Joshi,23,AI & Data Science,ML Engineer,Full-Time,Permanent,B1,0.4,0.1,90.8,8,18,15,83.33,72.92,82.02,80.2,79.17,59.43,71.86,67.23,0.0,25,64.21,77.9,Good,Incentive
E3822,Abha Joshi,25,Sales,Business Development Executive,Contract,12 Months,B1,0.9,0.8,94.5,5,50,39,78.0,77.09,78.71,75.77,73.34,47.93,81.7,81.82,11.6,15,59.01,76.74,Good,Incentive
E3823,Havisha Pradhan,51,Human Resources,Talent Acquisition Specialist,Full-Time,Permanent,B5,24.1,5.3,90.3,6,33,18,54.55,65.71,67.34,75.52,83.61,76.09,71.25,85.91,10.7,25,82.19,72.63,Good,Training
E3824,Nirmala Valmiki,31,Customer Support,Customer Success Associate,Full-Time,Permanent,B3,6.9,2.6,97.1,1,26,22,84.62,87.37,80.33,72.6,69.64,56.21,80.78,69.56,0.0,25,63.12,78.9,Good,Incentive
E3825,Tejas Singh,39,Human Resources,HR Executive,Full-Time,Permanent,B4,10.9,0.1,69.5,20,20,11,55.0,61.1,61.3,71.08,65.92,71.75,66.41,63.59,0.0,10,61.5,63.98,Average,PIP
E3826,Tejprakash Kashyap,42,Sales,Sales Executive,Full-Time,Permanent,B4,11.2,0.4,91.0,3,31,24,77.42,70.6,74.41,79.31,74.85,68.58,72.52,74.36,8.3,30,88.88,77.06,Good,Training
E3827,Shashank Mishra,26,Human Resources,HR Executive,Full-Time,Permanent,B1,1.8,0.7,92.9,7,16,12,75.0,67.13,76.61,82.19,86.7,59.49,73.29,80.49,0.0,20,58.02,76.66,Good,Incentive
E3828,Suman Dey,37,Human Resources,HR Analyst,Contract,24 Months,B4,10.0,0.8,94.7,10,17,11,64.71,59.62,64.48,60.07,74.16,57.12,63.38,72.8,0.0,20,75.58,67.66,Average,Training
E3829,Nitya Dadlani,33,Human Resources,HR Executive,Full-Time,Permanent,B3,6.3,1.8,97.8,4,18,14,77.78,80.69,79.83,76.52,72.15,61.22,79.42,64.79,0.0,25,71.49,78.06,Good,Incentive
E3830,Jayshree Malik,46,Operations,Process Analyst,Full-Time,Permanent,B5,15.7,1.0,80.1,11,31,14,45.16,56.62,50.19,58.64,76.16,70.03,58.07,67.75,7.0,20,77.89,60.9,Average,Training
E3831,Neeroo Anand,38,Human Resources,HR Analyst,Full-Time,Permanent,B5,15.3,5.5,75.5,12,34,20,58.82,56.64,66.04,72.52,69.2,74.54,65.92,74.26,19.4,40,88.81,67.75,Average,Training
E3832,Ganesh Bhandari,23,Information Technology,Software Engineer,Full-Time,Permanent,B1,0.5,0.4,94.3,6,40,30,75.0,70.83,71.86,66.58,59.95,50.14,71.43,62.84,4.1,15,49.73,69.77,Average,Training
E3833,Swapnil Bendre,31,Operations,Operations Executive,Part-Time,12 Months,B3,6.1,5.5,96.2,3,33,26,78.79,81.62,76.03,79.81,84.83,73.98,80.84,87.27,10.9,10,55.12,80.4,Excellent,Incentive
E3834,Amartya Meena,39,Sales,Sales Executive,Full-Time,Permanent,B4,14.2,4.0,90.5,6,30,20,66.67,65.86,68.27,68.72,78.07,74.82,68.35,72.86,2.9,5,42.35,70.2,Good,Training
E3835,Divyanshu Chouhan,50,Human Resources,Talent Acquisition Specialist,Full-Time,Permanent,B3,8.5,0.3,90.5,10,45,30,66.67,70.11,70.2,67.9,81.08,63.92,72.88,77.85,15.6,30,70.6,72.65,Good,Training
E3836,Anjani Kulkarni,52,Sales,Sales Executive,Full-Time,Permanent,B5,23.7,3.0,92.8,8,21,13,61.9,74.06,72.02,64.89,81.55,81.51,77.89,79.47,5.6,50,96.07,75.11,Good,Training
E3837,Navya Lalwani,44,Human Resources,Talent Acquisition Specialist,Full-Time,Permanent,B3,7.1,3.6,92.1,2,29,23,79.31,72.77,77.55,75.71,84.51,71.13,77.18,83.67,0.9,25,76.21,78.87,Good,Incentive
E3838,Madri Soman,53,Sales,Sales Executive,Full-Time,Permanent,B5,28.9,12.2,72.7,15,26,18,69.23,72.48,69.17,75.86,81.83,83.75,75.44,83.02,15.2,25,67.79,73.96,Good,Training
E3839,Parth Maali,53,Customer Support,Support Executive,Full-Time,Permanent,B5,26.9,12.2,94.3,6,50,39,78.0,71.7,72.15,70.74,70.5,72.14,72.72,59.9,7.8,10,61.88,73.7,Good,Training
E3840,Prem Rode,57,Operations,Operations Manager,Contract,6 Months,B5,22.8,19.7,93.3,4,29,21,72.41,75.41,72.74,72.43,67.19,68.64,78.75,83.34,4.1,10,52.67,74.17,Good,Training
E3841,Prabhavati Umrao,43,Customer Support,Support Executive,Full-Time,Permanent,B3,8.9,0.6,68.0,25,26,17,65.38,76.61,71.57,80.38,68.63,65.83,76.95,71.22,1.7,10,61.75,71.54,Good,Training
E3842,Konkana Shah,29,Information Technology,Software Engineer,Contract,12 Months,B2,3.2,2.7,94.4,8,32,19,59.38,66.75,69.88,77.27,66.08,51.19,68.93,76.48,1.8,30,77.47,70.74,Good,Training
E3843,Akhilesh Nagar,47,AI & Data Science,Data Scientist,Full-Time,Permanent,B5,18.3,13.4,94.0,7,23,16,69.57,64.17,68.83,64.75,83.48,77.8,71.73,82.78,1.7,25,70.4,72.98,Good,Training
E3844,Udayraj Patel,42,Information Technology,Cloud Engineer,Contract,12 Months,B5,17.9,8.1,98.0,7,37,28,75.68,79.9,77.91,72.67,69.17,75.9,75.87,80.4,17.0,20,73.61,77.93,Good,Incentive
E3845,Suhani Sood,39,Customer Support,Customer Success Associate,Full-Time,Permanent,B5,16.4,1.2,96.6,7,47,34,72.34,77.11,79.24,85.74,87.62,82.26,79.95,73.36,16.0,20,64.47,80.59,Excellent,Incentive
E3846,Pramila Pal,52,Operations,Process Analyst,Full-Time,Permanent,B4,10.9,7.1,91.1,2,38,30,78.95,78.64,80.86,69.53,66.31,62.88,75.35,70.46,5.3,20,68.82,75.81,Good,Training
E3847,Nootan Maken,44,AI & Data Science,Data Scientist,Full-Time,Permanent,B4,13.5,7.3,94.6,8,31,21,67.74,67.8,67.38,76.4,84.91,81.98,73.13,82.71,1.8,5,54.86,74.48,Good,Training
E3848,Harshal Hajariya,49,Information Technology,Software Engineer,Full-Time,Permanent,B4,9.9,2.3,80.4,10,22,15,68.18,75.53,69.58,75.61,74.43,75.85,76.84,82.03,0.6,25,67.13,73.91,Good,Training
E3849,Arjita Gaharwar,57,Operations,Process Analyst,Part-Time,6 Months,B5,22.9,19.1,91.7,4,22,16,72.73,69.95,70.71,75.45,73.25,85.9,73.18,81.24,4.0,40,82.08,75.94,Good,Training
E3850,Kalicharan Gambhir,38,Customer Support,Support Executive,Full-Time,Permanent,B2,4.6,3.4,84.6,8,55,29,52.73,54.65,62.36,64.72,79.13,59.81,62.23,71.41,18.0,30,90.5,65.74,Average,Training
E3851,Vignesh Gavaskar,41,Marketing,Marketing Analyst,Full-Time,Permanent,B5,17.8,16.8,98.0,7,23,12,52.17,60.76,62.82,67.74,76.94,72.58,62.24,67.33,0.1,25,70.23,67.64,Average,Training
E3852,Jagdeesh Mittal,48,AI & Data Science,Data Scientist,Part-Time,12 Months,B5,21.4,8.0,93.0,6,20,16,80.0,75.51,76.29,80.35,75.86,88.45,75.27,88.91,0.0,10,62.59,79.47,Good,Incentive
E3853,Brijmohan Athawale,50,Information Technology,DevOps Engineer,Full-Time,Permanent,B5,17.0,7.5,97.6,7,28,21,75.0,81.54,74.05,78.51,66.06,72.07,77.05,66.64,2.7,25,68.36,76.94,Good,Training
E3854,Gunja Ahuja,24,Finance,Finance Executive,Full-Time,Permanent,B1,0.5,0.3,92.7,2,27,19,70.37,74.38,75.13,66.52,67.12,48.74,75.02,80.99,7.0,25,80.73,73.22,Good,Training
E3855,Mimansa Bhawsar,43,AI & Data Science,ML Engineer,Full-Time,Permanent,B5,17.6,12.2,83.6,11,21,14,66.67,69.23,64.6,74.9,75.44,82.21,68.94,84.01,0.0,30,83.42,73.14,Good,Training
E3856,Kanakprasad Chandrachud,35,AI & Data Science,Data Scientist,Full-Time,Permanent,B3,7.6,6.2,96.9,4,18,13,72.22,79.85,78.19,70.29,68.63,57.37,77.92,79.62,0.0,5,45.52,74.66,Good,Training
E3857,Viral Bansal,38,Operations,Process Analyst,Full-Time,Permanent,B4,9.7,5.1,87.3,6,27,15,55.56,66.05,62.61,61.73,73.8,58.29,65.64,76.63,0.0,25,74.53,66.76,Average,Training
E3858,Bhaskar Kothari,24,Human Resources,HR Executive,Full-Time,Permanent,B1,0.7,0.4,94.7,10,17,12,70.59,69.77,75.6,69.26,60.35,54.86,72.15,60.81,0.0,30,86.85,72.02,Good,Training
E3859,Subhashini Bishnoi,30,Operations,Operations Executive,Part-Time,12 Months,B2,2.9,0.2,92.5,3,33,27,81.82,83.9,79.18,74.55,73.17,56.34,84.08,88.75,14.2,50,95.58,80.72,Excellent,Incentive
E3860,Ayush Shrivastava,35,Customer Support,Customer Success Associate,Full-Time,Permanent,B4,11.1,0.7,92.0,8,33,26,78.79,74.69,78.85,68.68,71.5,59.91,75.12,75.78,7.6,20,59.92,75.04,Good,Training
E3861,Satyaprakash Mazumdar,46,AI & Data Science,Data Scientist,Contract,12 Months,B4,13.1,7.2,68.4,25,34,20,58.82,64.21,60.55,63.44,65.07,72.22,62.56,62.43,21.3,15,72.15,63.87,Average,PIP
E3862,Supriya Das,35,Operations,Process Analyst,Contract,12 Months,B3,5.9,4.7,93.7,4,41,29,70.73,65.3,72.66,71.21,68.84,64.59,72.55,68.55,11.1,5,45.11,70.78,Good,Training
E3863,Kalishankar Gujjar,31,Information Technology,Cloud Engineer,Full-Time,Permanent,B2,4.9,0.2,90.5,6,33,22,66.67,67.3,71.47,76.33,74.33,67.2,75.61,78.9,10.8,30,90.59,74.36,Good,Training
E3864,Charu Tripathi,44,Customer Support,Support Analyst,Full-Time,Permanent,B3,7.4,3.9,94.8,10,50,29,58.0,66.52,61.29,64.73,82.04,54.19,67.6,72.12,13.6,25,85.15,69.22,Average,Training
E3865,Manjari Pawar,45,Customer Support,Customer Success Associate,Full-Time,Permanent,B4,13.6,8.8,81.7,6,30,19,63.33,67.01,64.13,60.63,81.53,66.94,69.55,71.57,4.8,10,54.75,67.73,Average,Training
E3866,Anmol Maheshwari,33,AI & Data Science,Data Analyst,Contract,6 Months,B3,7.7,4.7,98.0,3,41,32,78.05,75.12,73.01,75.28,88.65,71.05,72.83,85.53,12.3,30,75.07,79.11,Good,Training
E3867,Shashwat Jhunjhunwala,36,Customer Support,Support Analyst,Full-Time,Permanent,B4,9.3,6.7,92.7,4,44,25,56.82,57.97,61.42,63.6,81.56,63.1,64.03,74.41,9.6,10,43.23,65.64,Average,Training
E3868,Pratiksha Chouhan,55,Sales,Sales Executive,Full-Time,Permanent,B3,8.5,7.4,93.0,3,33,25,75.76,76.51,74.43,78.13,84.3,65.27,77.25,70.42,1.8,40,77.06,77.95,Good,Training
E3869,Amish Yaduvanshi,29,Marketing,Marketing Executive,Full-Time,Permanent,B2,2.0,1.3,92.0,5,34,23,67.65,69.92,69.34,63.61,70.21,60.32,73.61,79.8,2.8,25,68.45,70.91,Good,Training
E3870,Harinakshi Patel,36,Marketing,Digital Marketing Specialist,Full-Time,Permanent,B3,6.7,4.3,82.9,6,31,22,70.97,72.23,71.17,65.9,81.41,59.38,69.9,68.48,3.6,15,55.92,71.16,Good,Training
E3871,Dharmendra Didwania,38,Customer Support,Support Analyst,Full-Time,Permanent,B4,14.5,2.2,83.8,8,36,27,75.0,81.72,74.16,68.61,72.57,65.61,74.65,74.67,5.9,20,74.06,75.01,Good,Training
E3872,Ashish Rawal,48,Information Technology,System Administrator,Contract,24 Months,B4,14.0,2.5,96.7,4,26,18,69.23,66.19,72.18,70.18,74.92,79.14,67.41,71.81,1.5,15,58.15,72.65,Good,Training
E3873,Yogesh Nath,31,Sales,Account Manager,Full-Time,Permanent,B3,6.2,3.5,90.2,2,29,24,82.76,77.34,77.3,71.91,68.83,61.71,77.56,67.07,0.0,25,82.18,76.73,Good,Incentive
E3874,Baldev Dhoni,53,AI & Data Science,ML Engineer,Full-Time,Permanent,B4,13.6,2.9,97.0,3,16,14,87.5,76.38,85.88,88.26,79.86,67.17,80.94,86.86,0.0,10,61.8,83.23,Excellent,Incentive
E3875,Bharat Goswami,27,Sales,Account Manager,Full-Time,Permanent,B2,2.9,0.7,66.6,24,40,23,57.5,65.18,65.88,76.4,85.53,53.38,67.89,73.62,4.4,20,61.03,67.75,Average,PIP
E3876,Tanmay Kamble,25,Marketing,Digital Marketing Specialist,Full-Time,Permanent,B2,2.9,0.8,93.5,8,29,16,55.17,63.52,65.56,63.4,83.73,58.31,73.16,82.08,4.2,25,67.96,68.95,Average,Training
E3877,Mithun Pawar,39,Finance,Accountant,Full-Time,Permanent,B3,8.2,4.5,92.7,8,39,32,82.05,78.6,74.86,70.31,68.35,58.55,76.23,82.22,7.8,30,87.87,77.22,Good,Training
E3878,Mandakini Joshi,26,Customer Support,Support Executive,Full-Time,Permanent,B1,1.8,1.2,84.6,14,59,40,67.8,70.04,68.28,78.58,81.41,68.05,70.88,64.99,19.3,25,76.45,73.32,Good,Training
E3879,Chandrakala Bose,34,AI & Data Science,AI Engineer,Full-Time,Permanent,B3,6.9,2.7,97.7,1,26,19,73.08,76.47,75.39,76.55,82.74,67.74,73.73,64.48,3.0,10,55.73,76.35,Good,Incentive
E3880,Kaveri Mehra,41,Information Technology,Software Engineer,Full-Time,Permanent,B4,12.1,1.6,93.2,7,33,24,72.73,71.04,76.78,70.9,79.98,71.79,76.23,71.35,0.0,50,94.02,76.7,Good,Incentive
E3881,Rudranath Prakash,40,Human Resources,Talent Acquisition Specialist,Full-Time,Permanent,B4,13.8,0.7,81.9,7,42,24,57.14,67.93,62.91,73.26,78.77,77.76,67.89,73.22,18.8,15,55.5,68.97,Average,Training
E3882,Sundari Soman,25,AI & Data Science,ML Engineer,Full-Time,Permanent,B1,0.9,0.3,90.3,10,29,23,79.31,83.34,81.9,71.52,68.39,46.63,83.06,83.5,3.0,40,76.79,77.78,Good,Incentive
E3883,Damini Thakkar,54,Operations,Process Analyst,Full-Time,Permanent,B5,19.6,11.8,96.5,0,32,22,68.75,64.29,68.0,70.16,68.98,72.43,72.24,75.41,14.5,25,81.84,72.32,Good,Training
E3884,Ravindra Lalwani,37,Information Technology,Cloud Engineer,Full-Time,Permanent,B3,6.3,5.1,96.2,5,32,22,68.75,75.85,69.52,76.69,81.21,59.68,74.73,63.72,11.2,20,62.13,74.38,Good,Training
E3885,Devang Jaitley,50,Operations,Operations Manager,Part-Time,12 Months,B4,10.0,7.0,85.3,9,15,11,73.33,67.2,69.57,73.95,73.43,62.51,70.61,74.22,0.0,20,60.81,71.89,Good,Training
E3886,Shobha Gurjar,26,Sales,Account Manager,Part-Time,6 Months,B2,2.9,1.8,97.9,4,19,14,73.68,70.14,74.51,66.05,81.27,65.31,74.99,68.69,1.5,40,89.25,75.49,Good,Training
E3887,Chandramauli Deshmukh,25,Customer Support,Support Executive,Full-Time,Permanent,B2,2.2,0.9,97.4,6,57,47,82.46,88.14,82.37,82.55,72.1,64.23,79.01,67.01,18.4,15,55.66,80.57,Excellent,Incentive
E3888,Foolkumari Dhoni,45,Operations,Operations Executive,Contract,6 Months,B4,11.9,9.1,97.2,7,46,36,78.26,73.56,76.33,73.42,65.88,59.72,75.07,78.27,22.5,40,88.22,76.61,Good,Incentive
E3889,Kapil Chandravanshi,57,Finance,Accountant,Full-Time,Permanent,B5,23.3,22.6,90.4,9,21,17,80.95,79.22,76.58,74.13,66.61,70.72,75.45,84.71,5.0,40,91.82,78.47,Good,Incentive
E3890,Raksha Kamble,53,Sales,Business Development Executive,Full-Time,Permanent,B5,30.6,6.0,87.2,15,24,14,58.33,68.41,67.31,67.71,80.09,76.79,67.88,64.89,8.8,15,57.31,69.34,Average,Training
E3891,Palak Gehlot,23,AI & Data Science,Data Scientist,Full-Time,Permanent,B1,0.3,0.1,92.0,5,29,17,58.62,59.73,66.57,74.71,78.12,47.59,72.41,83.08,6.9,15,56.79,68.95,Average,Training
E3892,Preeti Deewan,41,Finance,Accountant,Full-Time,Permanent,B3,6.4,1.5,94.4,6,26,21,80.77,81.77,78.67,79.25,69.46,56.52,75.95,66.11,1.0,50,80.09,78.39,Good,Incentive
E3893,Neeroo Kejriwal,55,Finance,Finance Executive,Full-Time,Permanent,B4,11.6,2.5,96.6,8,25,22,88.0,81.18,79.92,84.29,90.69,83.02,85.31,91.16,14.3,40,84.52,85.94,Excellent,Incentive
E3894,Angad Patnaik,51,Sales,Account Manager,Part-Time,12 Months,B5,15.0,13.8,91.6,4,35,24,68.57,72.47,74.48,77.11,80.94,79.81,76.59,83.82,4.2,30,71.54,76.74,Good,Training
E3895,Amrish Bharati,26,AI & Data Science,ML Engineer,Full-Time,Permanent,B1,1.5,0.5,92.9,2,32,23,71.88,66.96,65.9,70.68,74.71,55.1,72.78,77.17,0.6,5,57.4,71.2,Good,Training
E3896,Haripriya Bhattacharya,49,Information Technology,System Administrator,Full-Time,Permanent,B4,11.6,1.9,96.5,0,38,23,60.53,60.52,58.8,59.91,78.8,59.11,60.54,69.58,5.7,15,58.77,65.89,Average,Training
E3897,Apurva Chaturvedi,25,Finance,Finance Executive,Full-Time,Permanent,B2,2.3,1.0,65.8,21,37,18,48.65,49.58,55.82,64.55,64.86,50.36,58.3,70.09,10.4,25,67.89,58.19,Needs Improvement,PIP
E3898,Nihal Thakur,45,Information Technology,DevOps Engineer,Full-Time,Permanent,B4,10.7,1.5,91.3,6,15,12,80.0,83.73,82.88,73.43,81.8,66.61,77.52,75.73,0.3,25,86.8,80.65,Excellent,Incentive
E3899,Indresh Mukherjee,53,Operations,Operations Manager,Full-Time,Permanent,B5,18.8,0.8,93.7,10,15,11,73.33,77.1,77.6,78.22,83.49,72.1,74.52,78.53,2.9,20,69.04,78.37,Good,Incentive
E3900,Chetana Bhatnagar,57,Customer Support,Customer Success Associate,Full-Time,Permanent,B4,12.5,4.3,93.0,8,49,34,69.39,72.06,73.2,74.33,70.22,65.31,72.73,88.09,2.8,50,82.63,75.11,Good,Training
E3901,Manishankar Dey,33,Human Resources,HR Executive,Full-Time,Permanent,B3,6.0,3.9,97.9,6,21,13,61.9,58.6,60.01,65.64,73.78,57.06,61.39,59.47,2.4,25,66.95,66.33,Average,Training
E3902,Shiva Narula,25,Operations,Operations Executive,Full-Time,Permanent,B1,0.9,0.5,97.0,6,43,32,74.42,81.21,81.59,73.22,70.5,50.39,81.0,88.84,20.2,30,90.52,78.85,Good,Incentive
E3903,Damyanti Maken,41,Customer Support,Customer Success Associate,Full-Time,Permanent,B4,12.8,7.7,92.8,5,50,27,54.0,56.03,55.73,58.84,71.11,68.1,56.93,55.89,14.3,25,68.94,62.57,Average,Training
E3904,Yashodhara Gambhir,44,Operations,Operations Manager,Full-Time,Permanent,B5,17.8,10.2,84.6,15,28,20,71.43,69.29,76.19,69.67,66.47,79.21,76.14,87.05,9.3,30,83.76,74.4,Good,Training
E3905,Jayanti Yadav,36,Sales,Business Development Executive,Full-Time,Permanent,B3,5.6,3.7,97.3,2,33,21,63.64,75.6,72.81,77.4,68.6,68.27,70.76,62.72,8.7,30,85.01,74.35,Good,Training
E3906,Vrinda Khatri,55,Sales,Business Development Executive,Full-Time,Permanent,B4,9.1,9.0,92.1,7,24,18,75.0,72.97,70.09,71.07,74.27,70.38,68.85,71.96,1.9,20,66.39,73.89,Good,Training
E3907,Kashyap Rajpurohit,34,Marketing,Marketing Executive,Part-Time,12 Months,B4,11.0,4.7,87.7,7,16,10,62.5,65.06,64.26,64.99,81.24,61.48,70.61,81.26,5.3,25,63.18,69.24,Average,Training
E3908,Akhil Thackeray,55,Human Resources,HR Analyst,Full-Time,Permanent,B5,22.1,16.2,91.8,5,27,20,74.07,68.34,71.38,70.09,80.84,81.26,73.32,67.04,9.8,10,59.68,73.91,Good,Training
E3909,Anshul Sinha,27,Operations,Process Analyst,Contract,24 Months,B1,1.6,0.2,91.4,8,21,18,85.71,80.14,80.19,74.23,73.52,55.91,80.71,81.11,3.0,30,78.85,79.36,Good,Incentive
E3910,Mohini Mohapatra,38,AI & Data Science,Data Analyst,Contract,24 Months,B4,9.7,2.4,84.6,14,20,18,90.0,76.4,81.19,74.38,88.27,72.02,78.21,85.64,4.8,15,55.68,80.16,Excellent,Incentive
E3911,Uma Shah,55,Information Technology,Software Engineer,Contract,24 Months,B5,27.9,0.6,91.6,9,32,23,71.88,72.34,72.58,65.54,64.31,70.81,67.81,61.06,0.0,10,48.94,70.37,Good,Training
E3912,Akshara Khatri,32,Finance,Accountant,Part-Time,6 Months,B2,2.9,2.5,93.7,5,34,27,79.41,85.53,85.53,76.78,83.12,68.34,82.55,79.19,0.8,25,87.09,82.63,Excellent,Incentive
E3913,Ramchandra Maken,53,Marketing,Marketing Executive,Full-Time,Permanent,B5,18.0,8.1,92.5,2,37,33,89.19,84.32,83.33,84.81,84.29,78.83,79.31,75.83,9.0,15,54.77,83.36,Excellent,Incentive
E3914,Sukriti Chaudhari,56,AI & Data Science,ML Engineer,Full-Time,Permanent,B5,18.9,4.5,82.5,7,33,20,60.61,71.69,70.32,78.33,76.69,73.84,67.32,63.7,10.7,20,77.53,72.18,Good,Training
E3915,Harshini Mishra,41,Information Technology,System Administrator,Full-Time,Permanent,B4,9.3,4.9,88.0,7,42,29,69.05,64.83,65.91,75.33,71.09,63.57,68.3,62.55,14.5,30,88.39,71.32,Good,Training
E3916,Gudiya Khera,54,Sales,Sales Executive,Part-Time,12 Months,B5,18.4,16.5,90.5,8,27,21,77.78,70.07,71.64,71.75,70.81,76.33,73.68,78.19,5.9,30,87.97,75.63,Good,Training
E3917,Laxmi Jalan,56,Information Technology,Software Engineer,Full-Time,Permanent,B5,30.6,27.7,87.6,14,37,26,70.27,73.43,69.0,71.49,77.41,78.96,71.18,60.23,12.7,20,60.48,72.67,Good,Training
E3918,Akshara Mathur,27,Finance,Finance Executive,Full-Time,Permanent,B2,2.7,0.3,88.9,13,37,21,56.76,68.53,62.95,76.48,80.02,66.02,69.94,75.44,14.1,15,62.84,70.31,Good,Training
E3919,Kirti Jindal,29,Marketing,Digital Marketing Specialist,Full-Time,Permanent,B3,6.9,4.9,96.9,0,32,27,84.38,80.84,78.32,85.61,79.08,70.7,77.66,69.73,5.2,25,79.81,81.87,Excellent,Incentive
E3920,Pratima Som,44,Marketing,Digital Marketing Specialist,Full-Time,Permanent,B3,8.9,2.9,92.0,7,44,30,68.18,64.4,68.42,69.02,65.15,57.87,70.38,67.84,10.4,30,84.03,70.22,Good,Training
E3921,Pinaka Acharya,45,AI & Data Science,Data Scientist,Contract,12 Months,B5,17.4,15.1,93.1,9,28,20,71.43,77.04,74.82,81.53,74.5,78.33,77.94,84.15,0.0,50,79.91,78.5,Good,Training
E3922,Manikram Narayan,40,Information Technology,Software Engineer,Full-Time,Permanent,B3,8.9,3.2,76.2,16,39,27,69.23,67.08,70.13,62.37,61.35,61.75,68.21,68.01,3.2,15,69.68,67.46,Average,Training
E3923,Sudeshna Mittal,29,Sales,Business Development Executive,Full-Time,Permanent,B3,6.9,5.1,94.6,3,24,17,70.83,75.12,69.17,73.39,75.4,57.99,70.81,75.09,0.0,50,79.08,74.42,Good,Training
E3924,Pranita Dutt,50,Marketing,Digital Marketing Specialist,Part-Time,12 Months,B5,24.4,20.0,93.3,4,25,14,56.0,69.64,68.53,63.37,60.93,65.67,68.48,71.59,0.0,25,65.24,67.6,Average,Training
E3925,Draupadi Gaonkar,37,Information Technology,Cloud Engineer,Full-Time,Permanent,B4,13.0,1.2,81.2,5,29,19,65.52,71.77,66.03,74.24,81.03,77.55,72.82,76.05,4.6,50,79.04,73.13,Good,Training
E3926,Indraneel Munda,56,Human Resources,HR Executive,Full-Time,Permanent,B5,31.9,12.4,92.6,5,23,12,52.17,57.28,57.17,68.15,63.05,82.81,64.93,77.47,0.0,25,71.65,65.62,Average,Training
E3927,Ajeet Chaurasiya,27,Customer Support,Customer Success Associate,Full-Time,Permanent,B2,3.5,3.3,90.5,9,42,27,64.29,66.75,63.11,65.3,70.45,48.29,66.07,70.25,21.0,30,72.73,67.88,Average,Training
E3928,Indrasen Mathur,48,Information Technology,Cloud Engineer,Full-Time,Permanent,B4,10.0,0.3,90.5,9,38,25,65.79,65.72,68.56,71.75,65.9,55.74,74.4,80.97,11.6,30,93.62,71.65,Good,Training
E3929,Bhaskar Mangeshkar,48,Sales,Business Development Executive,Part-Time,12 Months,B4,9.2,2.0,99.3,7,35,26,74.29,76.83,77.31,81.2,70.82,65.12,80.06,81.11,18.6,40,88.3,79.19,Good,Incentive
E3930,Suraj Hazari,30,AI & Data Science,Data Analyst,Full-Time,Permanent,B2,3.4,0.6,70.8,11,42,22,52.38,56.44,62.01,73.19,77.78,51.31,68.51,74.58,6.7,5,32.93,62.83,Average,PIP
E3931,Reshama Vaidya,43,Sales,Sales Executive,Part-Time,12 Months,B5,17.0,3.8,94.9,9,40,29,72.5,77.48,78.9,70.92,86.18,80.37,76.69,83.56,10.6,20,55.24,77.87,Good,Incentive
E3932,Anuja Rajpoot,48,Customer Support,Customer Success Associate,Full-Time,Permanent,B4,9.1,2.4,86.9,13,43,29,67.44,77.14,73.15,72.52,68.25,72.08,76.5,79.65,9.1,50,82.16,74.57,Good,Training
E3933,Uday Khatri,53,Customer Support,Support Executive,Full-Time,Permanent,B5,22.6,12.0,91.5,4,30,23,76.67,70.62,78.29,74.84,75.14,73.16,73.58,77.12,15.5,30,92.34,77.54,Good,Incentive
E3934,Sanjeev Khemka,34,Finance,Finance Executive,Contract,12 Months,B3,5.9,3.7,65.1,25,26,13,50.0,59.26,56.4,71.46,65.15,64.39,60.2,70.07,11.6,20,78.69,62.26,Average,PIP
E3935,Vidushi Bhatia,31,Customer Support,Customer Success Associate,Full-Time,Permanent,B3,7.0,4.0,85.5,6,46,36,78.26,82.2,76.93,80.46,86.54,66.32,76.24,82.78,16.4,20,77.59,80.03,Excellent,Incentive
E3936,Yash Som,48,Operations,Operations Executive,Full-Time,Permanent,B5,24.9,11.7,97.7,1,40,30,75.0,68.92,76.08,79.71,77.8,87.66,73.72,80.36,7.6,15,62.81,77.73,Good,Incentive
E3937,Madhav Atrey,38,Operations,Operations Executive,Full-Time,Permanent,B3,8.7,6.7,92.2,8,26,17,65.38,60.64,65.17,60.83,77.16,69.33,64.02,72.96,3.2,30,83.84,69.25,Average,Training
E3938,Prerna Sinha,36,Operations,Operations Executive,Full-Time,Permanent,B2,4.9,0.5,88.4,13,32,20,62.5,62.59,67.83,61.64,73.82,54.09,72.49,82.68,0.0,15,70.66,68.4,Average,Training
E3939,Mala Kamath,56,Operations,Process Analyst,Full-Time,Permanent,B5,24.3,8.4,91.3,3,44,31,70.45,64.83,65.19,64.02,76.37,68.48,70.84,72.29,14.3,10,41.56,69.1,Average,Training
E3940,Lalbahadur Chopra,46,AI & Data Science,ML Engineer,Contract,24 Months,B5,23.5,20.3,77.9,22,23,12,52.17,55.56,62.4,73.58,78.52,73.0,59.89,62.44,0.0,15,60.96,65.01,Average,Training
E3941,Naveen Marandi,24,Operations,Process Analyst,Full-Time,Permanent,B2,2.0,0.7,90.5,4,29,22,75.86,67.33,72.51,66.55,63.27,50.94,76.05,78.49,1.5,15,69.52,71.46,Good,Training
E3942,Kedar Gandhi,43,Human Resources,HR Executive,Full-Time,Permanent,B3,6.2,4.1,97.9,1,34,28,82.35,84.34,78.3,72.72,65.95,56.72,75.95,71.19,0.0,30,85.92,78.53,Good,Incentive
E3943,Subhadra Sethi,44,AI & Data Science,ML Engineer,Contract,12 Months,B4,14.4,13.6,91.5,7,29,21,72.41,76.86,78.02,80.76,79.13,68.65,75.33,71.09,4.1,25,76.31,77.84,Good,Incentive
E3944,Jeetesh Sonkar,54,Marketing,Marketing Executive,Full-Time,Permanent,B4,13.9,11.6,92.1,7,34,24,70.59,66.97,69.79,64.96,77.02,65.78,66.19,66.46,0.0,30,75.25,71.44,Good,Training
E3945,Usha Mumukshu,43,Finance,Accountant,Part-Time,12 Months,B3,5.3,0.4,94.3,6,44,29,65.91,70.47,73.38,72.51,78.8,69.94,76.9,86.53,10.6,25,79.21,75.28,Good,Training
E3946,Samar Kapoor,42,Marketing,Marketing Executive,Full-Time,Permanent,B4,10.7,5.0,80.3,8,39,23,58.97,67.36,61.18,58.83,72.61,63.86,65.74,59.93,14.2,20,66.38,65.04,Average,Training
E3947,Priyanka Khattar,31,Sales,Business Development Executive,Full-Time,Permanent,B3,5.8,3.2,66.4,23,49,30,61.22,60.15,60.64,61.4,64.73,65.45,69.46,81.88,16.5,50,97.09,65.32,Average,PIP
E3948,Mudita Bisht,55,Marketing,Marketing Executive,Full-Time,Permanent,B4,11.5,1.0,76.5,13,20,16,80.0,75.09,76.06,80.39,87.05,79.37,80.1,88.09,4.0,20,57.45,78.34,Good,Incentive
E3949,Divyansh Runthla,42,Information Technology,Software Engineer,Full-Time,Permanent,B4,11.0,10.4,83.0,12,39,19,48.72,55.54,56.11,64.35,74.38,69.65,60.32,68.11,14.1,30,79.01,63.3,Average,Training
E3950,Ahilya Poddar,51,Sales,Account Manager,Full-Time,Permanent,B3,8.6,4.9,90.1,6,17,15,88.24,83.81,79.72,81.4,84.98,60.73,78.47,75.15,6.7,20,55.18,80.96,Excellent,Incentive
E3951,Ratan Malhotra,47,AI & Data Science,ML Engineer,Full-Time,Permanent,B5,18.9,14.1,95.0,5,23,18,78.26,76.19,74.1,67.2,58.39,65.02,70.28,61.29,1.5,25,68.1,72.94,Good,Training
E3952,Arpan Khaitan,52,Information Technology,Software Engineer,Full-Time,Permanent,B4,10.1,3.7,78.7,14,20,12,60.0,67.8,64.94,77.73,76.2,69.03,65.29,69.08,0.0,25,80.49,70.26,Good,Training
E3953,Aviral Puri,45,Marketing,Digital Marketing Specialist,Full-Time,Permanent,B5,18.4,5.2,92.7,10,23,13,56.52,62.85,60.01,60.89,55.05,66.25,64.06,56.74,0.9,25,81.07,64.22,Average,Training
E3954,Riya Shekhawat,48,Information Technology,DevOps Engineer,Full-Time,Permanent,B5,20.6,15.7,92.4,6,23,16,69.57,76.29,68.3,71.79,65.44,76.3,76.22,76.04,0.0,20,65.92,73.4,Good,Training
E3955,Triveni Patil,30,AI & Data Science,Data Scientist,Full-Time,Permanent,B2,3.2,1.0,92.3,10,19,13,68.42,77.52,71.36,66.6,83.82,62.17,72.93,79.66,0.0,40,86.89,75.28,Good,Training
E3956,Ramesh Nath,55,Information Technology,Cloud Engineer,Full-Time,Permanent,B5,29.4,24.4,92.7,6,29,21,72.41,71.73,71.18,69.86,73.0,83.49,73.41,72.95,9.7,15,53.65,73.52,Good,Training
E3957,Harshini Sood,26,AI & Data Science,ML Engineer,Contract,12 Months,B2,4.0,2.6,88.7,7,35,24,68.57,65.62,68.58,66.52,61.1,58.54,65.02,66.46,2.2,25,68.32,68.29,Average,Training
E3958,Amit Baghel,48,Human Resources,HR Executive,Full-Time,Permanent,B4,10.1,6.9,72.6,17,24,13,54.17,65.34,66.62,67.63,68.26,57.97,67.22,71.03,4.1,10,60.89,65.01,Average,PIP
E3959,Aishwarya Dubey,57,Information Technology,System Administrator,Full-Time,Permanent,B5,17.4,2.7,92.6,8,41,28,68.29,76.06,72.19,75.79,78.23,70.25,78.09,84.03,12.2,20,77.15,76.41,Good,Training
E3960,Prateek Nagar,29,Operations,Process Analyst,Full-Time,Permanent,B1,1.8,0.3,91.7,9,42,28,66.67,67.1,68.73,71.98,78.34,62.14,72.23,72.32,19.4,15,68.54,71.94,Good,Training
E3961,Indrasen Damani,34,Marketing,Digital Marketing Specialist,Full-Time,Permanent,B3,6.6,2.4,80.8,8,42,29,69.05,79.32,74.0,74.27,81.16,55.39,77.87,71.92,7.0,40,99.61,75.93,Good,Training
E3962,Anveshita Gambhir,30,AI & Data Science,ML Engineer,Full-Time,Permanent,B3,5.7,0.0,86.9,6,34,27,79.41,79.38,78.88,86.16,88.62,65.36,80.59,80.47,14.5,20,59.76,80.44,Excellent,Incentive
E3963,Gaurav Sampla,44,Sales,Sales Executive,Contract,6 Months,B3,6.2,0.8,80.3,9,38,29,76.32,77.47,76.64,77.07,84.53,61.19,72.3,68.96,17.1,10,42.97,74.88,Good,Training
E3964,Madhusoodan Bishnoi,42,AI & Data Science,ML Engineer,Part-Time,12 Months,B3,6.4,6.2,94.1,4,29,20,68.97,70.72,69.55,75.66,75.3,57.24,74.55,70.2,0.0,15,51.37,72.34,Good,Training
E3965,Sampada Modi,55,Operations,Operations Executive,Part-Time,12 Months,B5,22.4,10.6,87.4,7,39,25,64.1,72.61,69.7,70.91,79.57,76.54,69.98,62.07,5.4,25,73.63,72.41,Good,Training
E3966,Lakshya Maurya,26,Information Technology,System Administrator,Full-Time,Permanent,B2,4.0,3.3,83.9,12,24,16,66.67,61.75,63.91,68.21,70.9,60.06,68.03,82.07,0.0,25,75.52,68.84,Average,Training
E3967,Sanjeev Bhattacharya,38,Operations,Operations Manager,Full-Time,Permanent,B4,11.2,0.1,94.5,6,19,13,68.42,67.69,64.8,66.77,62.9,63.34,66.54,67.6,0.0,25,65.39,69.04,Average,Training
E3968,Rupa Khaitan,55,Customer Support,Customer Success Associate,Full-Time,Permanent,B5,26.5,16.6,85.7,8,37,24,64.86,76.35,68.79,71.66,71.43,81.2,73.84,77.19,1.7,20,60.47,72.6,Good,Training
E3969,Arjita Javdekar,43,Sales,Sales Executive,Full-Time,Permanent,B5,19.7,4.0,91.9,3,46,31,67.39,67.07,72.77,75.52,74.08,82.87,76.07,81.55,11.4,20,77.7,74.92,Good,Training
E3970,Chandrakanti Deo,31,Marketing,Marketing Executive,Full-Time,Permanent,B4,9.0,4.2,91.4,7,36,29,80.56,74.67,75.97,67.33,84.12,73.73,78.47,84.86,2.3,10,51.06,76.74,Good,Training
E3971,Shiv Pawar,39,Sales,Sales Executive,Full-Time,Permanent,B3,5.0,4.6,90.3,5,36,25,69.44,62.9,69.99,65.93,80.43,67.14,65.42,67.1,5.6,40,75.65,71.08,Good,Training
E3972,Shriram Bharadwaj,30,Marketing,Marketing Analyst,Full-Time,Permanent,B2,3.6,2.3,87.8,15,24,18,75.0,79.57,77.6,72.2,77.19,57.42,80.82,74.03,0.0,25,70.71,76.3,Good,Incentive
E3973,Taruna Prasad,55,Marketing,Marketing Analyst,Full-Time,Permanent,B5,26.0,18.6,91.7,9,29,24,82.76,75.68,81.2,70.33,59.91,71.37,72.77,63.64,12.4,10,42.12,74.15,Good,Training
E3974,Aviral Adarsh,28,Finance,Financial Analyst,Full-Time,Permanent,B3,5.8,5.8,80.2,14,26,13,50.0,64.73,61.51,69.53,71.92,55.82,67.46,58.28,0.0,25,64.2,64.37,Average,Training
E3975,Shikha Kumar,27,AI & Data Science,ML Engineer,Full-Time,Permanent,B2,3.6,0.1,96.5,2,25,17,68.0,77.58,69.99,65.82,79.39,64.32,76.47,79.58,4.3,40,96.77,75.65,Good,Training
E3976,Jayshree Jha,40,AI & Data Science,Data Analyst,Full-Time,Permanent,B4,13.4,6.0,88.9,13,40,19,47.5,61.99,62.44,72.73,70.51,74.9,63.22,68.97,14.5,20,59.85,65.99,Average,Training
E3977,Gargi Dholakia,23,AI & Data Science,Data Analyst,Full-Time,Permanent,B1,0.7,0.1,93.8,3,37,20,54.05,57.81,55.26,62.07,68.8,57.12,61.89,77.64,0.0,25,64.55,63.7,Average,Training
E3978,Avani Raje,30,Information Technology,Software Engineer,Part-Time,12 Months,B2,3.1,2.5,90.4,5,18,17,94.44,85.16,91.45,87.17,89.52,64.24,85.76,79.68,0.0,5,48.47,85.63,Excellent,Incentive
E3979,Sudesh Nath,47,Marketing,Marketing Executive,Full-Time,Permanent,B5,19.3,1.6,97.7,3,31,21,67.74,77.98,69.51,74.98,79.36,81.8,72.48,63.42,5.6,40,96.33,76.94,Good,Training
E3980,Sheetalaprasad Valmiki,41,Operations,Process Analyst,Full-Time,Permanent,B4,13.4,13.0,90.9,6,45,35,77.78,69.89,75.36,66.82,77.57,64.16,76.61,76.82,9.6,25,64.93,74.45,Good,Training
E3981,Bimal Giri,53,Information Technology,Cloud Engineer,Full-Time,Permanent,B5,22.6,0.4,93.5,3,17,10,58.82,66.43,62.06,59.69,83.73,69.64,70.41,80.61,1.8,15,53.89,68.5,Average,Training
E3982,Nripendra Goenka,40,Information Technology,DevOps Engineer,Full-Time,Permanent,B3,7.3,5.1,94.9,7,26,17,65.38,75.75,75.53,80.27,78.29,70.5,75.82,71.82,7.4,25,70.46,76.29,Good,Incentive
E3983,Ritika Bhatia,38,Information Technology,System Administrator,Full-Time,Permanent,B2,4.3,0.7,90.5,5,48,31,64.58,64.25,67.67,72.1,72.15,55.19,67.14,63.24,5.5,30,75.5,69.61,Average,Training
E3984,Amol Gurjar,29,Operations,Operations Manager,Full-Time,Permanent,B2,2.3,2.2,96.3,3,21,15,71.43,66.41,73.82,81.01,71.88,49.87,70.01,78.83,9.4,20,55.22,73.42,Good,Training
E3985,Arunita Bhogle,47,Operations,Process Analyst,Full-Time,Permanent,B3,6.9,5.1,93.4,9,28,18,64.29,64.63,68.88,69.37,67.29,55.77,67.12,79.72,17.1,30,84.91,70.52,Good,Training
E3986,Vanshika Anand,44,AI & Data Science,ML Engineer,Full-Time,Permanent,B5,15.3,7.8,84.6,9,21,16,76.19,71.84,70.36,71.82,66.0,70.02,71.02,80.47,0.0,10,45.39,71.94,Good,Training
E3987,Aarti Swaraj,51,Finance,Accountant,Full-Time,Permanent,B5,27.5,21.2,95.0,6,45,34,75.56,71.24,78.45,72.24,74.3,79.43,70.31,64.97,10.5,15,55.16,75.05,Good,Incentive
E3988,Nishtha Singhaniya,39,Human Resources,HR Analyst,Full-Time,Permanent,B4,9.2,8.4,70.2,19,18,8,44.44,52.82,51.43,62.14,67.35,61.87,61.12,72.7,1.7,20,72.38,58.78,Needs Improvement,PIP
E3989,Pranay Khajuria,49,Customer Support,Customer Success Associate,Full-Time,Permanent,B5,25.8,2.5,77.7,18,35,23,65.71,60.48,61.92,64.37,70.15,69.29,64.68,77.86,3.5,10,57.08,66.1,Average,Training
E3990,Premprakash Singh,30,Customer Support,Support Executive,Full-Time,Permanent,B3,6.4,0.6,90.1,6,29,19,65.52,61.73,70.19,75.28,82.47,66.02,72.24,86.79,0.0,5,40.75,71.45,Good,Training
E3991,Anupriya Sisodia,34,Finance,Accountant,Part-Time,6 Months,B3,7.5,2.9,93.8,2,28,23,82.14,74.15,73.91,67.21,67.83,63.66,72.29,78.77,1.2,10,54.97,74.26,Good,Training
E3992,Mrityunjay Jadhav,57,Human Resources,HR Analyst,Full-Time,Permanent,B5,16.4,10.5,94.6,5,26,20,76.92,76.99,76.45,78.7,69.79,81.58,74.75,76.95,5.1,10,61.57,77.54,Good,Incentive
E3993,Mohini Kejriwal,44,Human Resources,Talent Acquisition Specialist,Contract,24 Months,B5,19.6,12.5,94.6,9,40,28,70.0,63.42,68.02,74.13,86.52,73.31,72.03,79.68,7.9,10,46.24,73.01,Good,Training
E3994,Kamalashankar Chandravanshi,31,Customer Support,Support Analyst,Contract,6 Months,B2,3.0,1.2,83.0,12,44,30,68.18,69.19,68.42,67.21,68.84,52.21,69.37,81.8,24.9,15,53.94,69.0,Average,Training
E3995,Chirag Fadnavis,51,Customer Support,Support Executive,Full-Time,Permanent,B4,13.4,5.0,86.6,15,52,33,63.46,66.45,63.44,70.59,70.92,76.19,63.41,65.8,11.8,10,41.26,67.68,Average,Training
E3996,Ramdhari Mazumdar,39,Operations,Process Analyst,Full-Time,Permanent,B4,12.8,1.9,90.1,8,38,26,68.42,62.54,66.8,74.42,67.19,64.68,69.39,71.39,5.5,40,94.09,71.53,Good,Training
E3997,Suneeti Maali,25,Sales,Account Manager,Contract,12 Months,B1,1.7,0.1,93.3,2,39,25,64.1,72.08,64.98,78.43,65.16,52.16,67.43,75.22,15.1,40,75.38,71.29,Good,Training
E3998,Lakshman Bhandarkar,25,Information Technology,Software Engineer,Full-Time,Permanent,B2,2.7,1.7,80.1,13,18,15,83.33,82.91,78.36,73.67,74.91,54.78,77.41,70.71,0.0,25,83.7,77.57,Good,Incentive
E3999,Harshad Maken,52,Operations,Operations Manager,Part-Time,12 Months,B5,17.6,14.0,96.7,8,32,27,84.38,89.32,85.63,79.67,89.6,85.87,89.37,90.48,14.3,25,72.43,86.39,Excellent,Incentive
E4000,Surendra Patil,45,Operations,Operations Manager,Full-Time,Permanent,B5,15.0,8.7,94.7,10,34,24,70.59,72.19,68.54,70.17,84.32,79.69,74.88,82.3,0.0,20,68.49,75.39,Good,Training
E4001,Surekha Sarkar,32,Operations,Process Analyst,Full-Time,Permanent,B2,2.8,0.9,92.5,10,26,19,73.08,74.95,75.79,82.54,64.65,61.62,77.83,71.68,10.1,25,74.02,75.93,Good,Incentive
E4002,Padma Suryavanshi,38,AI & Data Science,Data Analyst,Full-Time,Permanent,B3,8.6,8.5,90.3,4,36,30,83.33,80.84,75.8,71.49,83.24,72.91,73.76,75.41,10.1,5,44.82,77.42,Good,Incentive
E4003,Kanak Shirke,44,Customer Support,Support Executive,Full-Time,Permanent,B3,8.2,5.1,91.0,7,56,38,67.86,67.19,68.54,66.18,77.5,57.2,69.7,65.82,14.2,15,67.28,70.32,Good,Training
E4004,Premshankar Giri,45,Customer Support,Customer Success Associate,Full-Time,Permanent,B4,11.4,0.2,91.8,6,32,26,81.25,86.5,81.56,87.43,92.03,77.61,85.92,84.6,7.1,15,69.47,84.77,Excellent,Incentive
E4005,Radhika Dhoundial,31,Information Technology,Software Engineer,Contract,24 Months,B3,8.8,6.4,91.2,2,34,23,67.65,68.29,68.88,73.45,76.12,62.21,72.45,85.65,2.7,25,68.94,72.94,Good,Training
E4006,Drishti Jahagirdar,54,Marketing,Marketing Executive,Contract,24 Months,B5,23.7,1.5,84.2,11,35,27,77.14,79.83,80.88,85.56,82.91,88.19,78.5,78.92,6.0,10,54.57,80.23,Excellent,Incentive
E4007,Jagriti Dhanuka,44,Marketing,Digital Marketing Specialist,Full-Time,Permanent,B3,5.5,2.0,97.0,6,44,32,72.73,75.79,78.33,72.07,83.56,65.01,75.96,85.26,6.5,30,89.29,78.67,Good,Incentive
E4008,Indrasen Gambhir,30,Operations,Process Analyst,Full-Time,Permanent,B2,3.5,3.1,90.9,2,41,27,65.85,60.68,69.97,68.09,68.43,61.8,71.12,69.8,20.1,30,71.69,69.34,Average,Training
E4009,Abhilasha Patwari,39,Sales,Business Development Executive,Contract,24 Months,B4,14.8,7.7,91.5,10,29,23,79.31,83.52,83.24,87.93,86.5,82.42,77.29,73.53,7.8,5,38.8,81.5,Excellent,Incentive
E4010,Rajesh Bandopadhyay,35,Information Technology,DevOps Engineer,Full-Time,Permanent,B4,11.7,3.9,81.3,13,15,9,60.0,68.31,66.94,75.28,68.5,72.7,66.04,65.12,0.0,50,91.24,70.31,Good,Training
E4011,Manju Tagore,29,Information Technology,Software Engineer,Full-Time,Permanent,B2,2.2,0.7,99.8,3,33,23,69.7,68.58,66.02,72.27,70.05,54.31,71.87,66.19,7.4,25,64.83,71.33,Good,Training
E4012,Kritika Sardana,27,Human Resources,HR Analyst,Full-Time,Permanent,B2,4.2,3.1,86.8,10,25,18,72.0,81.74,71.7,74.42,76.62,52.96,74.34,65.17,1.8,25,73.57,74.62,Good,Training
E4013,Harinakshi Agnihotri,52,Marketing,Digital Marketing Specialist,Contract,6 Months,B5,20.0,14.4,97.1,8,29,22,75.86,72.68,78.59,79.45,86.68,87.48,79.63,79.86,5.6,25,84.38,80.93,Excellent,Incentive
E4014,Govardhan Didwania,47,Finance,Accountant,Full-Time,Permanent,B3,8.8,4.5,93.3,7,32,27,84.38,89.31,83.95,84.75,84.52,74.17,79.74,75.65,0.0,10,46.86,82.96,Excellent,Incentive
E4015,Prachi Pandit,43,Information Technology,Cloud Engineer,Full-Time,Permanent,B4,14.6,6.8,90.6,4,15,10,66.67,75.83,68.67,64.49,77.03,71.25,68.76,71.32,0.0,15,62.2,71.79,Good,Training
E4016,Mudita Deol,38,AI & Data Science,Data Scientist,Full-Time,Permanent,B4,13.3,8.4,96.3,7,15,11,73.33,65.54,69.74,71.57,72.93,72.03,65.41,63.47,0.0,50,82.93,73.14,Good,Training
E4017,Prachi Baranwal,35,Information Technology,System Administrator,Full-Time,Permanent,B4,10.7,6.3,94.3,7,23,15,65.22,71.04,68.79,67.49,62.36,65.76,72.11,65.98,2.2,40,97.38,71.61,Good,Training
E4018,Radharaman Batra,30,Information Technology,DevOps Engineer,Full-Time,Permanent,B2,3.6,0.3,97.8,1,21,15,71.43,73.69,72.15,75.94,70.44,51.62,69.84,63.52,0.0,20,70.46,73.58,Good,Training
E4019,Gunjan Bahl,48,Customer Support,Support Executive,Part-Time,12 Months,B4,13.5,5.1,94.3,6,57,36,63.16,63.35,70.53,75.43,78.31,74.58,69.81,84.95,18.7,30,90.2,74.11,Good,Training
E4020,Mukti Acharya,55,Operations,Process Analyst,Full-Time,Permanent,B5,16.1,8.3,96.3,8,41,25,60.98,68.07,68.02,69.69,75.65,71.62,68.82,84.45,11.9,20,55.01,71.2,Good,Training
E4021,Sanjana Mumukshu,35,Information Technology,Cloud Engineer,Full-Time,Permanent,B3,5.3,3.9,94.8,8,21,17,80.95,71.91,79.56,79.0,78.47,55.93,76.39,72.3,0.0,25,79.25,78.23,Good,Incentive
E4022,Aarti Kulkarni,25,Marketing,Marketing Analyst,Full-Time,Permanent,B2,2.7,0.2,81.4,5,18,14,77.78,83.2,81.87,74.07,69.6,50.5,80.98,67.68,0.0,20,68.29,76.01,Good,Incentive
E4023,Indraneel Wahal,57,Operations,Operations Manager,Full-Time,Permanent,B5,33.2,8.6,90.7,10,18,12,66.67,66.0,64.27,75.22,74.21,82.36,68.82,69.4,6.6,50,83.41,72.51,Good,Training
E4024,Narmada Nahar,25,AI & Data Science,Data Scientist,Contract,6 Months,B1,1.5,0.4,77.5,17,29,22,75.86,80.57,72.87,81.32,70.61,53.11,77.38,65.9,6.8,25,69.44,74.7,Good,Training
E4025,Rati Dholakia,40,Human Resources,Talent Acquisition Specialist,Part-Time,12 Months,B4,14.5,7.4,82.6,12,20,12,60.0,59.66,67.17,75.17,79.05,67.15,68.19,71.77,5.7,50,94.01,70.52,Good,Training
E4026,Dhananjay Phogat,23,Information Technology,Cloud Engineer,Contract,12 Months,B1,0.3,0.2,86.7,13,37,25,67.57,62.85,68.11,65.4,65.64,54.57,66.33,59.48,10.0,20,70.63,67.37,Average,Training
E4027,Kriti Sarkar,50,Sales,Business Development Executive,Full-Time,Permanent,B5,19.6,14.1,91.6,7,39,24,61.54,58.44,66.59,70.13,65.24,71.44,65.13,82.25,15.6,15,60.7,68.17,Average,Training
E4028,Arjun Mantri,41,Customer Support,Customer Success Associate,Full-Time,Permanent,B3,8.0,4.7,92.9,9,23,14,60.87,64.96,61.39,58.73,71.12,65.73,64.23,74.49,5.5,30,91.12,68.07,Average,Training
E4029,Yamuna Nagar,37,Marketing,Marketing Executive,Full-Time,Permanent,B3,5.0,1.5,92.3,5,40,32,80.0,84.82,84.15,79.8,85.3,56.53,87.08,90.43,4.3,40,85.17,83.04,Excellent,Incentive
E4030,Awadh Dabral,48,Human Resources,HR Executive,Full-Time,Permanent,B5,23.8,0.6,94.9,5,26,16,61.54,72.21,66.75,64.92,83.49,76.9,73.31,75.76,0.0,30,78.91,72.9,Good,Training
E4031,Sachin Piramal,55,Finance,Accountant,Full-Time,Permanent,B5,16.5,4.7,92.2,5,34,26,76.47,73.95,79.67,67.95,71.03,70.44,71.52,64.48,7.8,25,63.5,74.53,Good,Training
E4032,Rukmini Mantri,55,Information Technology,Software Engineer,Part-Time,6 Months,B4,14.6,9.7,97.7,5,38,31,81.58,72.51,72.12,70.85,72.31,75.83,69.59,70.48,0.0,25,75.88,76.15,Good,Training
E4033,Ashwin Kakkar,36,Human Resources,Talent Acquisition Specialist,Part-Time,12 Months,B4,11.1,1.9,81.5,14,24,15,62.5,65.48,67.49,69.45,78.6,63.5,69.93,63.44,1.8,10,51.13,68.15,Average,Training
E4034,Mudita Baranwal,36,AI & Data Science,Data Analyst,Part-Time,6 Months,B4,13.8,9.3,94.1,9,41,28,68.29,76.17,70.21,76.0,63.73,76.01,73.57,70.05,13.7,20,79.3,74.33,Good,Training
E4035,Damyanti Dhumal,41,Human Resources,Talent Acquisition Specialist,Contract,12 Months,B5,15.9,12.6,99.5,1,33,24,72.73,75.33,71.99,80.94,76.99,78.27,72.26,66.69,22.9,20,67.93,77.06,Good,Training
E4036,Triveni Yaduvanshi,26,Sales,Sales Executive,Full-Time,Permanent,B2,3.6,2.6,87.3,5,50,35,70.0,78.53,70.32,76.98,67.06,49.59,77.71,82.26,13.6,25,79.19,74.25,Good,Training
E4037,Bahadur Das,53,Human Resources,Talent Acquisition Specialist,Full-Time,Permanent,B3,8.4,3.0,97.3,1,28,18,64.29,69.23,73.08,78.58,69.81,63.71,77.33,87.5,3.0,15,68.28,74.33,Good,Training
E4038,Rahul Suryavanshi,35,Operations,Operations Executive,Full-Time,Permanent,B3,6.1,0.4,86.7,7,40,28,70.0,78.13,76.7,76.91,82.37,73.02,77.56,88.58,15.5,20,62.16,77.23,Good,Incentive
E4039,Adya Ahale,32,Information Technology,Cloud Engineer,Full-Time,Permanent,B3,6.7,3.2,90.6,5,15,13,86.67,85.96,79.78,87.41,75.72,64.37,79.26,87.05,0.0,25,79.46,83.11,Excellent,Incentive
E4040,Neelima Ambani,45,Customer Support,Support Executive,Contract,24 Months,B4,13.1,6.4,88.3,12,38,28,73.68,66.62,72.87,67.99,67.11,73.08,70.2,84.31,4.2,30,73.36,72.76,Good,Training
E4041,Shambhu Runthla,48,Marketing,Marketing Executive,Part-Time,12 Months,B5,17.2,8.3,92.5,2,20,16,80.0,83.66,77.96,72.99,67.19,80.11,80.42,77.53,0.0,25,77.1,78.92,Good,Incentive
E4042,Saket Mehta,35,Finance,Finance Executive,Contract,6 Months,B4,12.6,1.9,87.7,11,26,22,84.62,88.32,88.8,76.52,81.11,73.28,83.41,73.08,0.0,20,72.34,82.73,Excellent,Incentive
E4043,Kedar Patel,41,Finance,Accountant,Full-Time,Permanent,B5,15.5,11.8,81.3,10,42,30,71.43,73.24,70.7,74.3,67.86,77.3,74.83,84.16,8.0,25,66.9,73.53,Good,Training
E4044,Radhika Bajaj,54,Human Resources,HR Executive,Full-Time,Permanent,B5,15.1,6.4,82.5,6,24,14,58.33,70.44,66.55,62.3,74.44,66.79,66.87,57.61,0.9,20,62.43,67.02,Average,Training
E4045,Arpit Shaw,51,Human Resources,HR Executive,Full-Time,Permanent,B5,24.1,3.6,96.8,2,21,12,57.14,70.53,62.01,62.81,70.33,70.06,72.53,79.23,0.0,25,78.08,69.58,Average,Training
E4046,Sonali Jadhav,33,Operations,Operations Manager,Full-Time,Permanent,B3,6.7,6.6,94.2,10,28,19,67.86,68.99,65.86,70.45,76.4,67.69,72.14,68.96,3.4,30,86.59,72.8,Good,Training
E4047,Arpana Dey,30,Operations,Operations Executive,Contract,24 Months,B2,4.2,3.0,96.2,2,25,20,80.0,81.17,83.22,73.14,63.45,59.71,79.66,65.19,0.0,30,90.07,78.33,Good,Incentive
E4048,Satish Rana,33,Operations,Operations Executive,Part-Time,6 Months,B2,4.1,2.7,73.0,25,46,38,82.61,86.36,84.63,73.17,67.95,52.64,79.94,66.02,15.0,30,70.87,76.58,Good,Incentive
E4049,Jagdeesh Kothari,48,Customer Support,Support Analyst,Full-Time,Permanent,B5,24.8,22.0,96.7,1,24,19,79.17,78.2,81.31,82.45,69.49,78.08,78.37,71.33,6.7,25,80.82,80.22,Excellent,Incentive
E4050,Javitri Goenka,53,Finance,Financial Analyst,Contract,12 Months,B5,19.8,10.3,80.4,12,26,16,61.54,60.5,62.22,63.95,65.22,82.62,66.91,74.74,5.6,30,83.88,67.2,Average,Training
E4051,Rupanjali Pandit,43,AI & Data Science,AI Engineer,Full-Time,Permanent,B3,5.4,5.0,97.4,2,18,13,72.22,74.22,70.18,71.03,77.16,57.98,73.81,68.76,0.0,25,63.21,73.79,Good,Training
E4052,Kaushiki Supriyo,41,Marketing,Marketing Executive,Part-Time,6 Months,B3,5.9,1.6,82.1,10,23,14,60.87,67.1,62.04,69.79,74.9,60.25,71.92,77.78,0.8,20,77.2,69.03,Average,Training
E4053,Mandavi Kamal,36,Marketing,Marketing Analyst,Full-Time,Permanent,B4,12.9,7.9,91.0,6,37,29,78.38,71.27,79.27,82.69,69.22,79.22,77.49,80.58,13.8,10,63.49,77.8,Good,Incentive
E4054,Giriraj Sahani,48,Marketing,Marketing Executive,Contract,6 Months,B4,11.4,4.0,91.6,9,21,13,61.9,59.58,68.14,62.95,67.15,62.37,69.21,66.64,1.7,5,49.55,66.15,Average,Training
E4055,Shambhu Tripathi,54,Operations,Operations Manager,Full-Time,Permanent,B5,20.3,8.1,86.9,5,32,23,71.88,66.12,73.03,65.63,74.16,72.61,74.39,76.55,0.0,5,42.61,70.91,Good,Training
E4056,Damini Bind,24,Information Technology,Software Engineer,Contract,24 Months,B1,0.6,0.3,97.1,1,39,31,79.49,71.72,72.54,78.05,69.73,48.03,73.55,79.28,7.1,15,66.67,75.33,Good,Training
E4057,Gaurav Jadhav,24,Finance,Finance Executive,Full-Time,Permanent,B1,1.0,1.0,85.9,15,25,14,56.0,68.97,66.54,76.28,65.93,47.15,66.48,65.92,7.9,20,70.19,67.84,Average,Training
E4058,Kalavati Pratap,34,Customer Support,Customer Success Associate,Full-Time,Permanent,B3,8.6,6.2,94.7,3,44,30,68.18,67.39,67.38,75.5,81.39,61.33,68.88,66.46,10.5,15,56.97,72.06,Good,Training
E4059,Govinda Kulkarni,50,Information Technology,Software Engineer,Full-Time,Permanent,B5,17.8,6.4,82.1,6,21,14,66.67,76.15,68.0,70.2,77.52,81.53,67.95,67.85,2.2,15,56.03,71.78,Good,Training
E4060,Sapna Bandopadhyay,44,Customer Support,Support Analyst,Full-Time,Permanent,B4,13.9,12.7,95.0,5,24,13,54.17,66.68,64.29,67.06,64.36,72.32,69.89,76.35,2.5,10,60.91,67.74,Average,Training
E4061,Bhagwati Chandra,40,Operations,Operations Manager,Full-Time,Permanent,B5,15.4,6.8,81.7,15,19,10,52.63,56.21,63.03,59.05,55.58,67.61,63.19,56.88,1.7,15,54.1,60.45,Average,Training
E4062,Sundari Soni,38,Sales,Business Development Executive,Part-Time,12 Months,B3,7.4,1.2,82.4,13,43,28,65.12,60.9,63.13,58.17,81.91,62.11,66.69,78.16,4.0,15,51.77,66.47,Average,Training
E4063,Satish Saha,30,Finance,Accountant,Contract,6 Months,B2,4.8,4.6,91.0,3,20,14,70.0,65.05,66.7,75.43,84.07,55.21,70.45,71.38,0.0,40,93.67,73.62,Good,Training
E4064,Anuja Azad,29,Operations,Operations Executive,Full-Time,Permanent,B2,2.2,1.3,90.4,9,50,34,68.0,68.62,72.33,77.15,87.13,59.64,72.6,85.09,5.3,25,73.23,75.2,Good,Training
E4065,Shatakshi Gavaskar,54,AI & Data Science,Data Analyst,Contract,24 Months,B5,20.8,15.5,96.5,0,21,14,66.67,69.82,74.14,80.77,74.65,77.83,71.21,76.41,6.6,5,56.29,74.91,Good,Training
E4066,Narayani Gupta,35,Human Resources,HR Analyst,Full-Time,Permanent,B4,11.4,3.1,82.2,15,24,15,62.5,74.12,68.11,75.82,70.86,73.47,73.85,81.01,8.5,15,69.9,72.3,Good,Training
E4067,Yashoda Bose,51,AI & Data Science,ML Engineer,Full-Time,Permanent,B4,14.0,11.8,97.4,0,20,13,65.0,66.15,63.94,64.31,73.88,70.52,63.66,59.46,6.7,30,93.5,70.4,Good,Training
E4068,Tamanna Kaushik,51,Customer Support,Support Executive,Full-Time,Permanent,B5,25.3,14.6,77.1,24,36,24,66.67,69.81,71.16,80.65,69.1,86.14,68.59,66.55,14.3,40,80.16,72.94,Good,Training
E4069,Pranjal Bhogle,57,Information Technology,DevOps Engineer,Full-Time,Permanent,B4,12.4,11.8,94.6,9,33,29,87.88,89.98,81.55,85.89,84.69,77.97,85.97,90.52,0.3,10,48.2,84.86,Excellent,Incentive
E4070,Basanti Bose,41,Finance,Financial Analyst,Full-Time,Permanent,B4,10.0,3.0,93.6,2,26,18,69.23,71.55,70.31,67.59,80.22,66.55,69.29,75.77,10.0,25,68.21,73.17,Good,Training
E4071,Chhotelal Srivatsa,57,Information Technology,Software Engineer,Full-Time,Permanent,B5,20.0,19.7,93.9,10,40,29,72.5,72.76,77.63,72.71,62.83,75.87,75.32,63.7,13.8,10,59.88,73.75,Good,Training
E4072,Ananya Tata,32,Marketing,Digital Marketing Specialist,Full-Time,Permanent,B3,7.0,1.0,72.8,21,27,17,62.96,64.07,65.56,69.29,70.14,69.05,66.37,61.11,0.0,50,85.56,67.68,Average,PIP
E4073,Babita Mohanty,30,Human Resources,HR Executive,Full-Time,Permanent,B3,6.8,4.5,92.0,3,29,22,75.86,82.49,81.68,74.2,62.4,53.74,76.54,69.26,2.5,15,48.59,74.98,Good,Training
E4074,Subhashini Hatwal,29,Sales,Sales Executive,Contract,6 Months,B3,6.9,2.3,85.5,10,34,23,67.65,66.58,73.39,79.27,71.69,62.22,72.9,76.52,12.7,50,83.57,73.51,Good,Training
E4075,Siddharth Mantri,41,Sales,Sales Executive,Full-Time,Permanent,B4,11.9,9.8,83.2,7,22,12,54.55,54.67,58.15,70.29,78.13,64.75,64.54,70.55,0.0,40,91.63,66.36,Average,Training
E4076,Gajanand Nahar,35,Human Resources,HR Executive,Full-Time,Permanent,B4,9.1,4.6,76.3,19,15,13,86.67,77.8,82.98,86.22,80.43,67.03,80.61,75.94,0.0,15,56.55,79.73,Good,Incentive
E4077,Nihal Gautam,23,Human Resources,HR Executive,Full-Time,Permanent,B1,0.5,0.2,92.1,10,19,14,73.68,78.26,78.08,82.55,91.57,56.42,81.18,90.94,0.0,25,68.75,80.12,Excellent,Incentive
E4078,Anju Bhargav,55,AI & Data Science,Data Analyst,Full-Time,Permanent,B4,11.7,10.5,65.2,19,28,17,60.71,61.17,59.85,57.23,72.53,61.2,63.42,60.13,8.8,15,68.49,62.28,Average,PIP
E4079,Mandakini Dadlani,25,AI & Data Science,Data Scientist,Full-Time,Permanent,B1,1.2,0.4,93.9,2,24,14,58.33,70.81,61.85,62.75,76.35,48.86,66.08,61.38,0.0,25,68.41,67.32,Average,Training
E4080,Anjana Kelkar,57,AI & Data Science,AI Engineer,Full-Time,Permanent,B5,31.8,15.8,90.1,6,17,14,82.35,75.87,74.9,75.55,73.97,72.26,72.23,68.49,0.0,20,59.59,76.34,Good,Training
E4081,Kamalashankar Mehra,28,AI & Data Science,Data Analyst,Full-Time,Permanent,B2,3.7,1.0,90.0,2,40,31,77.5,75.11,77.36,71.14,71.15,63.86,75.83,67.71,6.6,40,90.23,76.16,Good,Incentive
E4082,Udit Bhandarkar,45,AI & Data Science,Data Scientist,Full-Time,Permanent,B5,16.6,12.3,81.5,12,19,14,73.68,80.84,78.37,82.94,88.7,76.64,81.4,81.49,2.4,15,66.93,79.72,Good,Incentive
E4083,Basanti Bhasin,38,AI & Data Science,Data Scientist,Full-Time,Permanent,B5,15.2,13.0,81.3,15,26,15,57.69,55.07,57.85,63.6,78.17,68.86,62.91,67.52,8.7,25,75.39,64.81,Average,Training
E4084,Seeta Pushkar,27,Human Resources,HR Executive,Full-Time,Permanent,B2,4.8,4.7,94.4,3,17,8,47.06,48.44,55.01,65.21,69.19,53.82,59.29,61.86,0.0,40,85.39,61.74,Average,Training
E4085,Jatashankar Khandelwal,35,Information Technology,System Administrator,Full-Time,Permanent,B3,7.3,3.9,93.1,7,38,29,76.32,83.26,80.75,77.63,71.27,64.79,83.87,82.18,8.1,30,72.65,79.31,Good,Incentive
E4086,Rimsha Gavaskar,27,Operations,Operations Manager,Part-Time,6 Months,B2,3.0,1.8,99.9,0,28,24,85.71,78.12,80.54,70.19,72.2,50.49,80.77,86.34,0.0,25,80.31,79.29,Good,Incentive
E4087,Pragati Upadhyay,50,Human Resources,HR Executive,Part-Time,12 Months,B5,16.6,5.3,97.5,8,29,23,79.31,83.15,82.04,73.19,75.94,75.47,76.2,66.8,2.9,5,49.81,78.41,Good,Incentive
E4088,Shivshankar Baranwal,40,Information Technology,System Administrator,Part-Time,12 Months,B3,7.4,0.2,66.0,22,29,19,65.52,64.93,68.3,77.22,70.97,69.33,68.48,65.36,12.1,30,83.49,69.43,Average,PIP
E4089,Sushil Shukla,57,Human Resources,HR Analyst,Full-Time,Permanent,B5,32.2,11.2,83.7,14,20,15,75.0,82.2,74.98,77.16,64.73,82.1,77.55,68.02,0.0,20,55.93,75.42,Good,Training
E4090,Geeta Gaitonde,40,Information Technology,DevOps Engineer,Full-Time,Permanent,B4,12.9,6.5,87.9,13,28,20,71.43,64.31,68.97,73.06,70.14,66.92,70.23,77.25,7.1,20,60.21,71.2,Good,Training
E4091,Premshankar Bhatt,53,Sales,Sales Executive,Part-Time,6 Months,B4,13.8,10.1,92.0,6,25,18,72.0,69.64,69.61,64.0,79.55,66.98,67.39,62.09,12.9,50,98.55,73.19,Good,Training
E4092,Shailendra Kher,24,AI & Data Science,ML Engineer,Full-Time,Permanent,B1,1.6,0.7,93.9,8,23,13,56.52,62.29,66.32,76.74,72.07,60.59,67.23,71.89,0.0,10,52.34,68.48,Average,Training
E4093,Akshat Pal,54,Sales,Sales Executive,Contract,6 Months,B4,14.1,14.1,91.9,3,23,13,56.52,62.07,59.83,64.82,79.1,76.75,69.23,75.35,0.0,20,60.99,67.7,Average,Training
E4094,Brahmi Malhotra,56,Operations,Operations Manager,Full-Time,Permanent,B5,30.0,28.6,67.0,14,33,20,60.61,65.69,66.63,66.84,70.83,85.87,69.71,66.01,3.9,15,59.42,66.8,Average,PIP
E4095,Bheem Mandal,57,AI & Data Science,Data Analyst,Full-Time,Permanent,B5,15.4,2.5,68.5,23,45,23,51.11,51.77,58.5,67.76,70.25,69.46,59.57,79.41,15.4,15,70.91,62.21,Average,PIP
E4096,Sudarshini Khanna,57,Marketing,Digital Marketing Specialist,Contract,12 Months,B5,15.3,6.7,93.1,2,38,30,78.95,82.44,83.95,86.39,79.16,80.67,77.16,76.62,5.0,10,62.82,81.85,Excellent,Incentive
E4097,Ratan Ambani,26,Information Technology,Cloud Engineer,Full-Time,Permanent,B2,2.4,2.3,72.8,12,33,24,72.73,78.98,72.48,81.68,90.52,70.44,79.5,89.57,6.1,40,95.17,78.95,Good,Training
E4098,Anjani Kedia,54,Sales,Business Development Executive,Full-Time,Permanent,B5,19.7,4.0,97.9,5,29,24,82.76,87.28,81.97,83.32,68.84,77.29,78.25,64.97,5.5,15,61.93,81.1,Excellent,Incentive
E4099,Vishal Raj,53,Finance,Accountant,Full-Time,Permanent,B4,11.9,1.9,90.4,4,38,29,76.32,80.3,75.05,70.85,78.04,62.49,78.98,87.18,2.7,40,93.48,78.33,Good,Incentive
E4100,Naitik Deewan,23,Operations,Process Analyst,Full-Time,Permanent,B1,0.8,0.1,74.4,15,32,22,68.75,70.6,69.69,70.52,80.2,48.75,71.95,65.66,19.2,5,49.47,69.19,Average,PIP
E4101,Himanshi Roshan,44,Sales,Account Manager,Full-Time,Permanent,B5,17.0,8.5,91.0,9,37,25,67.57,74.48,70.32,77.28,71.64,80.06,75.12,79.53,4.3,15,50.02,73.95,Good,Training
E4102,Kritika Mondal,39,AI & Data Science,Data Scientist,Full-Time,Permanent,B4,12.8,7.8,97.2,5,18,13,72.22,76.15,72.96,70.01,81.0,75.61,75.73,82.76,0.0,10,58.58,76.16,Good,Training
E4103,Radha Chaurasiya,57,Information Technology,Software Engineer,Contract,24 Months,B5,31.1,24.1,97.9,7,40,30,75.0,68.24,73.18,80.99,70.68,86.72,72.31,78.74,8.2,20,63.98,76.56,Good,Training
E4104,Rudranath Bhansali,57,Sales,Sales Executive,Full-Time,Permanent,B5,15.9,3.0,91.3,6,43,34,79.07,84.81,80.96,73.92,73.84,82.04,82.7,79.51,13.5,25,63.66,79.72,Good,Incentive
E4105,Ankita Malode,35,Marketing,Marketing Executive,Full-Time,Permanent,B3,7.5,4.9,87.3,7,38,25,65.79,64.76,67.56,61.53,73.88,63.6,68.41,74.1,11.3,10,48.35,67.79,Average,Training
E4106,Parul Kharwar,38,AI & Data Science,AI Engineer,Part-Time,6 Months,B3,7.6,4.3,90.6,9,35,29,82.86,74.64,76.09,76.38,80.29,60.03,73.55,80.93,9.0,10,54.79,77.05,Good,Incentive
E4107,Pallavi Srivatsa,52,Customer Support,Customer Success Associate,Full-Time,Permanent,B5,18.6,2.4,93.8,4,43,30,69.77,76.27,68.26,65.77,77.12,81.66,74.54,71.14,13.2,25,70.61,74.0,Good,Training
E4108,Sunil Pal,29,AI & Data Science,AI Engineer,Full-Time,Permanent,B3,6.2,0.7,93.2,10,32,21,65.62,65.05,71.84,78.65,80.38,69.95,67.31,66.76,3.9,50,88.97,74.18,Good,Training
E4109,Deepali Raje,41,Finance,Financial Analyst,Full-Time,Permanent,B5,16.8,9.7,96.5,6,17,13,76.47,74.11,74.14,71.57,73.65,79.2,77.13,74.93,3.5,20,64.73,76.26,Good,Training
E4110,Surekha Naik,24,AI & Data Science,AI Engineer,Full-Time,Permanent,B1,1.5,1.4,94.0,9,16,11,68.75,75.12,70.25,71.78,66.65,53.48,74.49,73.8,0.0,20,73.8,72.73,Good,Training
E4111,Priyanshi Menon,35,Sales,Business Development Executive,Contract,24 Months,B4,12.8,8.5,85.2,13,41,27,65.85,67.2,67.31,73.82,76.51,72.69,73.3,85.24,19.7,30,81.73,72.95,Good,Training
E4112,Prabhavati Mukherjee,53,Information Technology,System Administrator,Full-Time,Permanent,B3,8.7,6.5,97.8,0,47,37,78.72,79.18,76.42,73.78,63.56,55.2,73.31,62.15,14.2,50,83.16,76.04,Good,Incentive
E4113,Shashikala Som,28,Finance,Financial Analyst,Full-Time,Permanent,B2,3.6,2.2,92.5,5,28,21,75.0,67.65,70.46,74.34,69.13,59.81,73.75,76.64,7.4,10,61.73,72.88,Good,Training
E4114,Manjushree Prasad,32,Operations,Operations Manager,Full-Time,Permanent,B3,7.7,3.4,97.6,1,16,12,75.0,75.64,70.78,77.9,72.35,72.68,73.45,74.28,1.7,10,63.11,76.07,Good,Training
E4115,Neelima Khajuria,26,Finance,Accountant,Full-Time,Permanent,B1,1.7,0.3,96.5,3,27,21,77.78,82.31,75.1,82.38,87.89,58.48,77.72,78.07,0.5,30,94.88,81.53,Excellent,Incentive
E4116,Sameet Ganguly,29,Sales,Sales Executive,Full-Time,Permanent,B2,2.8,1.2,83.8,5,36,23,63.89,72.57,72.9,70.84,63.73,56.34,72.49,61.91,2.1,25,81.34,70.39,Good,Training
E4117,Rajshree Gautam,29,Finance,Accountant,Full-Time,Permanent,B2,4.6,4.2,93.0,6,42,25,59.52,59.28,58.74,64.85,62.64,58.22,62.71,58.8,13.2,25,80.09,64.91,Average,Training
E4118,Anuradha Tendulkar,25,Sales,Sales Executive,Full-Time,Permanent,B2,2.6,0.0,97.5,6,38,27,71.05,79.61,79.54,84.48,71.38,66.88,76.26,70.36,8.6,15,67.49,78.14,Good,Incentive
E4119,Aryabhatta Bhogle,37,Operations,Operations Executive,Part-Time,12 Months,B4,14.3,3.2,97.1,0,31,23,74.19,82.19,77.01,77.85,62.39,66.45,79.24,66.66,8.5,40,81.1,77.31,Good,Incentive
E4120,Karan Haldar,44,Operations,Operations Executive,Contract,6 Months,B4,14.7,7.4,97.8,0,26,18,69.23,67.88,68.02,72.75,75.14,79.86,65.21,60.38,2.3,25,80.05,73.25,Good,Training
E4121,Supriya Deshmukh,28,Human Resources,Talent Acquisition Specialist,Full-Time,Permanent,B2,3.3,2.4,93.3,5,37,31,83.78,86.63,78.17,71.19,68.83,56.85,76.97,65.24,3.7,15,57.48,77.01,Good,Incentive
E4122,Indrasen Garg,33,Information Technology,Software Engineer,Part-Time,6 Months,B3,8.8,0.3,94.4,5,34,28,82.35,73.45,78.76,83.02,73.01,62.56,73.68,79.14,7.4,25,75.52,78.92,Good,Incentive
E4123,Madhuri Jaitley,46,Information Technology,DevOps Engineer,Full-Time,Permanent,B5,20.2,16.7,73.8,21,28,14,50.0,55.75,60.25,64.95,70.48,79.78,64.41,75.04,0.0,30,90.74,64.57,Average,PIP
E4124,Susheela Nayak,53,Finance,Financial Analyst,Full-Time,Permanent,B5,15.4,11.8,96.2,0,27,20,74.07,76.88,76.01,69.77,71.87,70.0,75.4,78.04,11.0,10,64.78,75.73,Good,Training
E4125,Suraj Anand,57,Information Technology,System Administrator,Part-Time,12 Months,B4,10.6,6.2,96.9,1,50,39,78.0,83.17,81.31,73.1,82.72,76.78,75.49,72.86,17.2,5,46.95,78.9,Good,Incentive
E4126,Mrityunjay Bakshi,40,Marketing,Digital Marketing Specialist,Full-Time,Permanent,B3,8.5,4.7,81.3,15,36,25,69.44,71.57,69.87,66.17,67.31,54.32,73.37,78.37,0.0,30,87.0,71.07,Good,Training
E4127,Sudheer Kumar,49,Information Technology,Software Engineer,Full-Time,Permanent,B5,15.5,9.7,94.7,2,17,11,64.71,73.08,66.78,72.0,67.86,68.93,66.53,63.57,5.0,20,74.25,71.41,Good,Training
E4128,Drupad Mahto,57,Sales,Business Development Executive,Contract,12 Months,B4,11.4,9.1,93.0,2,39,25,64.1,59.39,62.94,73.95,82.11,64.17,67.03,77.11,6.4,40,89.9,71.48,Good,Training
E4129,Lavanya Kamat,31,Finance,Financial Analyst,Full-Time,Permanent,B3,5.8,1.2,92.4,8,34,25,73.53,78.61,80.34,86.06,77.34,65.93,75.26,71.77,3.2,40,97.96,80.3,Excellent,Incentive
E4130,Nityanand Mahto,43,Customer Support,Customer Success Associate,Full-Time,Permanent,B5,18.8,5.7,83.6,6,28,16,57.14,56.54,64.04,58.21,72.46,82.37,65.85,81.31,9.1,25,64.49,65.7,Average,Training
E4131,Anvesha Pandey,55,Information Technology,Software Engineer,Full-Time,Permanent,B5,17.3,1.7,94.1,9,25,20,80.0,76.67,76.18,79.64,71.62,75.82,71.31,66.67,2.0,15,60.22,77.15,Good,Incentive
E4132,Gudiya Lokhande,45,AI & Data Science,Data Analyst,Full-Time,Permanent,B5,16.6,7.1,73.0,18,42,23,54.76,64.96,59.3,67.34,76.46,67.7,67.05,71.99,14.9,25,64.19,65.45,Average,PIP
E4133,Virat Kayasth,23,Human Resources,HR Analyst,Full-Time,Permanent,B1,0.7,0.6,84.8,12,30,14,46.67,57.29,59.3,64.23,61.28,57.03,58.94,58.83,8.8,15,61.95,60.57,Average,Training
E4134,Niyati Ahale,46,Customer Support,Support Executive,Full-Time,Permanent,B5,15.5,7.9,90.0,6,26,20,76.92,75.59,72.12,74.06,83.26,73.68,72.08,74.33,2.3,40,88.21,77.54,Good,Training
E4135,Himani Parmar,45,Human Resources,HR Executive,Full-Time,Permanent,B5,17.5,4.3,96.5,7,16,14,87.5,91.61,89.45,92.13,82.6,84.94,86.18,81.85,0.0,25,69.79,88.15,Excellent,Promotion
E4136,Dharmendra Saha,38,Marketing,Marketing Analyst,Part-Time,12 Months,B4,12.9,4.6,80.7,12,20,11,55.0,54.15,53.78,62.41,76.68,69.15,58.09,57.92,1.6,15,51.1,61.35,Average,Training
E4137,Kanakprasad Nagar,33,AI & Data Science,AI Engineer,Full-Time,Permanent,B4,9.4,5.3,92.0,8,35,25,71.43,71.09,73.09,67.91,76.3,59.2,72.52,74.81,4.7,40,79.88,73.68,Good,Training
E4138,Bipin Kelkar,23,Marketing,Digital Marketing Specialist,Full-Time,Permanent,B1,0.6,0.5,91.5,8,32,21,65.62,72.55,73.7,78.82,82.12,58.81,78.81,86.97,9.7,40,78.45,76.12,Good,Training
E4139,Pratigya Kedia,54,Operations,Process Analyst,Full-Time,Permanent,B5,18.1,3.8,86.1,8,45,28,62.22,67.67,69.07,66.61,74.18,81.13,72.18,77.96,21.2,10,60.17,70.44,Good,Training
E4140,Subhashini Tata,48,Human Resources,HR Analyst,Contract,24 Months,B3,7.0,7.0,97.6,8,18,15,83.33,85.42,83.29,85.16,70.21,66.7,80.46,87.31,0.0,30,72.01,82.68,Excellent,Incentive
E4141,Chandramauli Bhadauria,51,Finance,Finance Executive,Full-Time,Permanent,B4,13.1,12.1,96.4,8,17,13,76.47,67.28,76.81,73.6,77.42,68.74,73.54,61.95,0.0,20,75.59,75.5,Good,Incentive
E4142,Prashansa Dogra,55,Operations,Process Analyst,Full-Time,Permanent,B5,22.8,6.5,93.9,4,25,18,72.0,79.3,72.14,82.08,75.86,82.46,75.09,88.24,0.0,20,59.14,78.05,Good,Training
E4143,Yashika Anand,53,Sales,Sales Executive,Full-Time,Permanent,B5,15.1,12.7,96.8,6,31,25,80.65,71.75,78.32,70.9,75.54,65.16,72.56,72.79,0.0,30,88.17,77.41,Good,Incentive
E4144,Bheem Deo,42,Sales,Sales Executive,Full-Time,Permanent,B3,7.5,0.2,94.6,5,34,26,76.47,76.05,76.9,79.27,82.46,66.43,77.91,70.8,2.7,40,87.03,79.12,Good,Incentive
E4145,Sagar Gaur,39,Finance,Financial Analyst,Full-Time,Permanent,B3,5.6,3.5,96.6,6,33,26,78.79,74.38,80.38,72.94,80.95,60.69,74.86,65.19,6.2,20,57.84,76.66,Good,Incentive
E4146,Somdatt Raje,23,Information Technology,Software Engineer,Full-Time,Permanent,B1,0.4,0.3,70.8,25,32,23,71.88,77.16,70.06,67.01,66.73,54.89,76.06,80.6,13.1,15,53.87,69.94,Average,PIP
E4147,Ragini Ahale,55,Marketing,Marketing Executive,Full-Time,Permanent,B4,14.3,0.9,90.1,9,21,17,80.95,70.65,74.89,76.81,76.33,66.41,72.86,81.78,8.6,40,85.83,77.48,Good,Training
E4148,Rudranath Acharya,27,Information Technology,Cloud Engineer,Part-Time,6 Months,B2,2.3,0.9,83.6,12,23,16,69.57,63.91,72.98,79.3,71.76,66.12,71.88,75.28,0.0,30,77.6,72.94,Good,Training
E4149,Jagriti Dubey,37,AI & Data Science,ML Engineer,Full-Time,Permanent,B3,5.6,2.5,82.8,15,28,20,71.43,67.43,72.37,64.49,63.29,59.28,66.88,65.61,8.2,20,66.9,68.9,Average,Training
E4150,Lalbahadur Patwari,41,AI & Data Science,ML Engineer,Part-Time,6 Months,B3,7.8,3.2,86.6,14,29,20,68.97,65.14,67.4,68.84,60.72,53.05,67.0,64.94,10.4,30,89.23,69.0,Average,Training
E4151,Meenu Mukhopadhyay,51,Information Technology,Software Engineer,Full-Time,Permanent,B5,22.0,17.9,84.4,6,27,11,40.74,60.22,51.5,58.0,69.13,82.6,62.99,74.29,1.4,20,67.15,61.27,Average,Training
E4152,Arjun Kanetkar,37,Finance,Financial Analyst,Full-Time,Permanent,B4,14.4,8.7,90.9,4,21,15,71.43,71.72,68.58,79.72,83.44,80.63,72.71,70.76,6.2,30,87.96,76.75,Good,Training
E4153,Shakti Bahl,45,Information Technology,Software Engineer,Full-Time,Permanent,B4,10.0,5.2,72.7,14,36,22,61.11,63.92,65.18,76.98,78.55,59.49,72.93,87.16,1.8,25,85.62,70.46,Good,Training
E4154,Vishnukant Ram,39,Human Resources,HR Analyst,Contract,6 Months,B4,11.4,2.5,93.7,9,23,17,73.91,76.68,71.47,73.74,80.84,71.54,73.26,68.07,5.5,10,58.59,75.4,Good,Training
E4155,Rajeshwar Pathak,52,Operations,Operations Executive,Contract,6 Months,B5,24.0,17.3,81.1,10,45,22,48.89,63.55,57.87,62.63,79.36,78.48,61.34,66.5,14.0,20,56.25,64.12,Average,Training
E4156,Ramdhari Surana,32,Human Resources,HR Executive,Contract,12 Months,B3,8.1,1.6,81.4,7,28,15,53.57,53.64,58.65,67.37,80.06,67.41,64.43,66.55,0.7,25,85.17,65.31,Average,Training
E4157,Ritesh Bharadwaj,51,Human Resources,HR Analyst,Full-Time,Permanent,B5,15.7,0.8,90.6,8,22,16,72.73,70.33,69.41,66.21,68.68,67.18,75.73,82.99,1.9,50,81.37,73.09,Good,Training
E4158,Dolly Atrey,41,Sales,Account Manager,Full-Time,Permanent,B3,7.0,3.0,75.6,24,40,30,75.0,70.26,77.69,76.13,72.22,58.11,72.99,77.84,10.3,15,50.39,72.61,Good,Training
E4159,Uma Sawant,37,Human Resources,Talent Acquisition Specialist,Full-Time,Permanent,B3,5.8,2.0,96.2,6,35,24,68.57,67.57,69.44,63.59,74.96,66.17,65.44,64.62,6.2,25,65.4,70.57,Good,Training
E4160,Gaurish Singhi,25,Operations,Operations Manager,Contract,6 Months,B2,2.3,1.3,83.3,11,21,12,57.14,61.57,64.59,68.26,65.95,56.72,68.4,72.68,8.9,30,85.03,66.8,Average,Training
E4161,Malti Athawale,38,Operations,Operations Manager,Full-Time,Permanent,B5,15.5,13.2,90.3,4,28,19,67.86,77.16,74.13,76.99,87.74,77.34,73.91,86.16,7.8,15,53.06,76.75,Good,Training
E4162,Lakshmi Lakhotia,50,Sales,Business Development Executive,Contract,24 Months,B4,11.0,2.4,97.1,7,48,24,50.0,64.28,56.72,63.11,67.47,71.37,63.04,58.84,15.1,25,74.11,64.94,Average,Training
E4163,Ansh Tandon,29,Marketing,Marketing Analyst,Full-Time,Permanent,B3,6.8,4.2,83.5,10,37,24,64.86,75.52,66.63,67.04,79.78,63.92,68.36,65.78,0.0,20,69.04,70.79,Good,Training
E4164,Apoorv Acharya,46,Sales,Sales Executive,Full-Time,Permanent,B4,9.5,9.4,90.3,8,24,19,79.17,84.2,79.88,78.2,79.29,60.43,80.47,89.56,0.0,25,77.32,80.57,Excellent,Incentive
E4165,Sheetala Acharya,26,Information Technology,System Administrator,Full-Time,Permanent,B1,1.2,0.9,96.2,4,48,31,64.58,59.96,62.62,74.12,66.74,54.47,69.48,85.22,12.6,15,50.21,68.46,Average,Training
E4166,Manibhushan Soni,27,Marketing,Marketing Analyst,Full-Time,Permanent,B1,1.8,0.9,81.9,11,39,31,79.49,84.27,79.2,85.14,84.15,55.98,77.55,70.96,10.1,40,92.57,80.67,Excellent,Incentive
E4167,Jayprakash Gadkari,52,Information Technology,Cloud Engineer,Full-Time,Permanent,B5,25.2,12.4,99.4,0,21,15,71.43,64.34,74.36,71.93,75.89,87.59,70.84,62.0,11.4,25,70.8,74.4,Good,Training
E4168,Kanta Pratap,41,Information Technology,Cloud Engineer,Full-Time,Permanent,B5,16.8,4.9,93.2,5,33,20,60.61,57.66,61.05,63.95,63.84,78.71,61.02,59.55,5.8,20,56.29,64.97,Average,Training
E4169,Rajesh Maurya,49,Customer Support,Support Executive,Full-Time,Permanent,B5,24.5,9.5,82.0,11,25,20,80.0,71.36,74.16,72.7,78.3,80.75,69.11,65.83,6.1,25,64.05,74.75,Good,Training
E4170,Piyush Goswami,52,Operations,Operations Executive,Full-Time,Permanent,B5,19.1,3.0,93.5,4,38,33,86.84,78.66,85.21,71.91,78.83,71.34,74.77,62.9,13.6,40,95.62,80.86,Excellent,Incentive
E4171,Manas Menon,29,Information Technology,Cloud Engineer,Full-Time,Permanent,B3,6.1,3.4,97.7,5,31,25,80.65,86.84,77.07,87.4,74.11,61.67,76.13,69.95,10.1,15,48.28,79.78,Good,Incentive
E4172,Tanishka Basu,31,Operations,Operations Manager,Full-Time,Permanent,B2,4.7,4.2,74.7,21,26,15,57.69,70.98,65.3,77.71,84.18,61.02,69.73,83.61,0.0,20,71.19,70.92,Good,Training
E4173,Nandu Kher,35,Sales,Sales Executive,Full-Time,Permanent,B3,7.7,1.9,94.5,2,29,20,68.97,63.97,68.7,69.11,75.39,69.36,75.18,85.76,5.8,10,40.67,71.15,Good,Training
E4174,Shaily Rai,27,Information Technology,System Administrator,Full-Time,Permanent,B2,3.7,0.9,97.3,7,26,21,80.77,87.22,84.0,78.96,69.31,67.52,85.92,84.22,0.0,15,56.2,81.0,Excellent,Incentive
E4175,Arunita Dubey,49,Information Technology,Software Engineer,Full-Time,Permanent,B4,13.2,12.3,73.0,14,20,13,65.0,67.38,71.64,69.38,65.81,75.93,73.02,76.8,8.8,25,84.63,70.41,Good,Training
E4176,Pramila Dubey,54,Information Technology,Cloud Engineer,Part-Time,12 Months,B5,18.8,2.1,91.6,5,30,22,73.33,77.94,77.91,81.44,88.97,88.29,75.55,81.26,0.0,30,79.14,80.86,Excellent,Incentive
E4177,Tejas Ahale,32,Human Resources,HR Executive,Full-Time,Permanent,B3,5.2,4.4,96.2,0,23,18,78.26,83.03,83.69,78.39,73.75,54.0,79.63,79.78,4.7,25,67.04,79.52,Good,Incentive
E4178,Mausami Dabral,51,Marketing,Marketing Executive,Full-Time,Permanent,B4,9.0,3.9,91.2,9,18,13,72.22,81.44,72.45,83.33,76.12,71.46,73.32,73.27,0.0,15,67.8,77.44,Good,Training
E4179,Surya Bhandari,30,Finance,Financial Analyst,Full-Time,Permanent,B3,5.1,4.0,94.8,7,17,10,58.82,67.22,69.04,63.28,66.1,58.9,71.75,83.04,6.1,30,76.05,69.33,Average,Training
E4180,Gopi Pal,52,Information Technology,DevOps Engineer,Full-Time,Permanent,B3,8.5,4.7,84.6,11,29,21,72.41,75.15,75.89,68.6,58.94,66.74,73.02,63.65,0.0,20,67.28,71.7,Good,Training
E4181,Tarun Vats,34,Information Technology,System Administrator,Full-Time,Permanent,B3,7.9,1.8,92.4,2,23,16,69.57,71.36,69.12,79.72,82.29,75.22,74.06,67.97,1.2,15,63.87,74.99,Good,Training
E4182,Maheshwari Bhawsar,24,Marketing,Marketing Executive,Full-Time,Permanent,B1,1.7,1.1,96.3,6,26,20,76.92,79.68,76.95,78.74,72.19,58.33,77.34,78.76,0.0,15,71.47,77.99,Good,Incentive
E4183,Lakshya Lalwani,38,Information Technology,Software Engineer,Full-Time,Permanent,B4,12.7,9.4,68.6,23,18,12,66.67,77.55,71.54,81.56,85.28,65.77,73.75,82.46,0.3,40,94.57,75.81,Good,Training
E4184,Hari Jhunjhunwala,45,Customer Support,Customer Success Associate,Full-Time,Permanent,B5,15.5,12.0,99.4,4,40,26,65.0,74.7,71.38,67.37,64.99,67.04,72.44,62.9,11.4,10,58.37,71.24,Good,Training
E4185,Atharva Mohanty,42,Human Resources,HR Executive,Full-Time,Permanent,B4,11.8,8.9,71.7,18,34,19,55.88,64.09,58.3,71.76,83.26,64.91,63.44,80.45,11.7,40,85.98,67.74,Average,PIP
E4186,Parvati Dhanuka,40,Operations,Process Analyst,Full-Time,Permanent,B4,10.8,7.9,93.1,7,20,13,65.0,70.95,72.6,78.55,81.88,62.93,75.51,73.24,4.6,10,57.24,74.01,Good,Training
E4187,Bhagirathi Nath,51,Marketing,Marketing Analyst,Full-Time,Permanent,B5,22.0,11.6,96.0,4,20,10,50.0,51.53,55.78,69.83,65.93,85.0,61.88,82.47,8.9,30,75.49,65.51,Average,Training
E4188,Shakumbhari Shirke,45,Information Technology,System Administrator,Full-Time,Permanent,B3,8.8,8.8,91.4,7,31,23,74.19,68.63,70.38,74.95,82.39,60.6,75.9,83.97,17.1,10,56.87,74.47,Good,Training
E4189,Vikalp Dhumal,42,Marketing,Digital Marketing Specialist,Full-Time,Permanent,B3,8.3,4.4,96.0,1,43,33,76.74,76.97,71.53,77.1,85.21,72.35,72.45,70.21,8.8,25,82.84,78.36,Good,Training
E4190,Prakash Nath,46,Information Technology,Software Engineer,Full-Time,Permanent,B4,12.6,8.9,81.3,13,26,16,61.54,65.66,65.15,60.13,73.17,74.93,69.51,71.03,0.0,10,59.17,67.05,Average,Training
E4191,Sangeeta Garg,24,Human Resources,Talent Acquisition Specialist,Full-Time,Permanent,B1,1.0,0.6,97.9,2,30,20,66.67,66.54,68.47,73.74,83.41,65.05,71.61,85.62,10.3,25,63.79,73.75,Good,Training
E4192,Abha Bhargav,26,Customer Support,Support Analyst,Part-Time,12 Months,B2,3.7,0.5,97.7,2,23,15,65.22,74.92,69.27,75.87,66.69,53.63,67.08,63.26,4.6,20,65.91,71.72,Good,Training
E4193,Reet Maali,57,Information Technology,System Administrator,Full-Time,Permanent,B4,11.8,2.1,88.9,7,34,24,70.59,65.24,68.45,71.57,80.15,66.37,71.64,72.34,4.4,10,41.41,70.87,Good,Training
E4194,Tanay Baghel,30,Information Technology,System Administrator,Full-Time,Permanent,B2,3.1,1.2,90.5,3,37,26,70.27,79.72,72.78,75.7,77.1,63.86,76.47,63.35,5.8,25,79.11,75.67,Good,Training
E4195,Payal Dadhich,53,Human Resources,Talent Acquisition Specialist,Full-Time,Permanent,B4,9.2,0.2,83.1,7,40,28,70.0,66.09,66.53,66.57,70.25,71.27,72.45,83.92,3.6,20,66.72,70.43,Good,Training
E4196,Ashwini Gujral,43,Customer Support,Customer Success Associate,Full-Time,Permanent,B4,9.0,2.0,92.3,3,45,35,77.78,84.33,75.58,84.26,72.21,74.9,78.1,80.46,2.5,15,53.15,79.07,Good,Incentive
E4197,Kamala Vaidya,45,Marketing,Marketing Executive,Full-Time,Permanent,B3,8.4,1.6,81.8,7,26,15,57.69,62.83,60.18,62.03,68.98,56.29,69.35,79.7,3.6,25,73.02,65.41,Average,Training
E4198,Rajan Gavaskar,42,Information Technology,DevOps Engineer,Contract,12 Months,B3,8.0,6.5,70.8,12,30,18,60.0,65.06,66.49,63.02,63.84,61.86,72.97,78.74,4.7,15,72.37,65.95,Average,PIP
E4199,Vilasrao Kamat,56,AI & Data Science,Data Scientist,Full-Time,Permanent,B5,30.3,8.9,87.4,14,26,16,61.54,65.12,68.03,77.34,86.92,79.05,71.79,78.45,9.9,30,89.94,74.2,Good,Training
E4200,Gaurish Patel,30,AI & Data Science,Data Scientist,Part-Time,12 Months,B3,5.4,3.4,97.3,1,27,18,66.67,73.95,75.56,75.9,65.43,57.96,69.64,64.75,6.9,40,93.31,74.37,Good,Training
E4201,Prerna Chaurasiya,33,Sales,Account Manager,Full-Time,Permanent,B4,9.3,3.2,94.4,3,19,15,78.95,71.28,78.81,78.73,73.25,61.08,75.21,81.99,0.0,20,76.15,77.65,Good,Incentive
E4202,Shriram Pednekar,40,Information Technology,Cloud Engineer,Part-Time,6 Months,B4,12.1,5.6,96.5,0,29,22,75.86,74.61,72.28,80.0,74.08,70.32,74.74,67.82,5.3,15,51.26,75.68,Good,Training
E4203,Sacchidanand Mohanty,51,Sales,Business Development Executive,Full-Time,Permanent,B4,10.7,10.6,91.1,6,32,20,62.5,74.3,64.72,69.18,86.86,62.18,71.05,82.51,6.3,20,72.78,72.83,Good,Training
E4204,Girish Runthla,43,Sales,Sales Executive,Full-Time,Permanent,B3,5.7,3.6,83.6,12,42,32,76.19,80.6,81.45,83.54,76.71,55.96,83.79,81.45,15.9,5,46.78,77.7,Good,Incentive
E4205,Anubhuti Bhat,40,Marketing,Marketing Executive,Full-Time,Permanent,B5,17.5,7.0,98.0,8,26,21,80.77,75.54,81.99,84.18,80.58,83.35,78.78,86.46,6.4,25,86.11,82.96,Excellent,Incentive
E4206,Kamya Maken,32,Human Resources,Talent Acquisition Specialist,Full-Time,Permanent,B2,3.1,1.3,88.4,7,34,23,67.65,71.88,69.21,74.63,68.66,49.23,73.97,87.32,4.9,30,83.98,72.94,Good,Training
E4207,Vibha Rao,29,AI & Data Science,Data Analyst,Full-Time,Permanent,B2,2.8,2.1,94.0,6,23,12,52.17,53.17,56.85,58.05,58.88,56.48,60.25,70.24,0.3,20,70.47,61.2,Average,Training
E4208,Om Gaur,48,Sales,Sales Executive,Part-Time,6 Months,B5,19.2,0.7,83.7,7,21,13,61.9,60.23,65.92,73.17,74.28,86.59,65.31,81.3,1.3,15,60.12,69.65,Average,Training
E4209,Shridevi Ranaut,55,Information Technology,Software Engineer,Contract,12 Months,B5,16.1,15.5,90.6,2,26,21,80.77,70.94,72.48,75.83,77.87,79.76,72.31,85.14,0.0,20,64.59,76.94,Good,Training
E4210,Jyotiraditya Umrao,53,Human Resources,HR Executive,Contract,12 Months,B5,16.9,15.7,86.5,12,17,15,88.24,91.77,83.13,82.43,87.52,87.34,80.73,80.07,0.0,20,64.63,84.88,Excellent,Incentive
E4211,Shivanshi Sen,30,AI & Data Science,AI Engineer,Full-Time,Permanent,B3,6.0,3.1,85.6,6,22,14,63.64,64.21,65.6,68.5,76.97,67.46,71.49,75.01,0.0,30,91.74,70.83,Good,Training
E4212,Shakti Rathi,41,Customer Support,Customer Success Associate,Full-Time,Permanent,B4,13.3,2.9,93.3,8,31,25,80.65,82.01,76.2,70.63,72.04,70.92,74.69,77.02,3.7,25,78.55,78.02,Good,Incentive
E4213,Sachin Pathak,54,Finance,Financial Analyst,Full-Time,Permanent,B5,23.8,8.9,92.0,10,15,8,53.33,61.2,59.22,59.36,58.43,63.78,64.37,60.7,0.0,30,74.33,63.17,Average,Training
E4214,Lata Bahl,35,Operations,Operations Manager,Full-Time,Permanent,B3,6.2,0.0,91.3,8,19,12,63.16,66.22,63.79,74.09,80.68,70.4,66.33,71.58,1.0,25,73.71,71.39,Good,Training
E4215,Gagandeep Nath,28,Sales,Sales Executive,Full-Time,Permanent,B2,3.3,0.9,93.8,4,25,20,80.0,83.99,76.39,81.83,87.24,69.35,82.35,80.51,9.6,40,79.07,82.0,Excellent,Incentive
E4216,Anju Tendulkar,27,Customer Support,Support Executive,Part-Time,12 Months,B2,3.5,0.7,90.2,7,35,25,71.43,71.61,69.34,74.21,68.53,59.98,72.49,60.09,7.6,30,75.62,72.27,Good,Training
E4217,Narendra Khurrana,50,Marketing,Marketing Executive,Contract,12 Months,B5,26.3,18.2,80.7,5,15,8,53.33,62.01,59.21,73.18,79.57,78.65,65.71,63.81,0.0,10,53.71,66.28,Average,Training
E4218,Atul Mumukshu,26,Sales,Account Manager,Full-Time,Permanent,B2,3.2,3.0,92.3,6,18,14,77.78,68.96,72.78,67.14,78.54,62.38,69.53,74.99,0.0,20,55.16,73.19,Good,Training
E4219,Priti Didwania,43,Operations,Process Analyst,Full-Time,Permanent,B5,18.4,9.1,91.3,8,35,20,57.14,60.12,66.51,71.22,85.82,75.01,68.86,82.7,0.0,15,59.86,70.28,Good,Training
E4220,Anshul Dhoni,24,Human Resources,HR Executive,Full-Time,Permanent,B1,1.8,0.2,88.9,15,24,17,70.83,76.69,75.76,69.46,74.17,59.64,72.93,61.02,0.0,50,86.29,74.21,Good,Training
E4221,Unnati Raina,38,Sales,Business Development Executive,Contract,6 Months,B3,5.7,1.4,84.5,9,43,29,67.44,67.72,71.32,64.65,80.16,64.66,76.14,83.06,19.5,15,48.54,70.76,Good,Training
E4222,Ishan Kharwar,45,Finance,Accountant,Full-Time,Permanent,B4,13.6,11.1,82.8,12,44,30,68.18,66.44,66.32,73.68,70.54,63.97,69.29,71.44,9.1,40,87.83,71.15,Good,Training
E4223,Eklavya Javdekar,56,AI & Data Science,ML Engineer,Full-Time,Permanent,B5,15.0,3.5,70.0,24,16,9,56.25,62.03,57.81,73.38,76.01,76.79,65.15,64.62,4.8,30,84.52,66.58,Average,PIP
E4224,Prathamesh Shastri,24,Human Resources,HR Executive,Full-Time,Permanent,B1,0.6,0.6,95.0,7,16,11,68.75,77.14,73.31,75.26,70.41,55.85,77.44,68.69,0.0,25,67.79,74.2,Good,Training
E4225,Sharda Modi,45,Customer Support,Support Executive,Full-Time,Permanent,B5,22.4,5.1,87.2,6,32,24,75.0,79.74,76.71,85.47,77.41,85.44,82.18,84.58,8.7,20,72.23,80.22,Excellent,Incentive
E4226,Nitin Atlani,56,Customer Support,Support Executive,Full-Time,Permanent,B4,10.0,7.5,96.3,4,58,40,68.97,69.99,70.79,68.71,73.03,61.36,71.45,65.02,7.7,25,72.25,72.21,Good,Training
E4227,Anish Kulkarni,32,Marketing,Marketing Analyst,Full-Time,Permanent,B2,3.1,2.2,97.4,1,35,27,77.14,75.43,76.73,76.92,83.55,62.2,74.98,76.79,3.1,30,74.44,78.45,Good,Incentive
E4228,Vipul Ambedkar,51,AI & Data Science,Data Scientist,Contract,24 Months,B5,24.6,10.7,93.2,8,25,14,56.0,55.03,56.5,70.2,67.9,71.17,59.62,73.48,15.6,5,48.26,64.4,Average,Training
E4229,Shalini Misra,39,Operations,Operations Executive,Full-Time,Permanent,B3,7.6,7.5,86.9,13,44,28,63.64,63.49,68.15,71.81,65.9,67.52,62.76,59.09,15.8,15,60.55,67.84,Average,Training
E4230,Ruchi Bala,31,AI & Data Science,Data Analyst,Part-Time,12 Months,B3,6.9,3.2,96.7,5,26,18,69.23,65.63,67.21,65.2,72.52,67.82,67.94,61.38,1.5,40,89.85,71.36,Good,Training
E4231,Reshama Unadkat,55,Marketing,Digital Marketing Specialist,Full-Time,Permanent,B4,14.6,10.8,96.3,6,19,14,73.68,79.82,80.38,76.64,77.13,66.24,79.06,82.68,2.5,5,56.44,78.14,Good,Incentive
E4232,Mimansa Phogat,28,Operations,Process Analyst,Full-Time,Permanent,B2,4.8,4.3,80.6,15,38,29,76.32,73.81,76.95,74.48,81.68,53.09,71.34,62.62,4.9,30,88.11,75.22,Good,Incentive
E4233,Shashank Bedi,26,Sales,Business Development Executive,Full-Time,Permanent,B2,3.3,1.3,77.9,20,42,29,69.05,68.15,74.41,79.09,84.65,68.56,74.07,67.63,12.9,25,71.45,73.95,Good,Training
E4234,Anvesha Kher,35,Marketing,Marketing Analyst,Full-Time,Permanent,B3,7.8,0.1,94.6,4,33,24,72.73,66.74,73.04,67.73,71.68,70.55,73.4,81.49,13.3,20,76.96,73.78,Good,Training
E4235,Mihika Soman,51,Operations,Operations Executive,Full-Time,Permanent,B5,22.7,22.1,96.8,0,21,11,52.38,65.72,65.24,68.81,75.55,77.09,67.77,72.43,0.8,30,94.24,70.63,Good,Training
E4236,Lipika Bhat,33,Information Technology,Cloud Engineer,Full-Time,Permanent,B4,9.1,4.2,91.5,8,34,25,73.53,69.38,72.89,69.77,59.22,67.44,68.98,63.67,3.7,25,72.45,71.53,Good,Training
E4237,Indumati Shekhawat,25,Sales,Sales Executive,Part-Time,12 Months,B2,2.0,0.2,83.4,10,29,23,79.31,69.17,70.98,66.46,63.09,48.96,71.32,79.74,1.5,20,76.5,71.36,Good,Training
E4238,Suraj Narayan,23,Operations,Operations Manager,Full-Time,Permanent,B1,0.4,0.2,91.6,6,35,27,77.14,70.41,71.6,64.09,77.32,57.47,66.2,60.21,6.8,25,68.0,71.97,Good,Training
E4239,Shashwat Atrey,48,Operations,Operations Executive,Full-Time,Permanent,B4,10.0,6.3,96.9,3,23,12,52.17,58.32,56.25,66.66,63.21,70.98,56.69,59.31,0.0,40,98.45,65.29,Average,Training
E4240,Triveni Gond,36,AI & Data Science,ML Engineer,Full-Time,Permanent,B4,11.1,0.1,94.2,5,17,13,76.47,69.48,71.31,79.15,82.82,63.66,71.5,76.1,0.0,15,54.63,75.46,Good,Training
E4241,Rajeev Bharati,26,Information Technology,DevOps Engineer,Part-Time,6 Months,B2,2.8,0.6,87.1,12,24,13,54.17,58.93,60.95,62.73,73.78,60.19,58.78,55.83,3.7,30,70.89,63.89,Average,Training
E4242,Manju Bhogle,32,Information Technology,DevOps Engineer,Full-Time,Permanent,B2,3.1,3.0,88.4,9,37,28,75.68,78.44,78.5,77.6,81.8,61.53,74.56,66.22,4.7,10,42.94,75.82,Good,Incentive
E4243,Yudhi Misra,24,Finance,Finance Executive,Full-Time,Permanent,B1,1.8,0.7,99.5,0,26,19,73.08,79.17,71.75,66.0,82.88,48.2,74.1,80.47,13.5,25,84.89,76.12,Good,Training
E4244,Saras Bhatt,36,Sales,Sales Executive,Contract,12 Months,B3,6.7,1.1,92.6,4,25,20,80.0,72.88,80.85,85.01,80.22,58.31,78.6,69.49,8.2,20,70.81,78.95,Good,Incentive
E4245,Raj Kharwar,39,Marketing,Marketing Analyst,Part-Time,6 Months,B3,6.8,0.9,82.3,8,39,26,66.67,74.91,73.41,68.19,67.96,61.69,78.3,80.02,8.6,20,70.37,72.02,Good,Training
E4246,Bhuwaneshwar Chaudhari,26,Information Technology,Software Engineer,Full-Time,Permanent,B2,2.7,2.5,90.8,2,30,23,76.67,73.35,79.28,70.48,84.48,59.05,76.07,74.18,5.1,10,45.84,75.25,Good,Incentive
E4247,Kalavati Thakur,31,Sales,Sales Executive,Full-Time,Permanent,B3,5.4,1.1,91.5,2,28,22,78.57,81.93,78.33,75.61,78.58,63.11,75.6,71.46,9.7,20,58.28,77.6,Good,Incentive
E4248,Harshvardhan Gandhi,38,Sales,Account Manager,Full-Time,Permanent,B4,12.3,8.7,96.9,5,30,22,73.33,79.3,71.39,75.61,70.47,62.54,69.73,64.94,0.0,25,82.02,75.64,Good,Training
E4249,Varun Batra,40,AI & Data Science,AI Engineer,Full-Time,Permanent,B4,10.3,7.1,87.0,12,31,15,48.39,51.97,50.19,67.29,76.42,70.95,60.19,60.71,0.6,50,76.84,62.45,Average,Training
E4250,Aishwarya Pednekar,43,Information Technology,System Administrator,Full-Time,Permanent,B4,11.3,2.2,82.4,13,27,21,77.78,73.06,72.51,71.25,84.5,61.75,79.01,84.39,0.0,40,86.83,76.48,Good,Training
E4251,Sarvesh Mehta,26,Information Technology,Software Engineer,Full-Time,Permanent,B2,3.3,3.3,92.9,6,39,30,76.92,82.35,76.62,82.28,70.63,62.18,74.97,64.12,7.0,30,87.72,78.53,Good,Incentive
E4252,Sapna Verma,54,Finance,Finance Executive,Part-Time,6 Months,B5,20.9,19.2,92.5,7,33,27,81.82,81.31,80.67,75.41,73.79,87.48,84.12,84.33,0.7,40,94.3,82.02,Excellent,Incentive
E4253,Kashvi Dogra,48,Finance,Financial Analyst,Full-Time,Permanent,B5,21.6,10.1,93.0,4,23,14,60.87,69.47,67.75,74.09,69.55,71.0,70.15,85.47,0.0,10,63.45,71.59,Good,Training
E4254,Savita Malode,56,Customer Support,Support Analyst,Full-Time,Permanent,B3,8.6,2.2,98.0,4,35,24,68.57,76.3,76.61,82.24,83.43,68.73,76.2,76.82,16.1,15,60.25,77.8,Good,Incentive
E4255,Sukritika Bhansali,24,Information Technology,DevOps Engineer,Full-Time,Permanent,B1,1.5,0.1,85.8,6,23,15,65.22,68.35,67.67,78.92,80.79,60.37,70.08,81.97,0.0,25,68.57,72.73,Good,Training
E4256,Samarth Shastry,27,AI & Data Science,Data Analyst,Full-Time,Permanent,B2,2.5,1.1,94.5,5,44,29,65.91,75.7,73.25,77.05,76.16,50.45,77.31,71.54,6.2,30,88.61,75.25,Good,Training
E4257,Sandhya Malode,44,Sales,Business Development Executive,Full-Time,Permanent,B4,14.9,2.9,92.2,5,28,23,82.14,82.68,82.16,85.37,77.25,75.35,81.42,83.14,15.4,15,51.74,81.38,Excellent,Incentive
E4258,Munni Som,26,AI & Data Science,AI Engineer,Part-Time,6 Months,B1,1.2,0.2,91.1,8,33,23,69.7,68.02,69.02,68.14,67.59,44.14,65.53,66.2,7.2,20,75.56,69.67,Average,Training
E4259,Aradhya Nahar,51,AI & Data Science,Data Scientist,Full-Time,Permanent,B5,19.8,14.5,99.9,1,25,19,76.0,69.14,74.12,71.48,73.49,73.83,68.05,68.63,1.6,20,62.17,74.58,Good,Training
E4260,Anil Pawar,32,Sales,Business Development Executive,Full-Time,Permanent,B4,9.1,6.0,96.9,4,40,26,65.0,74.07,73.6,73.01,63.4,58.65,74.71,69.07,5.2,25,84.24,73.22,Good,Training
E4261,Mahima Pradhan,32,Finance,Finance Executive,Contract,24 Months,B2,3.7,2.1,93.8,10,22,17,77.27,76.64,79.25,73.17,76.69,58.48,75.9,72.83,0.6,20,59.1,76.31,Good,Incentive
E4262,Meghna Sahu,27,Information Technology,Software Engineer,Full-Time,Permanent,B2,4.3,2.1,83.5,12,40,32,80.0,84.85,85.48,87.59,89.97,68.6,85.9,91.64,9.7,15,70.19,83.85,Excellent,Incentive
E4263,Gaurish Saini,47,Finance,Accountant,Full-Time,Permanent,B5,16.2,14.3,91.0,10,27,21,77.78,77.31,79.57,82.23,85.34,77.08,74.77,72.17,1.5,25,81.37,80.44,Excellent,Incentive
E4264,Indrajit Maheshwari,26,Sales,Business Development Executive,Contract,12 Months,B1,1.3,0.3,97.8,2,39,32,82.05,87.36,81.66,77.29,83.01,52.8,84.66,90.57,16.3,50,81.42,82.81,Excellent,Incentive
E4265,Karan Narayan,54,Operations,Operations Manager,Full-Time,Permanent,B5,29.6,6.1,93.6,10,17,11,64.71,64.54,70.55,63.84,64.3,66.49,71.3,72.65,0.0,25,74.88,69.6,Average,Training
E4266,Karn Trivedi,57,Information Technology,Software Engineer,Full-Time,Permanent,B5,19.6,11.5,87.3,13,15,9,60.0,61.69,58.77,62.79,64.61,67.8,60.91,59.94,0.0,20,56.4,63.93,Average,Training
E4267,Kanti Shastry,28,Finance,Accountant,Full-Time,Permanent,B2,2.8,1.0,97.1,6,27,21,77.78,68.06,71.98,70.32,69.06,58.7,70.93,72.49,8.2,30,91.69,74.53,Good,Training
E4268,Saloni Hatwal,38,Customer Support,Support Executive,Full-Time,Permanent,B2,4.2,2.0,94.9,8,31,22,70.97,65.77,73.78,78.58,78.65,62.28,74.75,73.35,3.5,25,74.42,74.96,Good,Training
E4269,Usha Jadhav,41,Operations,Operations Manager,Full-Time,Permanent,B4,13.4,9.2,97.3,5,22,19,86.36,82.2,82.05,71.46,68.2,60.44,75.3,68.78,4.8,25,70.87,78.63,Good,Incentive
E4270,Suraj Lalwani,53,Information Technology,Cloud Engineer,Full-Time,Permanent,B5,26.8,3.3,90.9,6,31,20,64.52,75.36,70.82,66.2,70.31,77.86,70.84,67.55,13.2,5,43.02,70.62,Good,Training
E4271,Murali Shandilya,39,Finance,Finance Executive,Contract,6 Months,B4,10.7,9.7,94.4,2,25,19,76.0,81.01,73.78,73.82,64.21,63.89,71.91,67.19,0.0,10,62.97,74.85,Good,Training
E4272,Siddharth Vats,53,Customer Support,Support Executive,Full-Time,Permanent,B4,12.1,1.4,96.3,2,29,20,68.97,74.56,74.43,77.23,71.81,65.47,76.07,81.54,1.0,15,68.95,75.69,Good,Training
E4273,Kanta Bhatnagar,57,Operations,Operations Manager,Contract,12 Months,B5,28.3,7.4,99.5,2,34,20,58.82,68.14,69.4,63.42,82.17,83.52,72.71,75.4,8.7,30,89.98,73.21,Good,Training
E4274,Samanata Ambani,23,Operations,Operations Executive,Full-Time,Permanent,B1,0.3,0.2,92.6,2,49,32,65.31,64.82,67.2,73.99,79.55,51.93,67.49,64.48,15.7,30,94.15,71.82,Good,Training
E4275,Prafull Jalan,40,Marketing,Marketing Analyst,Full-Time,Permanent,B2,4.5,3.7,93.8,10,39,30,76.92,69.12,72.93,77.14,72.86,65.31,76.06,77.66,6.7,20,59.96,75.03,Good,Training
E4276,Harihar Ahuja,41,Information Technology,System Administrator,Full-Time,Permanent,B4,10.3,4.3,91.6,3,43,32,74.42,77.73,78.47,73.74,84.41,60.61,79.18,72.56,15.8,15,55.38,76.64,Good,Incentive
E4277,Shivshankar Mangeshkar,28,Marketing,Marketing Analyst,Part-Time,6 Months,B1,1.8,0.8,82.7,14,27,13,48.15,55.85,55.46,69.53,83.33,51.89,62.84,71.69,6.2,10,57.73,63.16,Average,Training
E4278,Deepshikha Gujjar,55,Information Technology,Cloud Engineer,Full-Time,Permanent,B5,29.2,6.0,90.1,6,33,22,66.67,67.72,65.09,62.56,69.33,79.61,68.72,71.7,8.6,20,55.67,69.03,Average,Training
E4279,Prashant Runthla,43,Operations,Process Analyst,Full-Time,Permanent,B3,8.7,5.4,92.4,9,21,18,85.71,90.55,89.11,90.35,87.68,80.89,82.12,69.77,6.2,40,87.08,87.36,Excellent,Promotion
E4280,Ravishankar Govil,41,Human Resources,HR Executive,Contract,24 Months,B3,5.3,0.8,90.9,8,15,12,80.0,70.1,78.62,68.44,78.64,68.92,72.12,72.1,0.0,15,49.71,74.67,Good,Training
E4281,Manikram Kushwaha,32,Sales,Business Development Executive,Full-Time,Permanent,B4,9.9,7.3,95.0,6,21,16,76.19,74.71,75.91,78.06,82.58,63.86,75.89,87.83,0.0,25,74.57,78.6,Good,Incentive
E4282,Abhilesh Jaitley,55,Operations,Operations Executive,Full-Time,Permanent,B4,12.6,1.2,87.4,13,34,23,67.65,76.97,75.14,81.3,69.89,66.26,77.99,88.31,8.5,30,87.96,76.91,Good,Incentive
E4283,Shashikala Saini,39,Finance,Finance Executive,Full-Time,Permanent,B3,6.8,6.4,93.4,5,33,20,60.61,65.07,63.6,67.2,73.26,63.2,63.96,59.38,11.8,40,84.3,68.68,Average,Training
E4284,Kritika Sen,32,AI & Data Science,Data Analyst,Contract,12 Months,B2,4.6,2.8,87.9,8,40,33,82.5,76.02,83.13,85.1,83.89,56.8,79.15,81.42,16.5,15,66.88,80.4,Excellent,Incentive
E4285,Kaushik Deol,28,Sales,Sales Executive,Full-Time,Permanent,B2,4.2,2.0,97.0,6,23,18,78.26,79.0,77.96,68.53,68.61,55.44,81.93,85.73,0.0,25,74.01,76.98,Good,Training
E4286,Vinay Gunji,40,Human Resources,Talent Acquisition Specialist,Full-Time,Permanent,B5,15.8,14.3,70.5,15,41,27,65.85,67.19,71.18,76.65,71.75,73.64,66.97,67.44,9.7,10,40.71,68.79,Average,PIP
E4287,Shuchi Bhatt,38,AI & Data Science,ML Engineer,Full-Time,Permanent,B3,7.0,1.5,99.1,6,28,19,67.86,76.73,67.82,69.85,73.98,65.09,77.09,76.97,0.0,20,63.9,73.8,Good,Training
E4288,Pankaj Gambhir,35,AI & Data Science,Data Scientist,Contract,24 Months,B2,3.3,1.3,91.4,9,24,18,75.0,68.39,76.97,76.97,76.5,65.34,76.99,77.56,0.0,50,81.12,76.44,Good,Incentive
E4289,Kangana Haldar,46,Finance,Financial Analyst,Full-Time,Permanent,B4,9.9,8.1,97.7,5,35,25,71.43,73.58,69.75,64.37,68.52,68.67,68.79,69.2,8.1,25,83.45,73.0,Good,Training
E4290,Rashika Lokhande,54,Operations,Operations Manager,Full-Time,Permanent,B5,25.9,7.6,94.5,10,30,24,80.0,83.85,76.75,79.47,69.23,81.66,79.3,85.37,5.8,5,33.69,78.38,Good,Incentive
E4291,Suyash Mantri,57,Sales,Sales Executive,Full-Time,Permanent,B5,29.9,15.3,68.0,25,44,21,47.73,48.71,51.75,65.23,79.74,85.1,59.82,79.38,15.0,50,96.18,62.81,Average,PIP
E4292,Hansvi Pawar,35,Marketing,Digital Marketing Specialist,Full-Time,Permanent,B4,9.7,9.5,96.9,3,21,16,76.19,67.13,71.81,80.35,83.32,62.54,70.33,73.51,3.0,15,49.59,75.14,Good,Training
E4293,Sanskriti Balyan,48,AI & Data Science,Data Analyst,Full-Time,Permanent,B5,15.4,11.4,84.2,5,45,32,71.11,78.6,77.37,69.32,74.83,73.95,75.67,84.41,15.7,25,82.89,76.21,Good,Training
E4294,Anupama Rajpoot,23,Sales,Sales Executive,Full-Time,Permanent,B1,0.4,0.1,97.6,0,23,20,86.96,74.89,79.78,76.66,65.15,50.32,74.19,72.65,0.0,5,52.99,76.53,Good,Incentive
E4295,Triveni Damani,56,AI & Data Science,ML Engineer,Full-Time,Permanent,B5,17.4,2.4,97.3,8,20,12,60.0,72.62,68.09,76.68,76.63,74.86,69.53,69.64,0.0,15,54.16,72.41,Good,Training
E4296,Tara Dave,42,Finance,Accountant,Full-Time,Permanent,B3,8.2,3.3,93.2,6,36,20,55.56,58.56,62.68,67.62,76.05,61.17,63.5,73.32,0.0,40,79.31,67.45,Average,Training
E4297,Navya Dikshit,38,Operations,Operations Executive,Full-Time,Permanent,B4,14.8,11.3,90.9,9,48,40,83.33,80.59,79.51,72.92,71.37,74.53,73.18,64.46,18.3,25,82.5,78.41,Good,Incentive
E4298,Nitya Nahar,34,Information Technology,Software Engineer,Full-Time,Permanent,B2,3.3,1.5,76.6,15,39,26,66.67,61.64,70.93,65.29,68.26,60.8,68.6,76.89,4.4,25,62.62,67.61,Average,Training
E4299,Ayush Kulkarni,42,Customer Support,Customer Success Associate,Full-Time,Permanent,B5,15.1,5.9,75.7,11,38,28,73.68,74.78,77.44,81.55,78.57,75.11,78.82,76.39,8.2,40,95.85,77.85,Good,Incentive
E4300,Vignesh Deewan,41,Sales,Sales Executive,Full-Time,Permanent,B5,16.1,9.7,70.7,20,26,17,65.38,73.91,70.05,79.77,83.14,78.74,75.53,69.25,0.0,20,64.64,73.16,Good,Training
E4301,Abhishek Bakshi,34,Operations,Operations Executive,Contract,12 Months,B3,7.0,2.6,97.0,8,49,34,69.39,68.88,67.88,70.0,71.39,63.1,64.84,61.62,12.7,15,56.6,70.57,Good,Training
E4302,Animesh Scindia,56,Sales,Sales Executive,Part-Time,6 Months,B5,16.4,1.1,99.3,6,37,31,83.78,79.79,84.59,84.7,70.01,67.79,83.07,77.02,7.1,20,79.74,82.24,Excellent,Incentive
E4303,Guddoo Kushwaha,57,Sales,Sales Executive,Full-Time,Permanent,B5,34.7,34.5,91.8,7,21,16,76.19,73.06,74.23,71.47,67.14,79.8,77.16,72.94,0.0,25,76.6,75.46,Good,Training
E4304,Manikarnika Kamal,48,AI & Data Science,Data Scientist,Contract,12 Months,B4,9.6,3.1,88.2,13,20,14,70.0,74.48,69.25,68.55,68.68,61.03,69.67,73.52,3.5,30,77.98,72.14,Good,Training
E4305,Nandan Lohia,37,AI & Data Science,Data Scientist,Full-Time,Permanent,B3,7.7,5.6,92.5,10,19,13,68.42,66.14,67.51,62.4,62.0,55.96,65.29,66.38,0.0,25,63.6,67.68,Average,Training
E4306,Pramad Pandit,28,Customer Support,Support Executive,Full-Time,Permanent,B2,4.5,3.0,84.5,13,45,38,84.44,75.52,76.59,73.67,76.88,51.8,75.68,71.66,18.5,30,76.01,76.43,Good,Incentive
E4307,Alka Bhawsar,46,Information Technology,Software Engineer,Full-Time,Permanent,B5,19.1,5.3,80.7,9,33,22,66.67,76.09,71.96,66.44,76.38,74.28,68.64,63.43,8.9,20,66.96,71.55,Good,Training
E4308,Anshuman Seth,51,Information Technology,System Administrator,Full-Time,Permanent,B4,14.6,8.8,92.3,9,47,37,78.72,77.5,79.53,70.13,85.67,67.32,75.22,81.08,19.6,20,72.86,78.5,Good,Incentive
E4309,Sajjan Gavaskar,54,Operations,Process Analyst,Full-Time,Permanent,B4,12.4,5.9,91.4,7,28,20,71.43,78.04,72.97,78.99,84.56,73.14,78.76,79.43,8.3,50,75.9,78.17,Good,Training
E4310,Rajan Advani,27,Information Technology,DevOps Engineer,Full-Time,Permanent,B2,2.9,0.6,91.4,7,36,29,80.56,81.54,79.81,70.64,74.31,63.9,82.5,87.53,8.7,15,57.52,78.03,Good,Incentive
E4311,Mansi Thakkar,44,Sales,Sales Executive,Contract,6 Months,B3,6.8,0.8,94.2,9,30,24,80.0,71.85,78.77,84.13,83.56,63.31,80.28,86.08,7.1,40,99.66,81.45,Excellent,Incentive
E4312,Vasundhara Trivedi,39,Finance,Financial Analyst,Full-Time,Permanent,B4,13.4,7.1,99.8,5,34,27,79.41,83.91,78.51,77.02,87.61,66.58,82.05,89.56,3.7,20,66.26,81.79,Excellent,Incentive
E4313,Shikha Shukla,46,Human Resources,HR Executive,Full-Time,Permanent,B5,21.0,18.1,76.1,16,22,13,59.09,57.96,61.1,56.63,71.11,80.14,64.03,55.3,0.0,10,54.1,62.62,Average,Training
E4314,Sheela Dutt,37,AI & Data Science,Data Scientist,Full-Time,Permanent,B3,6.8,4.1,97.7,3,29,20,68.97,72.52,71.45,72.49,77.49,58.79,66.82,60.68,8.4,20,66.14,72.96,Good,Training
E4315,Murlidhar Bhansali,25,Operations,Operations Manager,Full-Time,Permanent,B1,1.8,0.7,93.5,7,22,13,59.09,68.76,63.57,72.43,75.95,53.04,62.75,59.82,2.2,5,35.34,67.07,Average,Training
E4316,Nimisha Deol,45,Finance,Financial Analyst,Full-Time,Permanent,B5,17.9,5.4,88.3,14,28,16,57.14,55.11,64.51,69.23,83.82,78.59,68.69,81.4,1.2,30,92.76,70.18,Good,Training
E4317,Parul Khera,52,Finance,Financial Analyst,Part-Time,6 Months,B5,29.3,18.1,92.2,4,28,25,89.29,89.12,91.31,92.87,77.12,83.89,82.86,73.32,0.0,5,37.18,85.18,Excellent,Promotion
E4318,Dolly Mohapatra,55,Sales,Account Manager,Part-Time,6 Months,B5,22.7,2.4,96.6,0,17,7,41.18,57.16,48.66,57.05,75.86,83.92,60.97,70.45,0.0,15,71.38,62.19,Average,Training
E4319,Himansh Kher,39,Customer Support,Support Analyst,Part-Time,6 Months,B4,10.6,2.6,67.8,11,39,17,43.59,56.53,52.27,64.91,73.55,63.17,60.25,63.63,14.7,25,64.16,59.29,Needs Improvement,PIP
E4320,Bahadur Kamath,30,AI & Data Science,ML Engineer,Full-Time,Permanent,B3,7.4,4.3,93.9,8,21,13,61.9,63.91,67.57,77.79,67.22,66.61,63.6,62.79,0.0,10,60.8,69.48,Average,Training
E4321,Kamala Gandhi,53,Customer Support,Support Executive,Full-Time,Permanent,B5,21.2,7.9,93.4,6,40,29,72.5,71.83,71.03,66.27,79.08,72.89,70.88,62.38,0.0,20,56.11,72.61,Good,Training
E4322,Himesh Bandopadhyay,34,Human Resources,HR Executive,Full-Time,Permanent,B4,10.0,8.0,84.9,8,18,16,88.89,77.98,78.77,72.31,79.37,68.85,79.67,82.03,0.0,25,73.31,79.31,Good,Incentive
E4323,Savitri Maken,41,Sales,Business Development Executive,Full-Time,Permanent,B3,7.2,6.9,97.8,1,21,20,95.24,88.89,86.5,80.49,78.16,59.54,83.47,74.75,2.3,30,91.11,85.71,Excellent,Incentive
E4324,Roopa Anand,34,Sales,Business Development Executive,Full-Time,Permanent,B2,4.4,0.8,96.3,4,36,27,75.0,71.08,73.24,77.93,73.1,55.84,75.31,68.82,0.0,10,41.5,73.6,Good,Training
E4325,Sudha Khurrana,29,Customer Support,Support Executive,Full-Time,Permanent,B2,4.4,1.5,82.6,15,45,35,77.78,81.97,76.66,72.65,77.29,52.56,82.45,83.83,15.7,20,77.96,77.19,Good,Incentive
E4326,Nishi Sharma,36,Operations,Process Analyst,Full-Time,Permanent,B3,7.0,1.3,91.8,7,22,16,72.73,69.79,77.12,72.87,70.68,62.03,74.58,71.31,2.2,25,67.41,73.89,Good,Training
E4327,Lakshmi Nag,51,Human Resources,Talent Acquisition Specialist,Full-Time,Permanent,B5,28.5,5.3,69.2,18,37,21,56.76,59.59,65.6,62.58,64.94,76.5,68.51,76.76,1.2,25,82.99,65.33,Average,PIP
E4328,Shiv Kushwaha,31,Finance,Financial Analyst,Full-Time,Permanent,B3,8.1,5.3,96.9,0,18,13,72.22,71.08,69.79,78.69,71.16,72.37,67.45,67.18,0.0,40,91.62,75.5,Good,Training
E4329,Vishakha Negi,32,Information Technology,Cloud Engineer,Full-Time,Permanent,B2,2.7,0.4,86.1,8,39,27,69.23,75.05,72.83,74.87,71.51,54.41,71.98,70.74,7.3,20,59.24,72.38,Good,Training
E4330,Sujan Ghoshal,53,Customer Support,Support Executive,Full-Time,Permanent,B5,27.5,24.1,91.1,9,34,27,79.41,71.68,71.19,64.23,75.4,68.24,71.79,63.3,7.7,50,94.92,74.54,Good,Training
E4331,Shailja Deewan,55,Finance,Finance Executive,Full-Time,Permanent,B5,24.3,2.4,97.3,2,17,14,82.35,84.36,84.34,89.26,73.75,77.82,78.32,72.86,0.0,30,84.2,83.81,Excellent,Incentive
E4332,Tushar Jalan,46,AI & Data Science,Data Scientist,Full-Time,Permanent,B4,13.9,10.8,92.0,6,21,11,52.38,62.45,61.73,59.42,67.02,69.25,65.2,54.87,3.8,15,58.74,63.7,Average,Training
E4333,Sameet Lakhotia,38,Information Technology,Software Engineer,Full-Time,Permanent,B2,4.9,2.8,90.6,8,40,26,65.0,64.24,66.52,60.67,57.99,61.98,68.69,64.75,8.0,20,59.53,66.07,Average,Training
E4334,Srishti Bhatia,28,AI & Data Science,Data Scientist,Full-Time,Permanent,B2,4.6,2.2,86.8,14,18,12,66.67,68.51,69.52,65.72,66.58,61.1,69.65,82.44,0.0,5,37.64,68.44,Average,Training
E4335,Rupali Pandit,33,Customer Support,Support Analyst,Full-Time,Permanent,B3,7.5,2.7,97.4,3,31,26,83.87,82.21,78.03,72.99,63.86,64.23,78.88,63.31,10.5,15,59.57,76.99,Good,Incentive
E4336,Seeta Raina,35,Operations,Process Analyst,Full-Time,Permanent,B3,8.0,0.6,85.4,14,34,20,58.82,60.64,61.6,67.26,63.27,59.71,65.79,61.16,2.6,40,98.49,66.37,Average,Training
E4337,Sudheendra Sahu,43,Marketing,Marketing Executive,Full-Time,Permanent,B5,18.1,14.0,94.5,2,23,12,52.17,60.77,54.76,66.6,74.14,79.1,57.52,59.05,3.2,30,83.94,65.99,Average,Training
E4338,Gopi Soman,50,Operations,Process Analyst,Contract,24 Months,B4,10.3,4.3,81.7,6,25,20,80.0,71.59,79.45,83.21,80.59,70.09,74.31,80.28,4.8,25,72.26,78.21,Good,Incentive
E4339,Hitesh Chaudhari,34,Marketing,Marketing Analyst,Full-Time,Permanent,B4,10.5,0.2,92.0,7,33,21,63.64,69.56,70.68,66.3,70.94,62.83,65.94,61.19,5.4,10,47.22,68.68,Average,Training
E4340,Chandrakala Patwari,24,Operations,Operations Executive,Full-Time,Permanent,B1,1.3,0.5,96.4,1,39,31,79.49,81.4,76.75,72.75,81.12,60.05,76.21,75.92,6.7,20,77.14,78.78,Good,Incentive
E4341,Sameet Mohapatra,31,Operations,Operations Executive,Part-Time,6 Months,B3,8.8,0.5,96.2,5,42,31,73.81,66.33,71.42,74.03,79.45,70.33,69.33,64.89,18.1,10,47.69,73.02,Good,Training
E4342,Jayanti Maheshwari,44,Information Technology,Cloud Engineer,Full-Time,Permanent,B5,19.8,11.8,91.7,4,30,23,76.67,70.16,72.09,81.04,68.62,76.01,71.01,80.47,6.8,15,72.42,76.02,Good,Training
E4343,Marutanjali Puri,34,Information Technology,DevOps Engineer,Full-Time,Permanent,B4,9.0,1.3,78.9,21,15,9,60.0,73.33,67.82,67.52,69.26,56.74,70.29,72.68,0.0,25,75.52,68.88,Average,Training
E4344,Kripashankar Bind,44,Operations,Process Analyst,Full-Time,Permanent,B4,9.0,3.5,92.1,2,22,18,81.82,85.68,81.49,76.95,88.18,71.2,82.41,82.99,5.3,20,77.96,82.65,Excellent,Incentive
E4345,Darshan Tandon,41,Marketing,Marketing Executive,Part-Time,6 Months,B5,18.9,18.9,88.5,7,18,11,61.11,70.58,71.0,77.5,89.43,83.8,77.67,84.35,1.9,20,65.0,75.36,Good,Training
E4346,Kamini Kothari,25,Information Technology,System Administrator,Full-Time,Permanent,B2,2.7,0.1,81.8,8,24,15,62.5,64.7,67.24,69.41,68.07,55.95,70.09,63.44,2.1,30,70.32,67.55,Average,Training
E4347,Taruna Lakhotia,40,Information Technology,Cloud Engineer,Contract,6 Months,B5,16.5,7.4,92.7,10,16,11,68.75,73.4,74.11,74.24,72.11,70.98,73.56,71.12,8.7,30,83.16,75.0,Good,Training
E4348,Shambhu Mumukshu,40,Operations,Operations Executive,Full-Time,Permanent,B3,5.7,1.3,76.9,17,35,18,51.43,61.57,55.14,57.58,77.05,56.65,62.85,79.53,9.9,20,69.84,62.7,Average,Training
E4349,Krish Nautiyal,45,Customer Support,Customer Success Associate,Full-Time,Permanent,B4,10.1,0.9,81.4,14,36,25,69.44,67.04,67.48,73.41,69.66,71.75,72.58,85.53,8.8,50,93.45,72.88,Good,Training
E4350,Akash Choudhuri,47,Customer Support,Customer Success Associate,Full-Time,Permanent,B4,11.2,4.6,92.0,10,27,18,66.67,68.94,72.79,67.82,72.47,70.32,70.25,64.46,0.0,20,77.44,72.0,Good,Training
E4351,Juhi Kashyap,49,AI & Data Science,ML Engineer,Full-Time,Permanent,B5,25.3,0.9,92.3,7,15,13,86.67,86.55,82.93,84.95,83.88,90.18,76.17,66.88,2.3,50,90.38,84.96,Excellent,Incentive
E4352,Raghav Gurjar,47,Operations,Operations Executive,Full-Time,Permanent,B5,18.7,7.5,96.6,0,23,16,69.57,76.59,74.6,76.74,78.75,85.52,70.2,66.11,0.0,15,63.12,76.41,Good,Training
E4353,Vilas Chouhan,30,Marketing,Marketing Executive,Full-Time,Permanent,B2,3.7,1.7,96.2,5,35,25,71.43,65.83,71.08,77.56,82.09,67.35,77.32,88.49,8.7,10,43.8,74.56,Good,Training
E4354,Vicky Adarsh,52,Finance,Finance Executive,Contract,6 Months,B5,17.5,1.6,90.5,6,15,12,80.0,76.58,74.5,79.77,70.75,70.54,76.15,85.34,0.0,20,63.47,77.53,Good,Training
E4355,Neerja Swaraj,38,Information Technology,DevOps Engineer,Part-Time,6 Months,B5,16.0,7.3,91.0,3,38,25,65.79,63.8,62.5,64.92,59.54,77.71,66.07,65.86,4.4,25,78.04,67.99,Average,Training
E4356,Nityanand Tandon,43,Human Resources,HR Analyst,Full-Time,Permanent,B4,12.0,11.4,96.5,0,20,12,60.0,64.0,60.24,65.14,61.57,69.97,60.69,57.05,0.2,25,85.04,66.85,Average,Training
E4357,Devyani Kakkar,28,Information Technology,Cloud Engineer,Full-Time,Permanent,B2,3.0,2.9,96.7,0,25,19,76.0,70.23,74.06,68.92,65.27,49.94,74.63,72.74,0.7,30,84.12,73.65,Good,Training
E4358,Dishita Pal,26,Human Resources,HR Executive,Full-Time,Permanent,B2,2.2,1.1,93.7,8,33,20,60.61,71.72,71.39,68.48,71.07,49.56,68.93,65.22,4.2,30,79.11,70.45,Good,Training
E4359,Shobha Mittal,33,Operations,Process Analyst,Full-Time,Permanent,B2,3.2,3.1,85.7,8,24,17,70.83,68.2,68.59,69.66,82.48,64.77,68.3,72.4,0.0,5,44.48,70.91,Good,Training
E4360,Meghna Tagore,43,Information Technology,System Administrator,Full-Time,Permanent,B5,18.9,13.5,94.5,9,23,15,65.22,70.45,73.59,72.53,63.95,66.76,71.94,63.25,6.0,15,66.81,71.55,Good,Training
E4361,Vinay Mukhopadhyay,49,Operations,Operations Manager,Full-Time,Permanent,B5,16.5,6.6,91.1,5,20,18,90.0,90.84,90.78,92.01,85.07,80.42,83.67,81.34,3.3,25,70.56,87.96,Excellent,Promotion
E4362,Arunita Sengupta,48,Operations,Process Analyst,Full-Time,Permanent,B4,14.6,10.8,70.8,15,22,9,40.91,44.52,50.45,53.02,60.12,71.54,56.03,76.71,0.0,40,76.17,55.45,Needs Improvement,PIP
E4363,Ram Gandhi,53,Human Resources,HR Analyst,Contract,24 Months,B3,8.9,5.1,90.5,4,20,17,85.0,75.63,83.42,70.71,73.93,63.38,80.11,82.21,0.9,15,56.0,77.74,Good,Incentive
E4364,Aradhana Shekhawat,28,AI & Data Science,Data Analyst,Contract,12 Months,B2,2.0,0.9,92.7,10,40,34,85.0,79.53,81.22,73.87,79.32,52.86,80.9,89.24,14.1,25,84.58,80.52,Excellent,Incentive
E4365,Deepak Nahar,29,AI & Data Science,ML Engineer,Contract,12 Months,B2,3.8,3.3,93.9,9,26,22,84.62,73.64,78.32,84.16,69.53,52.95,73.83,74.05,1.8,30,92.72,79.13,Good,Incentive
E4366,Vikrant Dhoundial,36,Marketing,Marketing Executive,Full-Time,Permanent,B4,12.9,9.4,87.8,6,40,22,55.0,69.5,63.3,70.07,72.63,64.1,67.46,67.12,7.9,25,63.72,67.84,Average,Training
E4367,Gargi Valmiki,31,Human Resources,HR Analyst,Full-Time,Permanent,B3,6.2,1.3,94.3,5,30,22,73.33,75.73,69.67,67.81,75.41,62.31,71.11,59.1,0.0,40,84.38,73.8,Good,Training
E4368,Himadri Gadkari,39,Operations,Operations Executive,Full-Time,Permanent,B3,7.4,5.9,81.1,8,48,34,70.83,76.96,78.79,83.17,78.24,58.03,74.74,77.92,14.1,20,59.98,75.93,Good,Incentive
E4369,Janardan Bhatia,28,Operations,Operations Manager,Full-Time,Permanent,B2,3.3,3.3,91.4,4,25,19,76.0,80.81,75.77,70.51,70.84,60.1,78.32,78.31,5.0,25,85.83,76.82,Good,Incentive
E4370,Deepmala Mukherjee,51,Operations,Process Analyst,Full-Time,Permanent,B4,14.3,12.7,90.7,2,37,30,81.08,74.19,73.42,74.37,66.87,65.27,72.51,70.2,0.0,20,64.23,74.83,Good,Training
E4371,Kartik Valmiki,47,AI & Data Science,Data Analyst,Full-Time,Permanent,B5,23.2,13.2,71.5,13,33,10,30.3,40.0,42.67,59.24,61.02,74.3,48.98,58.8,17.5,25,71.43,51.76,Needs Improvement,PIP
E4372,Apurva Umrao,46,Operations,Operations Manager,Full-Time,Permanent,B4,13.4,6.1,91.9,3,20,16,80.0,72.89,79.19,67.63,75.34,77.29,74.67,61.5,0.0,15,47.92,74.75,Good,Training
E4373,Ranjan Scindia,38,Operations,Operations Manager,Full-Time,Permanent,B3,6.5,6.2,92.0,5,25,18,72.0,66.42,71.83,75.62,74.58,69.41,73.6,84.04,0.0,50,85.04,75.14,Good,Training
E4374,Dhara Shah,43,Customer Support,Support Executive,Full-Time,Permanent,B5,16.9,11.7,83.1,10,52,33,63.46,70.21,70.52,66.22,79.44,82.01,69.02,61.86,19.1,15,71.57,71.04,Good,Training
E4375,Karuna Kulkarni,50,Operations,Operations Executive,Full-Time,Permanent,B3,7.1,1.2,86.8,8,43,30,69.77,73.49,75.71,83.19,87.12,75.1,77.79,77.94,11.5,40,97.32,79.12,Good,Incentive
E4376,Kamya Sawant,50,Operations,Operations Executive,Full-Time,Permanent,B5,26.8,23.4,93.1,3,42,27,64.29,73.79,72.45,77.86,71.51,78.48,71.4,69.94,12.2,30,74.33,74.43,Good,Training
E4377,Shalini Sawant,29,Human Resources,HR Analyst,Full-Time,Permanent,B3,6.5,5.3,96.4,0,17,15,88.24,85.6,81.55,88.52,70.58,73.11,81.96,84.49,3.9,50,83.89,84.46,Excellent,Incentive
E4378,Mudrika Kothari,23,Customer Support,Support Executive,Full-Time,Permanent,B1,0.5,0.1,99.8,2,30,23,76.67,74.47,72.51,74.44,79.28,54.47,73.66,60.69,4.2,20,68.53,75.49,Good,Training
E4379,Ravinder Deol,53,Finance,Accountant,Full-Time,Permanent,B5,25.0,1.4,93.1,3,21,16,76.19,70.52,71.94,64.81,79.19,75.05,66.85,63.03,0.0,25,85.74,74.28,Good,Training
E4380,Vandana Kaul,37,Information Technology,Cloud Engineer,Full-Time,Permanent,B4,12.1,2.7,92.9,5,20,14,70.0,71.92,72.35,66.16,61.88,62.96,73.26,70.0,5.4,30,72.74,71.49,Good,Training
E4381,Sujal Vaidya,52,Sales,Sales Executive,Full-Time,Permanent,B5,24.3,16.5,82.9,12,40,28,70.0,78.92,72.07,71.93,67.25,78.07,73.49,71.41,16.9,15,58.4,73.02,Good,Training
E4382,Jyotsana Patel,33,AI & Data Science,Data Scientist,Full-Time,Permanent,B2,4.8,1.4,80.4,13,28,20,71.43,73.22,77.08,74.1,72.15,52.21,78.69,74.01,7.7,15,70.34,73.39,Good,Training
E4383,Adyashankar Prajapati,57,Marketing,Digital Marketing Specialist,Full-Time,Permanent,B5,30.7,1.9,97.6,1,16,14,87.5,80.22,85.27,73.56,78.85,82.06,79.89,83.95,3.9,30,78.19,82.83,Excellent,Incentive
E4384,Dishita Tandon,40,Information Technology,System Administrator,Full-Time,Permanent,B5,17.9,15.8,83.5,7,46,32,69.57,75.86,73.1,71.49,64.51,72.89,73.99,78.85,7.9,5,36.27,71.4,Good,Training
E4385,Abhigyan Sisodia,46,Marketing,Marketing Executive,Full-Time,Permanent,B3,8.2,1.9,94.6,9,28,19,67.86,63.51,68.18,73.73,74.69,57.86,64.53,62.73,0.9,15,72.19,70.79,Good,Training
E4386,Manoj Sinha,34,Sales,Sales Executive,Full-Time,Permanent,B3,8.8,4.3,94.0,9,48,32,66.67,75.8,76.09,80.96,70.87,66.74,75.17,75.98,25.1,5,33.7,73.99,Good,Training
E4387,Shivshankar Shaw,53,Human Resources,HR Executive,Part-Time,12 Months,B5,26.4,12.3,81.2,7,32,21,65.62,61.02,67.99,62.15,64.64,73.06,72.03,79.82,13.6,30,74.28,68.06,Average,Training
E4388,Sohini Baghel,50,Operations,Operations Executive,Full-Time,Permanent,B5,18.1,14.4,84.7,15,24,17,70.83,71.36,75.54,83.05,83.72,76.66,70.84,68.88,0.0,40,79.86,76.77,Good,Incentive
E4389,Devendra Mahto,47,Customer Support,Support Analyst,Part-Time,6 Months,B5,21.7,20.6,78.1,25,45,29,64.44,70.76,70.52,74.78,81.44,80.34,76.03,77.57,16.6,10,56.73,72.56,Good,Training
E4390,Kishore Srivatsa,29,Marketing,Digital Marketing Specialist,Full-Time,Permanent,B1,1.8,1.4,97.5,5,26,18,69.23,79.22,76.09,73.78,81.07,52.59,75.8,64.1,12.1,20,73.77,75.92,Good,Incentive
E4391,Satyaprakash Bhandari,46,Information Technology,DevOps Engineer,Full-Time,Permanent,B3,7.0,3.1,85.9,11,25,13,52.0,57.83,54.0,58.6,74.77,67.22,61.75,61.36,6.8,30,74.83,62.69,Average,Training
E4392,Nidhi Tata,31,Information Technology,System Administrator,Contract,6 Months,B3,6.4,5.5,93.6,4,40,33,82.5,71.5,77.37,67.23,61.7,56.42,73.66,61.74,18.2,10,42.66,72.04,Good,Training
E4393,Vandana Shastri,51,Marketing,Marketing Executive,Full-Time,Permanent,B5,22.1,15.7,97.1,5,25,16,64.0,65.29,66.34,76.78,80.92,76.85,65.0,71.65,0.0,30,70.51,72.86,Good,Training
E4394,Nandu Dutt,27,Operations,Process Analyst,Full-Time,Permanent,B1,1.9,0.1,97.2,0,34,25,73.53,68.06,74.43,80.22,65.83,58.84,69.55,77.44,13.9,25,82.64,75.16,Good,Training
E4395,Bhupendra Kedia,48,Information Technology,Software Engineer,Full-Time,Permanent,B5,23.8,23.6,85.2,7,24,17,70.83,78.38,76.95,69.81,81.89,81.74,72.56,67.62,0.0,20,69.27,75.66,Good,Training
E4396,Sohan Mazumdar,51,Operations,Operations Executive,Full-Time,Permanent,B4,10.2,9.0,91.5,4,45,34,75.56,80.75,76.85,79.95,68.6,74.69,79.16,72.77,16.1,30,77.83,78.2,Good,Incentive
E4397,Archana Unadkat,29,Information Technology,Cloud Engineer,Full-Time,Permanent,B2,4.8,1.9,93.8,5,28,21,75.0,67.7,69.71,75.73,73.41,56.2,72.12,75.95,5.6,40,87.85,74.55,Good,Training
E4398,Kajal Mazumdar,40,Customer Support,Support Executive,Full-Time,Permanent,B3,7.2,2.1,74.5,17,27,17,62.96,73.8,65.09,64.53,76.21,58.93,64.48,58.63,8.6,10,55.8,66.92,Average,PIP
E4399,Gautam More,23,Operations,Operations Manager,Full-Time,Permanent,B1,0.7,0.2,94.9,6,19,15,78.95,79.38,80.44,83.38,88.25,61.24,77.82,90.56,0.0,25,81.84,82.21,Excellent,Incentive
E4400,Pritika Sen,57,Marketing,Marketing Analyst,Full-Time,Permanent,B5,18.8,13.0,97.5,4,22,17,77.27,83.68,80.45,85.82,85.16,82.69,81.86,92.18,9.3,30,86.86,84.53,Excellent,Incentive
E4401,Gajendra Shukla,48,Finance,Financial Analyst,Contract,12 Months,B4,9.0,7.4,90.7,2,32,27,84.38,84.14,82.0,81.68,82.62,65.94,78.71,72.5,8.0,20,77.51,81.9,Excellent,Incentive
E4402,Kaushik Gurjar,30,Operations,Operations Manager,Full-Time,Permanent,B2,3.3,2.9,97.1,6,21,15,71.43,79.08,76.15,73.33,82.56,59.18,81.12,87.48,0.3,15,49.34,76.82,Good,Incentive
E4403,Srishti Dalal,38,AI & Data Science,Data Scientist,Contract,24 Months,B5,15.3,12.5,93.0,2,26,17,65.38,71.25,65.37,78.85,83.09,83.25,68.08,70.52,0.8,30,92.5,75.45,Good,Training
E4404,Bheeshma Bishnoi,54,Operations,Process Analyst,Full-Time,Permanent,B4,10.1,8.0,97.1,5,37,27,72.97,67.25,74.4,67.47,66.84,57.98,70.18,78.15,6.7,5,44.22,71.23,Good,Training
E4405,Avinash Chandrachud,36,Sales,Sales Executive,Full-Time,Permanent,B3,5.2,4.0,86.7,6,41,27,65.85,75.49,66.5,73.5,58.77,55.2,70.0,59.43,2.1,25,76.62,69.81,Average,Training
E4406,Manisha Choudhuri,48,AI & Data Science,Data Analyst,Contract,24 Months,B5,16.6,2.3,94.9,10,27,24,88.89,88.55,83.95,74.57,71.8,73.9,77.51,67.6,6.8,25,64.11,81.22,Excellent,Incentive
E4407,Devika Jaiswal,27,Information Technology,Software Engineer,Full-Time,Permanent,B2,2.7,1.0,96.8,7,27,26,96.3,84.22,91.39,83.0,89.29,69.31,89.59,88.0,5.8,30,70.76,87.73,Excellent,Incentive
E4408,Shashinath Khera,38,Sales,Sales Executive,Contract,24 Months,B3,8.0,6.0,97.1,8,32,26,81.25,86.41,80.1,87.47,71.38,74.96,82.18,75.55,4.5,15,64.4,81.99,Excellent,Incentive
E4409,Rajnath Lohia,33,Human Resources,HR Analyst,Full-Time,Permanent,B3,7.1,6.3,97.0,2,30,26,86.67,79.59,86.04,85.6,78.04,64.95,79.39,84.69,2.8,30,74.56,83.37,Excellent,Incentive
E4410,Raghav Rawal,47,Finance,Finance Executive,Part-Time,12 Months,B3,6.4,3.1,90.6,3,21,12,57.14,59.94,58.68,61.27,68.46,52.82,61.3,70.64,6.9,25,76.09,64.5,Average,Training
E4411,Devbrat Thackeray,46,AI & Data Science,Data Analyst,Full-Time,Permanent,B3,8.6,7.1,78.4,24,41,27,65.85,72.09,68.67,73.48,78.06,67.72,70.41,63.96,4.7,10,58.4,70.68,Good,Training
E4412,Shantanu Dabral,25,Information Technology,Software Engineer,Contract,12 Months,B1,1.9,0.9,94.1,5,34,26,76.47,75.64,79.44,75.26,81.84,60.63,77.78,75.55,8.8,15,65.08,77.57,Good,Incentive
E4413,Mahavir Patnaik,49,AI & Data Science,Data Analyst,Full-Time,Permanent,B5,19.4,12.7,76.2,16,38,23,60.53,59.65,66.26,60.12,69.39,81.61,70.02,71.4,10.0,30,89.85,67.19,Average,Training
E4414,Sukritika Chaturvedi,37,Human Resources,Talent Acquisition Specialist,Full-Time,Permanent,B4,12.3,0.4,94.0,3,40,31,77.5,84.76,77.76,74.01,84.44,77.38,82.8,82.52,10.3,25,71.04,80.64,Excellent,Incentive
E4415,Pushpa Maheshwari,50,Operations,Process Analyst,Full-Time,Permanent,B5,22.8,3.7,69.6,15,37,23,62.16,61.06,60.33,60.78,64.8,72.33,64.62,81.18,10.7,5,40.57,63.02,Average,PIP
E4416,Anupriya Bajaj,55,Sales,Business Development Executive,Full-Time,Permanent,B4,14.6,8.0,80.9,14,27,17,62.96,68.98,71.02,66.69,73.01,67.32,69.49,80.47,0.0,50,79.51,70.68,Good,Training
E4417,Snigdha Purohit,30,Human Resources,HR Analyst,Full-Time,Permanent,B2,2.9,2.5,92.4,10,18,14,77.78,74.82,75.79,71.45,84.63,59.64,75.09,87.58,0.0,5,53.4,76.46,Good,Incentive
E4418,Lalit Mumukshu,23,AI & Data Science,Data Analyst,Full-Time,Permanent,B1,0.4,0.2,83.8,11,38,23,60.53,68.64,69.94,79.93,75.93,50.72,71.94,84.1,1.7,40,90.99,72.72,Good,Training
E4419,Gagandeep Saha,29,Human Resources,HR Analyst,Part-Time,12 Months,B2,2.8,2.8,88.9,10,28,16,57.14,71.55,66.18,66.29,57.29,57.29,69.65,57.86,4.8,20,63.41,66.2,Average,Training
E4420,Yashvi Raj,35,Marketing,Digital Marketing Specialist,Full-Time,Permanent,B4,12.2,12.1,97.4,8,35,22,62.86,60.87,61.65,65.01,77.52,67.73,67.79,76.38,0.0,25,63.37,68.81,Average,Training
E4421,Parthivi Ghoshal,37,Information Technology,System Administrator,Full-Time,Permanent,B3,5.0,0.8,71.8,17,42,24,57.14,56.86,65.26,58.79,73.21,63.12,61.72,67.16,6.3,15,54.3,62.52,Average,PIP
E4422,Hanuman Gupta,57,Customer Support,Support Analyst,Full-Time,Permanent,B4,14.4,13.4,93.6,10,40,26,65.0,64.61,68.32,67.54,84.22,66.3,73.37,76.14,11.8,15,50.09,70.9,Good,Training
E4423,Sagarika Bhati,38,Information Technology,Software Engineer,Full-Time,Permanent,B4,12.8,2.5,81.5,14,16,11,68.75,79.5,70.38,70.37,74.1,72.74,77.57,79.46,0.0,40,88.74,74.84,Good,Training
E4424,Priyadarshini Srivastava,45,Information Technology,Software Engineer,Full-Time,Permanent,B5,21.1,17.5,84.1,11,21,13,61.9,73.05,69.09,63.77,80.71,82.05,71.18,83.69,2.0,20,58.63,71.43,Good,Training
E4425,Varsha Deo,36,Human Resources,Talent Acquisition Specialist,Full-Time,Permanent,B2,4.9,0.2,94.1,6,23,11,47.83,64.52,60.16,70.03,62.97,56.4,61.86,60.01,0.0,40,84.0,65.2,Average,Training
E4426,Pratap Kushwaha,52,Marketing,Marketing Executive,Full-Time,Permanent,B5,21.9,17.4,94.8,5,34,28,82.35,72.87,74.41,72.49,68.73,79.66,71.44,68.42,9.5,40,75.08,76.4,Good,Training
E4427,Shailendra Som,49,AI & Data Science,Data Analyst,Full-Time,Permanent,B5,26.7,22.7,90.2,7,25,17,68.0,69.24,68.61,73.52,66.39,74.46,69.0,71.78,0.0,20,58.89,71.27,Good,Training
E4428,Jeetesh Jahagirdar,28,Finance,Financial Analyst,Full-Time,Permanent,B2,4.5,4.1,83.7,10,19,15,78.95,78.01,78.38,80.33,73.35,69.52,79.41,87.4,0.0,25,73.06,78.53,Good,Incentive
E4429,Dheeraj Chakraborty,40,Information Technology,System Administrator,Full-Time,Permanent,B2,4.9,2.6,93.3,6,41,34,82.93,75.83,82.18,81.04,75.89,64.47,78.98,76.78,20.3,15,71.48,79.8,Good,Incentive
E4430,Nityanand Sonkar,42,Finance,Finance Executive,Full-Time,Permanent,B4,10.4,1.9,90.0,3,18,14,77.78,76.7,76.57,83.08,84.82,67.93,78.52,74.78,0.0,25,72.36,79.28,Good,Incentive
E4431,Garima Deo,51,Sales,Business Development Executive,Full-Time,Permanent,B5,20.4,1.5,83.4,10,34,21,61.76,58.67,66.38,74.05,73.83,80.99,67.13,66.2,9.2,15,52.74,68.2,Average,Training
E4432,Sonam Singhaniya,44,Sales,Business Development Executive,Full-Time,Permanent,B5,18.3,16.0,80.6,11,23,14,60.87,59.58,64.06,74.94,66.89,75.11,69.76,83.4,0.0,20,69.18,68.54,Average,Training
E4433,Sharad Baghel,51,Finance,Financial Analyst,Contract,6 Months,B4,14.9,7.5,85.5,8,21,20,95.24,80.44,90.14,77.69,89.72,70.11,82.15,88.29,4.8,10,61.29,84.14,Excellent,Incentive
E4434,Sudevi Dixit,35,AI & Data Science,ML Engineer,Full-Time,Permanent,B4,11.8,0.6,90.5,4,35,28,80.0,78.53,78.19,73.54,80.24,73.37,76.96,87.86,0.0,25,83.78,79.71,Good,Incentive
E4435,Sukritika Jindal,46,Marketing,Marketing Analyst,Full-Time,Permanent,B4,13.1,11.9,94.6,10,23,13,56.52,62.29,64.72,76.34,80.58,67.88,63.61,70.01,0.9,25,83.7,70.76,Good,Training
E4436,Amber Mondal,35,AI & Data Science,ML Engineer,Full-Time,Permanent,B3,7.3,1.4,96.2,5,18,16,88.89,84.34,79.59,83.9,87.22,75.42,81.21,72.04,0.0,15,59.51,83.26,Excellent,Incentive
E4437,Suryaprakash Lakhotia,29,AI & Data Science,Data Scientist,Part-Time,6 Months,B1,1.9,1.9,80.3,14,31,18,58.06,71.95,70.73,81.25,77.16,63.66,73.44,82.39,0.0,40,88.62,73.45,Good,Training
E4438,Amish Mittal,36,Marketing,Marketing Executive,Part-Time,12 Months,B3,8.5,6.8,70.5,16,23,10,43.48,54.07,53.66,58.86,75.51,57.76,57.2,70.97,0.0,50,91.02,59.96,Needs Improvement,PIP
E4439,Menaka Gambhir,39,Finance,Financial Analyst,Contract,6 Months,B4,13.3,1.4,87.0,7,29,20,68.97,66.89,64.8,65.64,69.99,68.51,66.68,58.43,3.4,30,72.11,68.93,Average,Training
E4440,Tanvi Shekhawat,51,Operations,Operations Manager,Contract,12 Months,B5,20.4,19.9,96.8,8,25,16,64.0,67.48,65.34,69.34,81.92,77.17,65.88,69.89,3.4,30,77.0,72.29,Good,Training
E4441,Srishti Nautiyal,23,Sales,Sales Executive,Full-Time,Permanent,B1,0.4,0.0,82.2,15,49,26,53.06,55.5,61.5,60.71,67.72,47.43,60.67,55.08,12.7,30,72.22,61.38,Average,Training
E4442,Vanshika Modi,26,Sales,Account Manager,Full-Time,Permanent,B1,1.8,1.8,90.7,7,26,19,73.08,65.82,67.82,72.24,80.08,50.55,69.74,78.42,0.0,10,53.51,71.53,Good,Training
E4443,Alka Bhadauria,55,Operations,Process Analyst,Full-Time,Permanent,B4,12.1,2.0,93.9,7,32,25,78.12,85.47,75.45,81.05,82.8,74.32,83.72,89.52,9.2,10,54.99,80.81,Excellent,Incentive
E4444,Mandavi Ahir,25,Sales,Account Manager,Contract,24 Months,B2,2.3,2.0,71.6,25,22,14,63.64,72.86,70.8,65.54,60.3,45.2,73.54,69.15,0.3,25,84.76,67.75,Average,PIP
E4445,Kamini Patwari,37,Marketing,Marketing Executive,Full-Time,Permanent,B3,5.6,3.9,69.4,10,28,16,57.14,64.02,66.68,76.45,78.73,61.44,67.41,79.51,7.4,25,80.55,68.9,Average,PIP
E4446,Natasha Wahal,38,Operations,Operations Manager,Full-Time,Permanent,B4,13.5,13.0,66.8,17,24,9,37.5,49.54,51.09,55.23,72.67,58.12,55.74,71.37,0.0,30,94.56,56.94,Needs Improvement,PIP
E4447,Amitabh Athawale,51,Customer Support,Support Executive,Full-Time,Permanent,B5,28.9,15.7,92.0,4,34,23,67.65,77.31,74.03,81.42,82.69,89.34,77.51,77.09,8.4,25,67.85,78.12,Good,Training
E4448,Paritosh Dey,28,Customer Support,Support Executive,Full-Time,Permanent,B2,3.7,0.5,76.6,19,49,42,85.71,77.42,79.64,76.61,70.08,67.61,76.37,75.66,14.0,40,94.32,78.27,Good,Incentive
E4449,Chandan Yadav,44,Finance,Accountant,Full-Time,Permanent,B3,6.6,4.9,85.1,11,32,17,53.12,53.69,55.55,59.98,81.0,58.48,60.58,77.98,9.9,30,86.12,64.12,Average,Training
E4450,Bheeshma Rai,39,Information Technology,Cloud Engineer,Full-Time,Permanent,B3,6.9,5.0,73.4,16,33,23,69.7,69.88,66.96,67.55,64.31,55.12,69.3,66.32,13.0,10,61.68,67.51,Average,PIP
E4451,Swaraj Menon,33,Operations,Operations Manager,Full-Time,Permanent,B2,4.2,2.1,90.9,3,16,10,62.5,73.45,65.09,73.45,79.23,52.89,69.76,71.68,4.0,30,83.74,72.09,Good,Training
E4452,Shriram Srivastava,27,Finance,Finance Executive,Full-Time,Permanent,B2,4.3,1.5,99.2,6,25,21,84.0,85.23,86.72,73.61,85.76,60.34,86.25,82.46,2.0,25,81.64,83.46,Excellent,Incentive
E4453,Bunty Marandi,43,AI & Data Science,ML Engineer,Full-Time,Permanent,B5,15.2,3.5,83.7,13,23,12,52.17,52.97,61.83,70.02,71.49,79.2,64.93,79.65,1.8,25,78.72,66.19,Average,Training
E4454,Santanika Kher,42,Customer Support,Support Analyst,Full-Time,Permanent,B4,11.1,0.9,87.3,5,41,29,70.73,64.78,66.62,65.13,63.68,68.27,66.85,65.06,12.8,10,58.79,68.14,Average,Training
E4455,Anjana Kedia,35,AI & Data Science,Data Analyst,Full-Time,Permanent,B4,9.6,3.9,91.8,6,33,24,72.73,70.12,72.05,67.05,63.97,67.96,68.75,70.47,6.7,40,94.09,72.93,Good,Training
E4456,Laxmi Jha,43,AI & Data Science,ML Engineer,Full-Time,Permanent,B5,15.4,3.8,74.4,13,28,16,57.14,59.83,64.17,62.06,72.99,70.97,65.0,60.91,0.0,15,65.65,64.35,Average,PIP
E4457,Govinda Awasthi,29,Customer Support,Support Executive,Full-Time,Permanent,B3,6.5,1.0,81.0,15,42,27,64.29,71.22,69.96,73.66,79.37,63.82,73.36,77.32,11.2,25,77.07,72.48,Good,Training
E4458,Vimal Rajawat,30,Customer Support,Support Executive,Full-Time,Permanent,B3,7.1,5.1,92.3,4,54,39,72.22,77.16,69.64,76.76,70.0,67.7,75.03,86.61,15.5,15,51.78,74.65,Good,Training
E4459,Sheshnath Shandilya,26,Operations,Operations Executive,Full-Time,Permanent,B2,2.5,0.9,93.8,4,46,34,73.91,70.48,75.27,65.81,75.96,51.18,73.53,61.82,12.9,30,71.23,72.68,Good,Training
E4460,Vipul Gujral,43,Operations,Operations Executive,Contract,24 Months,B4,11.9,7.1,92.8,6,29,20,68.97,77.95,78.29,76.75,66.17,69.75,73.98,72.9,10.9,30,76.95,75.87,Good,Incentive
E4461,Indumati Mittal,37,Operations,Operations Manager,Full-Time,Permanent,B4,13.0,3.5,93.3,5,24,21,87.5,88.1,89.79,81.98,71.05,78.64,86.97,85.93,4.9,20,57.75,84.0,Excellent,Incentive
E4462,Padmavati Khosla,50,AI & Data Science,ML Engineer,Full-Time,Permanent,B3,8.6,5.0,94.6,3,32,26,81.25,71.34,80.06,77.51,78.74,69.25,78.83,79.15,11.7,20,69.46,78.69,Good,Incentive
E4463,Pratiksha Chaurasiya,26,Operations,Operations Executive,Full-Time,Permanent,B1,1.1,0.8,90.8,8,42,24,57.14,54.78,63.98,61.58,66.74,58.55,64.79,67.54,13.7,20,73.32,64.59,Average,Training
E4464,Vedang Arora,56,Operations,Operations Manager,Full-Time,Permanent,B5,18.6,17.6,88.3,6,33,20,60.61,64.61,62.38,73.95,81.61,87.11,63.72,73.81,4.6,40,99.04,72.41,Good,Training
E4465,Sulekha Mohapatra,46,Human Resources,HR Executive,Full-Time,Permanent,B4,13.6,12.1,90.4,3,27,17,62.96,75.34,66.77,79.23,62.79,70.56,71.28,65.21,1.3,25,63.58,71.5,Good,Training
E4466,Himadri Khemka,52,Information Technology,DevOps Engineer,Full-Time,Permanent,B4,10.5,6.0,94.4,8,21,13,61.9,70.44,70.58,77.86,69.36,73.98,74.14,74.53,0.0,15,70.86,73.17,Good,Training
E4467,Tejas Shankar,29,AI & Data Science,ML Engineer,Full-Time,Permanent,B2,2.9,2.3,97.6,4,22,17,77.27,68.5,73.62,78.2,80.79,64.29,76.99,84.43,0.0,25,80.75,77.8,Good,Training
E4468,Saumya Gurjar,38,AI & Data Science,Data Analyst,Full-Time,Permanent,B4,14.4,1.2,93.7,4,34,22,64.71,63.53,64.78,65.32,60.19,63.53,62.69,62.56,8.0,40,76.41,67.4,Average,Training
E4469,Vinayak Gurjar,45,AI & Data Science,Data Scientist,Full-Time,Permanent,B5,17.0,14.6,93.1,2,16,12,75.0,78.2,75.34,77.0,78.09,79.06,82.08,88.17,0.0,30,89.29,79.88,Good,Incentive
E4470,Ramnarayan Chaubey,37,Sales,Business Development Executive,Full-Time,Permanent,B4,14.6,0.7,97.5,8,50,31,62.0,66.6,67.37,69.57,76.16,68.45,66.2,62.33,12.9,10,49.71,69.53,Average,Training
E4471,Vinay Bachchan,43,Marketing,Marketing Executive,Contract,24 Months,B4,12.6,9.9,77.7,14,39,28,71.79,65.48,71.99,65.3,71.72,64.47,72.07,71.79,8.3,30,86.6,70.87,Good,Training
E4472,Mithun Bhawsar,38,AI & Data Science,Data Scientist,Full-Time,Permanent,B2,4.2,2.5,90.6,9,15,13,86.67,84.22,86.13,86.0,72.79,58.29,85.33,91.8,0.0,40,98.34,84.48,Excellent,Incentive
E4473,Vaani Pandey,26,Customer Support,Customer Success Associate,Full-Time,Permanent,B2,2.6,1.1,97.4,8,26,18,69.23,65.31,66.87,61.88,78.94,53.91,68.87,76.0,13.4,25,75.63,70.85,Good,Training
E4474,Raghavendra Advani,51,Operations,Operations Manager,Full-Time,Permanent,B5,16.6,12.2,96.6,5,16,11,68.75,79.19,74.79,79.62,90.79,73.85,78.26,89.46,0.0,20,76.16,79.98,Good,Training
E4475,Tanushree Khatri,31,Information Technology,Software Engineer,Part-Time,12 Months,B2,2.6,2.1,91.4,3,27,18,66.67,66.12,70.35,66.72,77.08,53.23,70.86,63.61,2.2,20,56.45,69.53,Average,Training
E4476,Arpana Trivedi,29,Information Technology,System Administrator,Full-Time,Permanent,B2,4.3,2.8,87.7,14,43,34,79.07,84.72,76.07,69.3,74.32,64.16,79.05,66.96,15.5,40,80.93,77.13,Good,Training
E4477,Swaraj Singhaniya,26,Information Technology,System Administrator,Full-Time,Permanent,B2,2.4,0.2,90.5,7,40,24,60.0,61.12,59.75,66.03,80.66,55.21,63.02,77.14,15.3,20,67.24,67.28,Average,Training
E4478,Kajol Jindal,33,Marketing,Marketing Analyst,Part-Time,6 Months,B2,3.1,0.7,81.9,7,19,14,73.68,82.59,77.78,71.77,77.2,56.61,78.25,71.51,1.0,20,77.2,75.96,Good,Incentive
E4479,Shambhu Mahajan,50,Human Resources,HR Analyst,Full-Time,Permanent,B4,9.1,3.9,96.9,6,29,22,75.86,76.9,75.52,76.99,75.82,62.41,81.47,88.25,6.3,25,69.57,78.15,Good,Incentive
E4480,Apurva Mohapatra,52,Operations,Operations Executive,Full-Time,Permanent,B4,12.1,7.0,65.0,17,22,14,63.64,64.29,68.53,63.46,64.6,60.4,66.26,65.09,0.0,50,99.6,66.52,Average,PIP
E4481,Anushka Ambani,24,Sales,Sales Executive,Contract,6 Months,B1,0.8,0.4,90.0,5,45,33,73.33,72.05,74.85,71.08,79.19,50.13,71.27,62.56,11.8,25,63.48,72.99,Good,Training
E4482,Sanjana Pradhan,43,Customer Support,Customer Success Associate,Full-Time,Permanent,B4,13.7,9.5,96.9,0,40,31,77.5,69.05,77.51,80.94,87.52,80.75,74.09,76.8,16.8,5,55.27,78.54,Good,Incentive
E4483,Prasoon Swaraj,40,Human Resources,Talent Acquisition Specialist,Part-Time,6 Months,B2,4.9,0.4,97.4,8,36,26,72.22,65.19,73.9,73.0,83.31,53.7,75.89,79.53,5.0,50,90.34,75.69,Good,Training
E4484,Vaidehi Awasthi,31,Marketing,Marketing Executive,Full-Time,Permanent,B2,2.7,0.4,87.1,7,32,26,81.25,70.56,78.01,67.78,69.55,59.19,68.99,64.94,11.5,20,75.39,73.73,Good,Training
E4485,Neeroo Singhaniya,48,Sales,Sales Executive,Full-Time,Permanent,B4,10.8,4.7,97.5,4,23,19,82.61,71.29,73.89,80.28,67.0,59.56,74.67,62.85,0.0,25,63.6,75.69,Good,Training
E4486,Arjita Kulkarni,25,Information Technology,DevOps Engineer,Full-Time,Permanent,B1,1.6,0.8,92.8,3,23,14,60.87,74.04,65.34,79.49,70.42,62.73,73.03,82.15,2.8,25,77.55,73.06,Good,Training
E4487,Sameer Nath,53,Sales,Sales Executive,Full-Time,Permanent,B4,11.2,3.1,96.8,8,42,31,73.81,77.96,75.2,68.77,63.5,69.61,71.57,70.09,15.7,30,93.23,75.62,Good,Training
E4488,Kaavya Chaubey,45,Sales,Business Development Executive,Full-Time,Permanent,B3,8.9,0.2,97.4,3,47,32,68.09,68.0,69.42,67.82,75.32,67.0,73.64,85.72,9.6,20,79.98,73.59,Good,Training
E4489,Shubhi Maurya,27,Sales,Sales Executive,Contract,6 Months,B2,4.6,4.0,96.3,4,47,34,72.34,78.55,77.72,81.94,76.0,69.12,72.89,65.48,15.4,30,80.31,78.2,Good,Incentive
E4490,Sudhir Goyal,25,AI & Data Science,Data Scientist,Full-Time,Permanent,B1,1.1,0.6,79.0,22,20,11,55.0,67.14,65.52,71.93,79.13,61.1,69.73,70.35,0.0,30,82.12,68.92,Average,Training
E4491,Susheela Shandilya,25,Sales,Sales Executive,Full-Time,Permanent,B1,1.2,0.4,90.7,8,33,22,66.67,73.77,69.85,71.75,65.96,50.86,70.49,68.7,7.0,10,40.51,69.5,Average,Training
E4492,Kanchan Shaw,46,Information Technology,DevOps Engineer,Part-Time,12 Months,B5,23.5,22.7,87.9,14,20,11,55.0,65.16,57.97,69.55,69.47,75.25,66.75,62.07,0.0,20,75.53,66.87,Average,Training
E4493,Abhisar Supriyo,33,Marketing,Marketing Executive,Full-Time,Permanent,B3,6.8,6.8,93.6,4,40,29,72.5,66.72,74.42,66.55,66.26,64.47,72.46,74.48,17.7,15,56.71,71.42,Good,Training
E4494,Srishti Bhatia,31,Operations,Operations Executive,Full-Time,Permanent,B2,3.8,3.1,97.6,6,28,22,78.57,75.34,75.71,71.57,75.0,55.66,76.79,70.66,5.6,25,80.55,76.62,Good,Incentive
E4495,Vignesh Nag,23,Operations,Process Analyst,Part-Time,12 Months,B1,0.6,0.4,93.8,3,31,21,67.74,72.17,65.76,68.02,81.41,61.54,70.73,81.39,6.1,20,60.69,72.29,Good,Training
E4496,Padmini Patel,48,Sales,Account Manager,Part-Time,6 Months,B4,14.8,10.1,96.7,6,20,15,75.0,73.2,72.96,70.81,83.35,76.76,74.11,83.2,4.2,25,75.23,77.27,Good,Training
E4497,Sohan Gaharwar,48,Finance,Finance Executive,Part-Time,6 Months,B3,6.7,2.4,93.7,5,23,14,60.87,58.47,63.84,72.39,71.04,69.27,63.29,70.66,0.0,20,58.32,67.89,Average,Training
E4498,Runjhun Kaushik,32,Customer Support,Support Executive,Full-Time,Permanent,B3,8.0,4.5,91.7,10,47,30,63.83,59.99,69.39,71.97,70.65,71.47,72.3,81.22,10.0,15,64.47,70.49,Good,Training
E4499,Kaushalya Singhal,47,Marketing,Marketing Executive,Full-Time,Permanent,B5,17.4,16.6,97.7,1,16,12,75.0,73.87,79.2,79.24,72.88,85.36,77.35,85.35,2.3,25,80.67,79.59,Good,Incentive
E4500,Sudhakar Bose,37,Customer Support,Support Analyst,Full-Time,Permanent,B4,12.7,11.3,97.6,8,48,40,83.33,74.03,74.49,75.71,79.81,66.09,76.07,71.65,7.9,15,57.09,77.42,Good,Training
E4501,Lakshman Dasgupta,32,Customer Support,Support Executive,Full-Time,Permanent,B3,5.2,1.1,66.2,17,36,17,47.22,56.84,56.15,68.66,74.51,67.44,60.15,64.82,8.7,25,82.09,62.13,Average,PIP
E4502,Yogita Dey,45,Information Technology,Software Engineer,Full-Time,Permanent,B4,9.0,5.4,97.2,7,25,15,60.0,58.74,59.72,72.95,77.34,63.57,63.3,78.53,3.7,20,57.17,68.29,Average,Training
E4503,Shridevi Narayan,23,Finance,Accountant,Full-Time,Permanent,B1,0.3,0.1,97.4,2,29,21,72.41,67.04,66.79,71.35,66.54,60.92,69.37,77.26,5.4,20,75.57,72.19,Good,Training
E4504,Vaagishwari Dalal,41,AI & Data Science,ML Engineer,Full-Time,Permanent,B5,16.8,12.9,94.8,2,22,17,77.27,69.23,69.44,68.34,77.9,68.76,70.28,61.57,5.2,20,57.66,72.83,Good,Training
E4505,Pratigya Dhumal,30,Marketing,Marketing Executive,Full-Time,Permanent,B3,6.4,5.2,88.7,10,32,17,53.12,67.72,61.03,68.26,75.62,68.28,62.89,58.59,9.9,20,77.33,67.31,Average,Training
E4506,Khyati Rajawat,48,Operations,Process Analyst,Part-Time,12 Months,B5,15.1,6.7,90.4,2,40,32,80.0,77.19,79.64,71.22,82.7,79.03,77.92,68.77,7.8,30,90.37,79.32,Good,Incentive
E4507,Chandan Athawale,37,Information Technology,Software Engineer,Contract,24 Months,B4,14.4,5.2,87.2,14,19,12,63.16,69.41,64.13,69.64,70.3,69.2,64.09,62.24,0.0,15,67.0,68.83,Average,Training
E4508,Reshama Vaidya,23,Customer Support,Support Analyst,Part-Time,6 Months,B1,0.9,0.5,84.7,6,30,18,60.0,69.07,68.41,68.45,66.84,54.74,71.47,84.28,2.8,20,60.47,68.59,Average,Training
E4509,Hitesh Saxena,50,Information Technology,Cloud Engineer,Full-Time,Permanent,B5,15.9,8.7,90.7,5,28,20,71.43,68.26,67.27,76.84,73.56,75.63,70.31,73.36,0.0,50,78.19,73.87,Good,Training
E4510,Ravinder Lakhotia,40,Customer Support,Support Executive,Full-Time,Permanent,B4,12.2,11.0,78.9,15,48,38,79.17,83.11,78.91,77.89,73.91,64.04,78.4,76.04,13.7,25,80.58,78.1,Good,Incentive
E4511,Padma Kadam,56,Sales,Business Development Executive,Full-Time,Permanent,B4,10.2,3.9,90.6,7,42,27,64.29,70.63,68.13,76.98,87.53,70.06,70.05,87.26,13.4,5,55.97,73.98,Good,Training
E4512,Smriti Sampla,47,Information Technology,Software Engineer,Contract,12 Months,B4,12.6,6.7,77.7,14,34,19,55.88,55.44,62.65,71.97,80.74,71.6,61.73,62.56,4.9,10,49.75,65.02,Average,Training
E4513,Yukta Baranwal,30,Information Technology,DevOps Engineer,Part-Time,12 Months,B2,2.2,2.1,93.9,4,38,26,68.42,76.53,73.84,78.02,79.96,52.16,74.79,88.11,6.1,50,96.83,77.5,Good,Training
E4514,Abhinesh Dixit,44,Finance,Financial Analyst,Part-Time,6 Months,B3,8.5,3.6,92.0,10,18,10,55.56,63.34,58.83,69.02,60.22,64.43,60.18,61.77,0.0,15,65.98,64.85,Average,Training
E4515,Lavkush Bose,57,Customer Support,Support Executive,Full-Time,Permanent,B4,11.8,2.5,88.2,15,56,36,64.29,67.11,67.29,65.29,75.83,69.64,64.03,57.36,23.4,10,41.76,67.64,Average,Training
E4516,Ajay Ram,25,Operations,Operations Executive,Contract,24 Months,B2,2.1,0.6,70.9,11,43,21,48.84,64.97,61.57,69.35,66.64,50.96,68.21,68.2,7.0,25,73.21,63.49,Average,PIP
E4517,Abhisar Giri,49,Operations,Process Analyst,Full-Time,Permanent,B5,17.6,11.8,92.7,5,45,31,68.89,64.37,69.18,71.5,78.02,76.65,66.51,61.37,13.3,25,76.72,72.23,Good,Training
E4518,Durga Dutt,48,AI & Data Science,Data Scientist,Full-Time,Permanent,B4,14.8,0.6,88.7,12,33,20,60.61,74.33,63.43,73.69,72.95,70.87,71.53,67.2,9.6,30,80.46,71.48,Good,Training
E4519,Ananya Ahale,35,AI & Data Science,Data Scientist,Full-Time,Permanent,B3,8.0,7.9,97.7,1,23,18,78.26,80.25,80.19,80.88,82.98,68.97,79.07,71.14,3.2,40,86.25,81.28,Excellent,Incentive
E4520,Nitika Patil,26,Information Technology,Software Engineer,Full-Time,Permanent,B2,2.9,0.1,93.5,4,23,18,78.26,83.13,79.37,81.26,73.65,68.62,79.1,87.49,10.8,10,51.84,79.37,Good,Incentive
E4521,Abhinesh More,56,Human Resources,HR Executive,Full-Time,Permanent,B5,16.7,12.7,90.5,2,32,24,75.0,68.07,71.93,71.85,86.41,70.42,74.9,82.3,13.1,5,42.19,74.21,Good,Training
E4522,Bhuwaneshwar Nair,29,Human Resources,HR Executive,Full-Time,Permanent,B2,4.8,1.1,92.8,5,34,24,70.59,67.04,71.27,66.5,75.26,54.89,76.8,85.03,3.7,15,49.11,71.41,Good,Training
E4523,Vishnupriya Goenka,34,Marketing,Marketing Analyst,Part-Time,12 Months,B3,6.5,2.7,96.5,2,40,28,70.0,70.32,71.34,65.75,66.4,58.44,72.98,76.83,6.7,20,70.36,71.83,Good,Training
E4524,Lalita Kushwaha,36,Sales,Business Development Executive,Full-Time,Permanent,B2,4.3,0.3,97.7,3,36,30,83.33,80.19,83.41,80.88,79.43,58.33,82.67,86.1,4.9,30,76.64,82.07,Excellent,Incentive
E4525,Samar Lokhande,47,Sales,Account Manager,Full-Time,Permanent,B5,23.2,4.9,81.1,13,21,14,66.67,68.59,72.38,74.81,74.95,75.86,74.51,82.91,3.4,30,82.14,73.74,Good,Training
E4526,Shwetank Bhandari,48,Sales,Account Manager,Full-Time,Permanent,B4,11.0,0.0,82.2,8,39,29,74.36,72.57,74.74,79.5,83.33,64.42,79.45,85.46,9.5,50,77.93,77.09,Good,Training
E4527,Pratiksha Ambani,24,Marketing,Digital Marketing Specialist,Full-Time,Permanent,B1,1.0,0.1,75.9,21,19,12,63.16,68.09,70.26,79.54,77.64,54.61,74.62,79.92,0.5,20,72.75,71.61,Good,Training
E4528,Stuti Shrivastava,28,Information Technology,DevOps Engineer,Full-Time,Permanent,B2,2.7,0.3,99.3,0,40,36,90.0,83.36,80.11,77.02,81.21,54.01,84.31,84.79,4.5,20,55.5,81.56,Excellent,Incentive
E4529,Anoop Goenka,30,AI & Data Science,AI Engineer,Full-Time,Permanent,B2,2.7,2.3,93.6,5,23,13,56.52,65.02,58.81,65.3,77.17,53.47,64.59,59.57,0.0,30,88.23,67.22,Average,Training
E4530,Richa Sisodia,25,Sales,Account Manager,Full-Time,Permanent,B1,1.2,0.7,94.5,5,22,15,68.18,63.54,72.39,68.17,70.12,46.64,71.74,64.61,7.6,40,78.76,70.39,Good,Training
E4531,Amitabh Jalan,37,Information Technology,DevOps Engineer,Full-Time,Permanent,B4,11.0,0.2,96.1,3,15,10,66.67,74.58,66.2,69.4,68.51,67.38,73.15,64.26,0.0,25,69.1,71.68,Good,Training
E4532,Rakshit Rana,40,Operations,Operations Executive,Full-Time,Permanent,B5,17.3,1.8,94.4,6,28,18,64.29,62.43,64.74,61.41,69.24,65.13,64.83,75.83,2.6,15,56.8,67.42,Average,Training
E4533,Seema Bose,50,Information Technology,Software Engineer,Contract,12 Months,B4,10.7,4.6,93.6,2,23,18,78.26,72.86,72.24,64.88,68.74,65.43,72.53,70.22,7.9,5,37.87,71.77,Good,Training
E4534,Smriti Prasad,26,Customer Support,Support Executive,Contract,12 Months,B2,3.2,2.6,97.8,4,48,35,72.92,69.38,75.67,81.89,77.51,63.54,73.07,69.13,18.3,40,75.68,76.58,Good,Incentive
E4535,Vaagishwari Damani,25,AI & Data Science,AI Engineer,Full-Time,Permanent,B1,0.9,0.4,82.9,12,30,24,80.0,85.52,83.93,84.8,81.9,65.19,76.88,70.55,7.8,50,82.66,81.38,Excellent,Incentive
E4536,Vaagdevi Ray,38,AI & Data Science,Data Scientist,Full-Time,Permanent,B5,15.3,12.5,82.2,15,29,19,65.52,72.17,70.53,78.34,87.49,78.07,70.85,79.24,1.0,25,76.02,75.16,Good,Training
E4537,Jagdeesh Reddy,41,Information Technology,Software Engineer,Full-Time,Permanent,B5,17.1,13.6,86.9,15,22,14,63.64,67.19,70.89,65.85,81.88,78.75,68.95,73.72,5.3,50,90.77,72.62,Good,Training
E4538,Avijit Reddy,50,Customer Support,Support Executive,Full-Time,Permanent,B5,25.9,21.3,87.7,10,57,40,70.18,79.34,70.92,69.24,72.82,75.83,74.87,59.65,17.1,50,75.49,73.8,Good,Training
E4539,Mimansa Nag,45,Finance,Financial Analyst,Full-Time,Permanent,B3,8.9,2.6,86.8,5,20,18,90.0,90.19,88.32,85.27,81.47,69.09,87.07,75.95,5.4,20,63.37,84.67,Excellent,Incentive
E4540,Sagar Thakkar,35,Sales,Sales Executive,Full-Time,Permanent,B4,11.9,10.6,93.9,10,30,16,53.33,61.27,61.05,72.15,83.52,72.58,66.13,76.76,0.0,10,52.75,68.32,Average,Training
E4541,Vaidehi Tata,37,AI & Data Science,ML Engineer,Full-Time,Permanent,B4,11.4,7.9,81.4,13,19,13,68.42,72.81,73.23,81.96,72.98,62.44,69.38,64.77,0.1,25,70.03,73.23,Good,Training
E4542,Vishal Deshpande,50,Marketing,Digital Marketing Specialist,Full-Time,Permanent,B5,15.9,2.7,93.0,6,19,14,73.68,80.43,74.82,83.38,71.17,82.3,81.71,81.96,0.0,25,80.9,79.61,Good,Training
E4543,Nishtha Verma,44,Information Technology,DevOps Engineer,Full-Time,Permanent,B5,16.7,14.2,90.7,2,22,18,81.82,81.42,81.94,84.5,81.71,78.41,83.63,77.73,0.0,20,57.63,81.56,Excellent,Incentive
E4544,Rupa Supriyo,56,Finance,Financial Analyst,Full-Time,Permanent,B5,33.7,12.0,90.6,9,25,18,72.0,77.37,72.07,76.45,66.04,78.33,71.93,72.99,9.8,20,66.47,74.83,Good,Training
E4545,Savitri Govil,55,Information Technology,Cloud Engineer,Full-Time,Permanent,B5,26.8,9.7,68.0,23,32,21,65.62,64.68,66.28,74.81,64.1,80.34,65.07,74.77,4.4,25,76.41,68.75,Average,PIP
E4546,Shivam Goenka,50,Information Technology,System Administrator,Full-Time,Permanent,B5,21.5,0.7,97.7,4,44,32,72.73,81.05,80.28,76.97,85.75,76.92,81.52,76.02,17.2,30,89.85,81.22,Excellent,Incentive
E4547,Lavkush Bhogle,39,Human Resources,HR Executive,Full-Time,Permanent,B3,6.1,0.4,96.9,5,30,23,76.67,74.72,78.63,79.88,80.07,64.53,80.44,88.58,0.0,10,45.51,78.14,Good,Incentive
E4548,Manisha Chawla,29,Information Technology,System Administrator,Full-Time,Permanent,B2,3.6,2.3,97.2,2,45,33,73.33,74.53,77.34,79.29,72.87,54.5,74.55,83.08,9.9,25,79.28,77.25,Good,Incentive
E4549,Puja Sethi,42,AI & Data Science,ML Engineer,Full-Time,Permanent,B4,12.4,8.6,90.6,2,17,12,70.59,68.56,71.2,76.38,67.33,63.33,74.78,85.41,0.0,25,70.72,73.51,Good,Training
E4550,Padmavati Mittal,39,Operations,Operations Manager,Full-Time,Permanent,B4,9.1,6.2,97.3,5,25,15,60.0,61.03,64.19,73.94,76.2,72.97,67.35,60.8,5.2,15,60.72,69.32,Average,Training
E4551,Brijesh Malhotra,32,Customer Support,Support Executive,Full-Time,Permanent,B2,3.7,0.5,94.1,4,26,18,69.23,72.8,69.1,75.64,69.77,62.37,69.36,78.29,0.0,30,82.73,74.04,Good,Training
E4552,Rohit Surana,55,Information Technology,Cloud Engineer,Contract,6 Months,B5,32.2,23.8,90.0,4,28,21,75.0,83.48,81.91,76.11,69.51,84.88,81.37,64.71,0.0,20,64.57,78.2,Good,Incentive
E4553,Harshini Lokhande,35,Operations,Operations Executive,Full-Time,Permanent,B3,5.6,3.6,96.3,4,21,14,66.67,61.51,66.74,67.98,65.55,54.51,72.37,80.73,0.0,20,72.99,69.65,Average,Training
E4554,Hitesh Mistry,37,Sales,Business Development Executive,Contract,6 Months,B4,14.4,0.3,80.8,15,21,13,61.9,74.22,69.91,78.5,76.34,67.84,77.66,82.94,1.1,5,38.3,71.73,Good,Training
E4555,Sheetal Gokhale,56,AI & Data Science,Data Analyst,Full-Time,Permanent,B4,14.5,5.1,94.4,9,45,33,73.33,72.38,70.17,71.28,86.9,75.58,74.74,80.69,15.8,25,82.97,76.9,Good,Training
E4556,Divya Kulkarni,56,Customer Support,Customer Success Associate,Full-Time,Permanent,B4,13.9,5.3,83.4,5,37,24,64.86,73.76,74.6,70.32,68.13,64.31,70.48,70.42,9.9,25,79.68,71.93,Good,Training
E4557,Shiv Runthla,57,Marketing,Marketing Executive,Full-Time,Permanent,B5,24.6,0.5,90.2,7,35,21,60.0,67.1,66.05,63.59,69.71,79.3,65.55,71.8,0.0,15,61.73,68.42,Average,Training
E4558,Shubhendu Misra,30,Operations,Process Analyst,Full-Time,Permanent,B3,8.0,3.3,91.4,10,21,18,85.71,85.86,85.19,84.69,84.05,68.03,79.67,66.66,15.5,25,63.18,82.64,Excellent,Incentive
E4559,Nitya Parekh,50,Sales,Account Manager,Full-Time,Permanent,B4,11.2,8.4,99.3,8,21,13,61.9,57.75,62.49,59.91,73.06,68.95,67.22,76.65,5.7,30,94.62,68.92,Average,Training
E4560,Nikhil Mondal,47,Customer Support,Support Analyst,Part-Time,6 Months,B5,18.8,14.4,96.3,1,47,32,68.09,72.72,73.33,73.99,78.02,83.76,71.93,75.83,5.4,30,76.07,76.03,Good,Training
E4561,Divyansh Soman,46,AI & Data Science,Data Scientist,Full-Time,Permanent,B5,23.0,1.6,78.6,24,26,15,57.69,58.26,65.53,68.07,85.07,80.55,65.69,78.3,0.0,25,85.22,69.29,Average,Training
E4562,Ganga Reddy,53,Information Technology,DevOps Engineer,Full-Time,Permanent,B5,30.9,4.9,90.2,4,18,11,61.11,60.91,62.02,58.99,73.55,81.52,68.76,78.55,0.0,25,68.23,67.68,Average,Training
E4563,Arijit Dave,52,Information Technology,System Administrator,Full-Time,Permanent,B5,15.2,10.8,97.4,8,25,16,64.0,62.88,62.49,61.88,62.14,67.38,68.99,70.81,0.0,30,76.84,67.84,Average,Training
E4564,Vibhor Rai,34,Operations,Process Analyst,Contract,12 Months,B2,3.1,1.4,91.5,2,29,20,68.97,74.14,70.13,69.19,65.47,49.1,75.9,77.05,0.2,15,71.59,71.74,Good,Training
E4565,Neetoo Jethwani,46,Human Resources,HR Analyst,Full-Time,Permanent,B5,18.5,5.2,94.8,2,34,26,76.47,73.97,75.21,73.02,81.51,84.54,74.91,81.17,5.5,15,70.19,77.97,Good,Incentive
E4566,Yashika Thakur,33,AI & Data Science,Data Analyst,Part-Time,12 Months,B3,6.5,0.1,86.2,10,21,16,76.19,75.88,78.8,85.32,75.05,66.22,73.75,70.58,2.4,20,59.2,77.04,Good,Incentive
E4567,Sudeeksha Kakkar,30,Sales,Sales Executive,Full-Time,Permanent,B3,7.6,2.6,97.1,3,45,31,68.89,75.87,68.73,80.45,69.41,55.57,77.01,86.91,14.4,30,90.51,76.24,Good,Training
E4568,Satyaprakash Bhat,30,Information Technology,Cloud Engineer,Full-Time,Permanent,B2,4.0,3.3,96.1,6,30,22,73.33,72.09,75.01,71.45,64.55,52.15,71.21,75.8,4.8,5,38.28,71.72,Good,Training
E4569,Aradhya Marandi,30,Human Resources,HR Analyst,Contract,6 Months,B2,2.6,2.1,90.5,10,32,24,75.0,73.37,70.17,68.83,62.17,47.69,73.18,74.86,0.0,30,76.54,71.99,Good,Training
E4570,Shyamali Srivatsa,36,Marketing,Digital Marketing Specialist,Full-Time,Permanent,B4,11.3,6.2,93.3,4,26,19,73.08,70.33,70.21,72.63,65.73,68.29,74.42,76.79,1.8,20,72.96,73.46,Good,Training
E4571,Lakshmi Mandal,30,Customer Support,Support Executive,Full-Time,Permanent,B2,4.8,1.2,68.7,10,25,15,60.0,73.93,69.06,73.66,69.81,65.14,75.22,77.45,7.4,20,63.69,69.42,Average,PIP
E4572,Bunty Chaurasiya,50,Operations,Operations Executive,Contract,6 Months,B4,11.8,8.7,80.2,12,37,27,72.97,80.09,78.25,75.21,71.04,69.54,79.37,65.79,10.5,30,74.22,75.55,Good,Incentive
E4573,Akriti Tiwari,37,Human Resources,HR Executive,Full-Time,Permanent,B4,9.1,1.2,97.0,0,19,17,89.47,82.35,80.64,80.17,86.85,71.45,85.46,89.4,0.0,20,68.49,84.02,Excellent,Incentive
E4574,Ruchi Gurjar,34,Operations,Process Analyst,Contract,12 Months,B3,5.8,3.9,94.7,6,39,28,71.79,77.97,77.04,76.11,68.39,63.19,78.52,88.13,10.6,15,67.87,76.63,Good,Incentive
E4575,Shailendra Dutta,25,Customer Support,Support Executive,Full-Time,Permanent,B2,2.4,1.8,98.0,5,26,19,73.08,79.6,76.41,70.83,64.61,62.55,79.94,81.3,3.4,15,62.58,75.57,Good,Incentive
E4576,Mandira Kamath,41,AI & Data Science,Data Scientist,Full-Time,Permanent,B4,14.2,10.4,97.7,5,22,16,72.73,68.94,70.96,73.03,82.58,69.99,71.82,84.89,1.0,15,68.19,75.62,Good,Training
E4577,Ashwini Tagore,39,Operations,Operations Executive,Full-Time,Permanent,B4,14.0,4.2,65.8,11,33,22,66.67,64.99,70.94,73.74,72.31,76.93,67.79,64.72,7.1,15,67.68,69.12,Average,PIP
E4578,Sujal Bhasin,49,Customer Support,Support Executive,Full-Time,Permanent,B5,26.9,7.0,97.5,0,33,25,75.76,79.64,78.17,75.03,80.96,73.4,72.54,64.14,2.5,10,45.3,76.9,Good,Incentive
E4579,Tarun Bakshi,25,Sales,Sales Executive,Full-Time,Permanent,B2,2.2,1.4,90.8,5,36,27,75.0,81.68,73.66,75.47,68.99,64.09,76.86,75.86,12.2,10,62.82,75.83,Good,Training
E4580,Prakhar Jindal,47,Operations,Process Analyst,Contract,24 Months,B3,6.8,1.8,92.1,5,35,25,71.43,76.95,74.36,78.54,68.47,62.64,74.96,81.11,15.4,25,70.16,75.69,Good,Training
E4581,Madhavi Desai,52,Human Resources,HR Executive,Full-Time,Permanent,B5,25.3,18.0,86.6,9,24,15,62.5,72.27,66.97,62.48,73.97,69.39,73.01,78.48,9.7,20,79.95,70.73,Good,Training
E4582,Adhya Hajariya,50,Operations,Process Analyst,Full-Time,Permanent,B5,21.8,19.8,85.2,9,37,27,72.97,77.92,70.4,77.46,76.09,71.69,72.0,81.06,14.9,25,79.26,76.14,Good,Training
E4583,Natasha Ray,48,Operations,Operations Manager,Contract,12 Months,B5,17.7,13.4,92.7,9,19,13,68.42,71.87,71.43,80.71,80.4,75.69,72.81,86.48,0.0,30,81.54,77.0,Good,Training
E4584,Manishankar Suryavanshi,43,Information Technology,DevOps Engineer,Full-Time,Permanent,B5,17.5,3.7,82.1,14,39,23,58.97,58.31,61.17,65.4,61.46,65.36,64.18,59.0,11.3,10,54.0,63.06,Average,Training
E4585,Sahdev Parmar,35,Human Resources,HR Executive,Full-Time,Permanent,B3,7.0,1.1,84.8,12,28,20,71.43,75.68,73.51,76.43,76.91,69.33,74.8,72.94,4.4,30,85.1,75.84,Good,Training
E4586,Pranita Kohli,31,Operations,Operations Executive,Full-Time,Permanent,B3,8.8,4.7,85.4,15,25,19,76.0,70.35,73.11,80.3,69.6,58.98,78.64,87.44,4.0,15,72.35,75.33,Good,Training
E4587,Shivshankar Vats,43,Human Resources,HR Executive,Full-Time,Permanent,B4,12.6,10.4,91.0,10,21,13,61.9,65.35,69.78,74.84,82.63,65.62,74.7,83.46,3.6,25,79.2,73.29,Good,Training
E4588,Madhavrao Piramal,44,Human Resources,HR Executive,Full-Time,Permanent,B5,18.2,12.5,91.6,4,32,23,71.88,79.58,76.87,74.54,74.24,78.02,70.91,61.58,1.0,20,64.27,75.75,Good,Incentive
E4589,Isha Kakkar,28,Human Resources,HR Executive,Contract,24 Months,B3,5.3,3.0,92.3,3,23,19,82.61,72.89,72.79,77.54,80.39,57.01,72.63,78.89,0.0,40,80.95,77.62,Good,Training
E4590,Bhagirath Modi,48,Sales,Sales Executive,Full-Time,Permanent,B5,17.9,10.4,80.0,10,43,32,74.42,78.51,77.33,72.68,62.18,65.38,77.63,64.88,7.3,25,81.09,74.11,Good,Training
E4591,Markandeya Ahir,36,Marketing,Marketing Executive,Part-Time,12 Months,B4,12.6,10.0,90.9,4,28,21,75.0,73.54,75.23,77.34,76.48,65.41,74.56,77.81,11.3,25,75.35,76.56,Good,Incentive
E4592,Harsha Kothari,52,Sales,Sales Executive,Contract,24 Months,B5,29.4,16.6,99.3,8,24,16,66.67,69.22,65.37,66.41,62.68,75.04,70.99,74.47,2.5,20,75.67,71.16,Good,Training
E4593,Lata Pratap,48,Information Technology,DevOps Engineer,Full-Time,Permanent,B5,25.4,11.0,70.6,23,25,17,68.0,67.71,70.2,71.69,70.56,69.11,73.95,79.54,0.0,15,65.55,70.16,Good,Training
E4594,Rohan Banerjee,51,Information Technology,Software Engineer,Full-Time,Permanent,B5,27.1,13.3,90.4,5,35,24,68.57,78.1,75.95,70.65,71.31,71.26,77.23,81.72,4.3,30,80.85,75.71,Good,Incentive
E4595,Hitesh Ahale,30,Information Technology,Software Engineer,Full-Time,Permanent,B3,5.0,2.6,96.0,8,37,32,86.49,77.4,84.34,81.51,85.76,67.67,80.42,89.9,0.0,15,71.9,83.13,Excellent,Incentive
E4596,Shiva Mukherjee,57,Operations,Operations Executive,Full-Time,Permanent,B5,15.6,8.1,94.1,5,25,20,80.0,86.62,78.12,77.57,83.73,71.32,78.94,70.65,4.2,15,70.82,80.72,Excellent,Incentive
E4597,Anamika Bhadauria,57,Human Resources,HR Executive,Full-Time,Permanent,B5,29.2,3.3,94.8,9,30,21,70.0,76.95,77.24,81.04,71.94,86.21,74.71,72.27,2.7,20,68.12,77.52,Good,Incentive
E4598,Avichal Gautam,27,Marketing,Marketing Executive,Full-Time,Permanent,B2,2.9,0.5,85.4,7,20,10,50.0,63.11,56.31,62.49,58.4,52.72,64.03,58.7,4.2,5,54.14,60.65,Average,Training
E4599,Juhi Vyas,54,Marketing,Digital Marketing Specialist,Contract,24 Months,B5,16.9,15.5,91.1,8,32,25,78.12,76.03,81.58,71.46,75.18,74.78,77.72,76.14,0.0,20,74.34,77.86,Good,Incentive
E4600,Suhasini Vyas,54,Information Technology,Software Engineer,Full-Time,Permanent,B5,29.3,14.3,81.7,8,37,25,67.57,67.4,72.95,68.71,69.28,70.14,75.36,74.67,9.3,20,59.74,70.59,Good,Training
E4601,Banshidhar Vaidya,42,Customer Support,Support Executive,Part-Time,6 Months,B5,19.5,17.8,88.8,8,52,37,71.15,71.57,76.45,82.65,65.11,78.0,73.75,67.88,13.7,15,66.46,74.97,Good,Training
E4602,Smita Bharadwaj,24,Information Technology,DevOps Engineer,Full-Time,Permanent,B1,0.8,0.6,97.5,3,31,23,74.19,81.44,76.83,78.09,65.12,49.26,80.47,75.45,4.4,10,64.24,76.32,Good,Incentive
E4603,Ankit Khatri,40,Marketing,Marketing Executive,Full-Time,Permanent,B4,11.0,7.5,90.4,5,19,16,84.21,87.53,82.08,88.12,85.53,67.51,81.83,76.98,0.3,20,71.31,83.77,Excellent,Incentive
E4604,Ishan Dabral,51,Information Technology,Cloud Engineer,Full-Time,Permanent,B5,27.5,16.4,96.6,3,40,27,67.5,78.85,73.74,75.83,83.67,73.54,76.38,74.54,6.4,25,63.24,76.8,Good,Training
E4605,Ranjana Rathi,28,Customer Support,Customer Success Associate,Contract,24 Months,B2,2.9,2.0,92.1,4,28,20,71.43,76.28,72.21,74.25,76.14,57.89,71.03,70.88,1.5,20,76.03,74.74,Good,Training
E4606,Nishtha Athawale,30,Human Resources,Talent Acquisition Specialist,Full-Time,Permanent,B2,4.9,1.7,96.7,5,25,16,64.0,60.41,68.52,73.04,84.68,59.92,71.05,72.01,0.0,20,55.09,70.94,Good,Training
E4607,Ambika Sahay,36,Marketing,Digital Marketing Specialist,Full-Time,Permanent,B3,6.2,3.1,94.4,2,25,16,64.0,62.84,69.83,75.28,64.91,52.3,65.81,64.19,0.0,25,65.01,69.09,Average,Training
E4608,Indrani Puri,56,AI & Data Science,AI Engineer,Contract,24 Months,B5,19.9,5.5,85.7,8,19,15,78.95,83.02,82.48,83.79,84.16,89.62,80.41,76.67,0.0,30,81.64,82.64,Excellent,Incentive
E4609,Vidisha Sarkar,29,Marketing,Marketing Executive,Full-Time,Permanent,B3,6.5,5.2,93.8,7,22,16,72.73,79.73,71.53,67.37,85.66,68.35,76.16,81.71,0.0,25,75.63,76.74,Good,Training
E4610,Vrinda Singhi,49,Information Technology,System Administrator,Full-Time,Permanent,B3,8.1,6.1,66.7,18,21,16,76.19,73.66,79.43,73.38,79.37,64.89,80.37,80.98,0.0,20,69.05,74.77,Good,Training
E4611,Nitya Munda,55,Human Resources,HR Analyst,Full-Time,Permanent,B5,29.5,0.6,94.7,5,21,16,76.19,77.59,71.54,68.81,61.71,76.27,75.76,71.54,0.0,15,67.76,74.33,Good,Training
E4612,Shashank Dadhich,42,Sales,Account Manager,Full-Time,Permanent,B5,19.9,13.3,91.5,3,28,19,67.86,64.04,65.22,60.18,57.89,66.37,61.89,61.15,6.6,40,98.14,67.91,Average,Training
E4613,Diksha Pednekar,29,Customer Support,Support Executive,Full-Time,Permanent,B2,2.9,1.9,96.2,4,30,22,73.33,66.54,67.72,68.81,80.66,52.74,66.35,65.19,6.3,40,92.63,72.99,Good,Training
E4614,Bhargav Dutt,25,Sales,Business Development Executive,Full-Time,Permanent,B2,2.3,0.8,97.9,0,41,32,78.05,81.05,81.59,73.16,86.25,62.58,79.32,83.42,4.9,15,50.5,79.28,Good,Incentive
E4615,Shrikant Bhatt,46,AI & Data Science,ML Engineer,Contract,12 Months,B5,15.4,4.9,92.8,2,22,10,45.45,58.22,58.13,64.26,66.01,75.62,59.93,66.46,7.5,20,67.03,63.24,Average,Training
E4616,Manoj Mukhopadhyay,46,Information Technology,Cloud Engineer,Full-Time,Permanent,B3,8.3,0.2,91.7,7,20,17,85.0,84.77,78.39,84.66,81.34,64.13,80.01,78.35,0.0,20,67.09,81.71,Excellent,Incentive
E4617,Radhika Tendulkar,32,Marketing,Digital Marketing Specialist,Full-Time,Permanent,B3,8.4,3.9,97.6,1,31,23,74.19,75.55,73.9,80.82,81.3,74.03,74.07,77.77,0.0,20,67.71,78.24,Good,Training
E4618,Atishay Jethwani,54,Marketing,Digital Marketing Specialist,Full-Time,Permanent,B5,19.2,17.0,96.2,4,29,22,75.86,82.41,77.61,80.34,72.33,85.49,80.93,77.3,12.3,25,74.85,80.21,Excellent,Incentive
E4619,Satish Kamat,28,Information Technology,Software Engineer,Contract,6 Months,B2,3.9,3.4,93.3,3,27,17,62.96,73.23,65.74,67.45,83.59,53.09,73.19,75.06,5.1,25,76.12,71.97,Good,Training
E4620,Dheeraj Gunji,34,Human Resources,HR Executive,Full-Time,Permanent,B3,7.3,4.3,99.0,4,18,13,72.22,72.36,73.03,69.88,70.68,69.3,68.66,68.74,5.0,25,72.22,74.04,Good,Training
E4621,Lakshya Valmiki,40,Human Resources,HR Executive,Part-Time,12 Months,B3,5.4,0.0,97.4,7,20,12,60.0,71.08,69.93,76.97,82.0,62.19,68.34,64.33,0.0,15,57.59,72.26,Good,Training
E4622,Anuj Atrey,35,Customer Support,Support Executive,Full-Time,Permanent,B4,9.2,4.2,97.6,5,49,36,73.47,68.24,70.15,67.84,74.39,67.86,67.16,59.5,15.5,25,80.01,72.88,Good,Training
E4623,Govind Joshi,52,Operations,Process Analyst,Full-Time,Permanent,B5,16.6,11.1,87.4,15,30,19,63.33,67.72,70.53,64.15,68.19,63.21,74.0,79.61,2.3,10,46.84,68.6,Average,Training
E4624,Sheetalaprasad Srivatsa,35,Finance,Accountant,Full-Time,Permanent,B2,4.3,2.4,97.4,2,34,22,64.71,69.28,72.11,73.93,87.04,69.35,76.54,83.16,9.3,40,99.46,76.87,Good,Training
E4625,Sujit Vyas,52,Customer Support,Support Executive,Full-Time,Permanent,B5,18.4,5.2,96.7,3,31,28,90.32,89.94,82.45,86.81,72.26,84.54,82.27,92.61,3.1,15,71.68,85.88,Excellent,Incentive
E4626,Nandu Bishnoi,24,Human Resources,Talent Acquisition Specialist,Full-Time,Permanent,B1,1.2,0.6,78.1,17,41,32,78.05,70.56,70.4,65.96,65.23,49.98,72.27,70.22,10.9,20,61.2,69.76,Average,Training
E4627,Saurabh Bendre,40,AI & Data Science,ML Engineer,Full-Time,Permanent,B3,6.6,6.2,94.3,7,17,14,82.35,76.95,76.36,78.68,76.43,62.78,73.16,75.81,0.0,20,65.56,78.09,Good,Incentive
E4628,Mayank Chopra,40,Human Resources,HR Executive,Full-Time,Permanent,B3,5.3,3.0,67.1,14,23,8,34.78,56.0,45.58,67.0,72.53,67.32,54.05,57.51,0.0,20,65.22,56.67,Needs Improvement,PIP
E4629,Pratigya Kothari,54,Information Technology,Software Engineer,Full-Time,Permanent,B5,31.7,27.9,81.7,15,25,20,80.0,77.04,78.08,73.14,64.92,79.96,74.81,80.23,5.5,15,70.42,76.17,Good,Incentive
E4630,Harshita Gurjar,44,Sales,Sales Executive,Full-Time,Permanent,B5,15.2,4.5,82.4,6,25,17,68.0,71.68,68.89,78.71,81.4,79.15,67.45,70.92,1.0,10,53.76,73.04,Good,Training
E4631,Shaloo Haldar,39,Operations,Operations Manager,Contract,12 Months,B4,10.8,3.2,97.5,6,15,10,66.67,70.88,65.63,78.91,80.86,66.39,73.82,82.58,0.5,15,61.36,74.36,Good,Training
E4632,Vishwas Reddy,36,Sales,Sales Executive,Full-Time,Permanent,B2,4.7,1.6,84.0,6,38,29,76.32,80.45,77.77,78.33,74.66,65.17,71.98,65.18,8.4,25,67.52,76.29,Good,Incentive
E4633,Devyani Ketkar,41,Customer Support,Support Analyst,Contract,12 Months,B4,12.5,2.3,93.2,9,29,20,68.97,70.82,72.03,78.34,73.57,69.89,74.85,88.32,9.0,25,65.39,75.12,Good,Training
E4634,Nandita Shaw,52,Finance,Financial Analyst,Full-Time,Permanent,B5,27.4,12.9,97.9,7,18,13,72.22,74.28,69.92,66.16,78.85,86.51,72.44,72.69,2.8,25,70.67,75.18,Good,Training
E4635,Vaani Deol,48,Operations,Process Analyst,Full-Time,Permanent,B5,16.1,9.6,83.8,9,36,21,58.33,67.51,63.14,69.15,64.13,69.14,66.42,67.06,9.9,20,64.84,66.89,Average,Training
E4636,Markandeya Nair,33,Finance,Finance Executive,Part-Time,12 Months,B3,5.6,2.4,91.0,6,30,20,66.67,73.2,71.34,80.57,79.09,58.66,71.32,68.79,4.2,20,59.23,73.68,Good,Training
E4637,Amish Kanetkar,30,Human Resources,HR Executive,Full-Time,Permanent,B2,3.1,1.9,85.4,12,20,13,65.0,74.75,70.09,66.27,74.01,51.5,72.71,58.98,0.0,5,44.39,68.74,Average,Training
E4638,Vedika Gokhale,51,AI & Data Science,Data Scientist,Full-Time,Permanent,B5,16.5,2.6,97.3,8,17,13,76.47,79.49,75.62,79.93,82.79,75.77,77.45,78.82,0.0,20,66.26,79.65,Good,Incentive
E4639,Laxmi Goel,57,Customer Support,Customer Success Associate,Full-Time,Permanent,B4,14.4,10.8,94.0,10,47,32,68.09,64.17,71.1,73.06,70.17,69.88,69.62,63.67,17.7,25,75.93,71.83,Good,Training
E4640,Shobha Chandrachud,34,Sales,Business Development Executive,Part-Time,12 Months,B2,4.1,0.3,93.9,2,40,28,70.0,77.9,74.14,69.77,67.51,55.2,75.84,79.27,0.6,40,86.81,74.77,Good,Training
E4641,Akshara Gaharwar,27,Sales,Account Manager,Part-Time,12 Months,B2,4.1,1.0,97.3,5,28,17,60.71,60.49,66.01,68.67,82.81,62.09,65.56,70.08,4.6,30,81.32,70.35,Good,Training
E4642,Amarendra Sengupta,33,Human Resources,Talent Acquisition Specialist,Contract,12 Months,B3,6.8,0.6,96.3,6,32,27,84.38,89.4,80.23,87.05,74.64,73.09,80.41,87.7,11.2,25,83.57,84.49,Excellent,Incentive
E4643,Sacchidanand Reddy,53,Marketing,Digital Marketing Specialist,Part-Time,6 Months,B5,19.2,14.9,97.5,0,37,30,81.08,74.27,79.05,71.33,68.15,67.92,77.71,86.95,7.5,40,87.1,78.41,Good,Incentive
E4644,Ketki Dhumal,36,Sales,Sales Executive,Contract,6 Months,B3,5.4,4.1,94.8,3,50,36,72.0,79.3,77.92,80.49,88.86,71.17,81.7,85.05,11.8,10,52.35,79.34,Good,Incentive
E4645,Mukul Saha,47,Information Technology,DevOps Engineer,Full-Time,Permanent,B5,15.7,11.4,96.3,5,27,24,88.89,91.92,86.62,85.31,85.41,87.89,83.63,82.33,0.0,20,68.79,87.21,Excellent,Promotion
E4646,Durga Mazumdar,37,Sales,Account Manager,Full-Time,Permanent,B4,9.8,3.1,90.1,4,39,25,64.1,70.93,66.57,78.87,87.86,77.85,73.52,87.81,6.3,30,94.95,76.57,Good,Training
E4647,Kavita Guha,28,Operations,Process Analyst,Full-Time,Permanent,B2,2.1,0.5,99.9,1,34,24,70.59,63.47,73.82,65.03,65.97,61.26,73.92,74.38,4.4,20,56.5,70.83,Good,Training
E4648,Rajani Chaubey,37,Marketing,Marketing Executive,Part-Time,6 Months,B4,9.7,5.7,80.6,12,20,14,70.0,79.21,78.61,85.97,80.73,78.85,80.92,76.3,0.0,25,86.64,79.34,Good,Incentive
E4649,Prabhakar Khajuria,26,Human Resources,HR Analyst,Full-Time,Permanent,B2,3.4,2.5,85.4,13,26,18,69.23,72.3,76.08,74.06,78.94,59.23,70.75,68.7,0.0,50,96.02,74.92,Good,Training
E4650,Savita Narayan,49,Information Technology,Software Engineer,Full-Time,Permanent,B5,22.3,15.7,96.2,3,35,20,57.14,62.88,60.4,59.46,76.95,82.61,66.52,77.74,2.2,25,70.74,68.18,Average,Training
E4651,Dhwani Talwar,54,Sales,Business Development Executive,Contract,6 Months,B5,21.7,8.1,83.0,5,29,21,72.41,72.51,73.71,80.39,78.83,73.73,74.88,77.24,0.9,25,81.62,76.41,Good,Training
E4652,Saurav Narula,31,Operations,Operations Manager,Full-Time,Permanent,B3,6.8,3.7,86.6,7,26,18,69.23,67.6,65.28,64.43,69.56,67.49,64.48,66.02,0.0,20,57.1,68.35,Average,Training
E4653,Khushboo Jhunjhunwala,30,AI & Data Science,ML Engineer,Full-Time,Permanent,B3,7.7,1.5,90.6,6,19,13,68.42,70.47,75.22,66.59,81.57,64.3,71.45,72.95,1.0,20,60.35,72.77,Good,Training
E4654,Gaurish Dadlani,45,Information Technology,Software Engineer,Full-Time,Permanent,B4,10.3,7.3,82.8,10,23,15,65.22,76.01,74.49,67.81,77.58,61.09,75.22,81.55,3.4,15,65.51,72.74,Good,Training
E4655,Satish Bhatnagar,34,AI & Data Science,Data Scientist,Contract,6 Months,B3,7.7,5.6,94.2,7,33,25,75.76,76.97,76.06,69.12,74.32,54.96,75.49,80.95,0.0,40,98.24,77.02,Good,Training
E4656,Mahima Kanetkar,35,Information Technology,Cloud Engineer,Full-Time,Permanent,B4,10.4,8.8,91.2,7,36,27,75.0,66.41,69.76,77.61,84.64,68.16,70.53,77.26,11.2,25,63.46,74.87,Good,Training
E4657,Ruchika Gokhale,26,Marketing,Marketing Analyst,Full-Time,Permanent,B1,1.5,0.4,92.9,9,34,23,67.65,63.45,63.83,71.57,73.01,47.71,68.2,63.46,7.0,25,85.87,69.83,Average,Training
E4658,Pariniti Jha,36,Marketing,Digital Marketing Specialist,Full-Time,Permanent,B2,4.8,2.6,96.9,0,28,20,71.43,76.49,74.85,71.88,72.02,64.99,70.7,62.71,0.0,25,84.17,75.22,Good,Training
E4659,Arpit Bhasin,30,AI & Data Science,Data Scientist,Full-Time,Permanent,B3,7.6,0.2,94.5,5,31,25,80.65,86.57,86.28,81.1,75.18,58.98,78.58,69.29,1.1,25,63.98,80.7,Excellent,Incentive
E4660,Kedar Nath,48,Operations,Process Analyst,Contract,12 Months,B4,12.5,4.3,81.8,12,33,22,66.67,60.96,63.95,71.98,59.18,64.03,67.6,60.67,1.0,25,83.94,67.44,Average,Training
E4661,Gajanand Sood,36,Operations,Process Analyst,Full-Time,Permanent,B4,11.4,3.4,99.9,3,44,31,70.45,71.87,72.34,72.44,66.79,69.09,75.47,82.2,8.4,25,68.28,74.49,Good,Training
E4662,Sheetalaprasad Gunji,53,Marketing,Digital Marketing Specialist,Full-Time,Permanent,B4,10.1,4.4,81.5,13,27,20,74.07,72.73,78.75,83.96,75.6,61.79,78.5,76.13,6.1,25,67.31,76.32,Good,Incentive
E4663,Bhoomika Shekhawat,54,AI & Data Science,Data Scientist,Full-Time,Permanent,B4,9.6,0.1,87.4,13,35,23,65.71,76.91,72.48,67.33,75.89,70.79,77.42,74.61,4.2,5,52.85,72.48,Good,Training
E4664,Kokila Baghel,35,Sales,Sales Executive,Full-Time,Permanent,B4,13.0,10.5,73.1,20,32,19,59.38,60.73,67.47,74.16,84.5,67.93,66.81,75.64,10.3,40,79.51,69.52,Average,PIP
E4665,Manjunath Bakshi,47,Human Resources,HR Executive,Full-Time,Permanent,B3,8.3,7.6,92.8,6,27,23,85.19,80.4,79.83,81.5,68.66,62.0,81.94,77.77,8.2,20,62.57,79.4,Good,Incentive
E4666,Gajanand Joshi,47,Human Resources,HR Executive,Full-Time,Permanent,B5,16.5,4.8,97.7,3,15,9,60.0,66.0,60.2,59.15,57.1,68.58,65.3,62.32,0.0,20,65.64,65.37,Average,Training
E4667,Mandavi Gandhi,45,Operations,Operations Executive,Full-Time,Permanent,B4,11.6,11.4,85.6,10,31,20,64.52,70.17,72.07,73.26,74.4,64.13,73.94,74.0,5.3,25,71.81,72.2,Good,Training
E4668,Bahadur Khemka,47,AI & Data Science,AI Engineer,Full-Time,Permanent,B5,17.0,16.8,73.1,10,35,25,71.43,80.86,73.53,68.41,70.3,76.2,73.91,80.03,15.5,20,55.75,72.77,Good,Training
E4669,Gajendra Gond,34,Finance,Financial Analyst,Full-Time,Permanent,B4,9.7,2.3,65.1,16,29,17,58.62,61.42,65.88,69.26,79.52,63.32,63.29,65.97,3.2,20,58.95,65.32,Average,PIP
E4670,Himanshi Seth,56,Finance,Financial Analyst,Contract,24 Months,B5,23.4,14.6,96.9,5,31,26,83.87,84.13,87.11,80.79,76.93,81.22,81.78,70.82,8.0,30,80.09,83.46,Excellent,Incentive
E4671,Sarojini Bharadwaj,30,Marketing,Marketing Executive,Full-Time,Permanent,B3,6.6,1.7,96.9,3,15,9,60.0,72.61,65.17,71.09,79.22,71.43,70.49,71.42,0.3,40,95.97,73.41,Good,Training
E4672,Preksha Sonkar,55,Finance,Finance Executive,Full-Time,Permanent,B5,21.5,17.9,72.3,15,19,13,68.42,65.7,72.58,70.07,79.38,73.32,74.85,86.96,1.9,20,74.73,72.18,Good,Training
E4673,Rajeshwar Kanetkar,37,Information Technology,System Administrator,Contract,6 Months,B3,8.2,6.0,90.8,9,48,28,58.33,56.8,58.35,58.66,55.32,57.59,59.86,58.95,15.2,15,58.72,61.19,Average,Training
E4674,Shrikant Kushwaha,57,Information Technology,DevOps Engineer,Contract,12 Months,B5,24.5,10.7,87.3,15,20,15,75.0,68.83,67.94,74.35,87.52,74.1,74.05,85.49,0.0,10,52.53,74.71,Good,Training
E4675,Dharam Tandon,45,Human Resources,HR Analyst,Contract,24 Months,B3,8.6,3.4,85.5,11,26,19,73.08,65.7,75.13,77.44,71.09,62.65,73.59,64.82,5.2,25,83.16,73.57,Good,Training
E4676,Sunil Gunji,44,Information Technology,Software Engineer,Full-Time,Permanent,B3,6.9,1.1,93.2,6,37,24,64.86,62.32,70.27,76.12,82.81,73.07,68.07,67.07,1.8,20,60.65,72.08,Good,Training
E4677,Dinesh Kharwar,35,Human Resources,HR Executive,Contract,12 Months,B3,6.1,2.5,81.2,7,25,18,72.0,70.34,70.35,77.37,74.06,56.85,67.69,64.29,0.0,20,58.46,71.4,Good,Training
E4678,Lakshmi Rajpoot,42,Operations,Operations Manager,Contract,24 Months,B5,18.0,10.4,92.5,5,28,21,75.0,68.76,68.35,69.56,71.63,73.39,71.48,64.04,5.1,50,78.65,73.04,Good,Training
E4679,Riddhi Paswan,51,Marketing,Marketing Executive,Full-Time,Permanent,B5,16.9,13.7,94.3,6,26,21,80.77,71.0,73.15,78.78,84.26,83.85,76.44,81.16,11.2,20,60.47,78.51,Good,Training
E4680,Pratigya Runthla,56,Sales,Account Manager,Full-Time,Permanent,B5,32.9,19.6,80.6,11,34,22,64.71,66.73,62.73,63.29,76.85,73.9,68.98,78.89,9.9,30,70.22,68.96,Average,Training
E4681,Nirbhay Jaiswal,26,Finance,Accountant,Full-Time,Permanent,B2,2.2,2.2,93.6,10,44,37,84.09,85.68,79.68,80.74,71.72,59.54,83.78,87.76,18.2,25,80.51,81.64,Excellent,Incentive
E4682,Pavan Ghosh,44,Information Technology,Cloud Engineer,Full-Time,Permanent,B5,19.1,9.0,97.4,1,27,18,66.67,63.9,67.48,66.2,66.27,75.33,65.91,70.09,4.1,30,81.56,70.65,Good,Training
E4683,Akriti Ahir,45,Sales,Business Development Executive,Full-Time,Permanent,B4,9.0,2.0,84.2,9,40,25,62.5,73.29,67.5,65.01,75.55,55.26,74.09,82.36,4.9,25,87.11,71.16,Good,Training
E4684,Pragati Athawale,37,AI & Data Science,Data Analyst,Full-Time,Permanent,B4,11.9,4.8,96.2,2,20,15,75.0,71.68,71.0,65.43,83.45,71.46,75.12,77.77,1.9,15,66.65,74.98,Good,Training
E4685,Bhagvant Mangeshkar,31,Human Resources,HR Executive,Full-Time,Permanent,B3,7.5,3.6,97.5,5,24,17,70.83,70.46,66.65,78.13,65.83,62.41,70.41,60.99,4.3,20,69.48,72.41,Good,Training
E4686,Chitra Modanwal,47,Information Technology,Cloud Engineer,Full-Time,Permanent,B5,25.0,14.4,90.2,6,15,9,60.0,73.1,67.94,71.37,70.84,74.61,75.17,86.06,2.1,30,72.9,72.4,Good,Training
E4687,Shankar Chaturvedi,43,AI & Data Science,AI Engineer,Full-Time,Permanent,B3,6.4,5.8,93.9,9,25,18,72.0,75.26,73.17,78.41,68.81,54.12,77.84,77.83,0.0,10,54.02,74.29,Good,Training
E4688,Manorama Nahar,44,Operations,Operations Manager,Contract,12 Months,B5,20.1,9.5,96.1,5,26,22,84.62,77.4,79.94,81.49,71.02,76.86,78.03,80.59,1.9,15,58.78,79.94,Good,Incentive
E4689,Shaily Dubey,26,Sales,Sales Executive,Part-Time,12 Months,B1,1.1,0.6,96.8,2,23,16,69.57,70.32,72.21,64.54,65.96,43.86,76.26,75.45,2.2,15,70.09,71.05,Good,Training
E4690,Namrata Goswami,23,Operations,Process Analyst,Full-Time,Permanent,B1,0.5,0.1,93.9,9,41,30,73.17,81.39,80.0,79.93,87.38,66.46,83.25,79.58,16.1,20,55.2,79.53,Good,Incentive
E4691,Lakshya Bhandarkar,51,Marketing,Digital Marketing Specialist,Full-Time,Permanent,B5,17.9,2.4,93.0,5,27,20,74.07,81.3,76.42,69.51,64.11,79.58,74.51,77.7,7.2,40,76.91,76.34,Good,Training
E4692,Pratyusha Ram,44,Finance,Accountant,Full-Time,Permanent,B5,18.6,18.3,90.4,4,45,30,66.67,61.34,70.92,73.86,78.11,83.62,67.86,64.78,8.9,25,78.68,72.52,Good,Training
E4693,Haushila Dalal,30,Operations,Operations Manager,Full-Time,Permanent,B3,5.9,1.8,92.0,5,34,25,73.53,77.06,71.57,68.79,72.29,54.05,73.99,74.74,7.8,30,76.25,74.02,Good,Training
E4694,Simran Basu,31,AI & Data Science,AI Engineer,Part-Time,12 Months,B3,8.6,1.6,97.7,3,24,17,70.83,66.74,72.57,66.91,68.14,66.25,67.37,67.6,2.0,30,71.46,71.78,Good,Training
E4695,Ayush Mantri,38,AI & Data Science,AI Engineer,Full-Time,Permanent,B4,10.5,0.1,97.9,1,34,26,76.47,70.65,71.98,66.08,68.73,62.24,73.09,84.58,9.3,10,43.92,72.63,Good,Training
E4696,Srishti Bharadwaj,53,AI & Data Science,Data Scientist,Full-Time,Permanent,B4,13.2,11.2,66.8,25,25,20,80.0,80.68,76.61,70.73,72.6,77.13,77.34,75.08,1.2,20,79.2,75.58,Good,Incentive
E4697,Harika Deshpande,53,Marketing,Digital Marketing Specialist,Full-Time,Permanent,B3,8.8,3.8,83.2,7,15,11,73.33,78.56,71.63,80.13,76.18,60.53,71.73,67.49,0.0,10,59.74,74.46,Good,Training
E4698,Anurag Bhawsar,54,Customer Support,Support Executive,Full-Time,Permanent,B5,30.4,3.6,83.9,5,58,36,62.07,62.54,67.27,73.61,71.08,84.91,67.09,82.25,17.4,30,86.71,71.37,Good,Training
E4699,Milind Saini,39,Customer Support,Support Executive,Full-Time,Permanent,B3,8.0,6.6,88.8,14,53,37,69.81,79.98,72.21,66.67,64.77,63.04,74.52,77.64,17.7,25,71.15,72.98,Good,Training
E4700,Sheshnath Bhargav,51,AI & Data Science,Data Scientist,Full-Time,Permanent,B3,8.2,1.0,91.7,8,23,18,78.26,85.49,80.52,86.73,78.0,67.29,79.13,78.66,6.4,40,89.97,82.37,Excellent,Incentive
E4701,Sundar Maurya,26,Human Resources,Talent Acquisition Specialist,Full-Time,Permanent,B2,2.8,2.1,97.2,8,29,22,75.86,83.21,80.04,79.67,66.13,49.96,74.21,67.82,7.2,50,80.88,77.79,Good,Incentive
E4702,Ansh Gujjar,38,Operations,Operations Executive,Full-Time,Permanent,B3,7.9,5.0,94.7,2,45,36,80.0,79.37,76.67,69.78,76.48,64.5,76.41,81.62,12.2,25,79.49,78.09,Good,Training
E4703,Pallavi Nahar,43,AI & Data Science,Data Scientist,Full-Time,Permanent,B4,12.6,6.0,76.6,10,20,11,55.0,56.13,62.87,68.58,66.51,60.36,63.64,81.44,2.1,5,47.21,63.33,Average,Training
E4704,Rupesh Tata,35,Operations,Process Analyst,Full-Time,Permanent,B4,11.2,8.2,82.5,12,36,23,63.89,75.73,72.63,82.0,84.92,72.12,72.11,65.86,9.9,20,59.54,74.36,Good,Training
E4705,Shivshankar Singhi,54,Human Resources,HR Analyst,Full-Time,Permanent,B4,12.8,5.3,83.6,6,27,15,55.56,62.82,60.1,64.3,57.52,67.12,63.78,59.87,0.5,20,62.98,63.22,Average,Training
E4706,Shweta Khandelwal,37,Marketing,Marketing Analyst,Contract,6 Months,B3,6.2,2.6,97.0,7,32,25,78.12,73.11,75.41,73.03,69.36,52.44,75.99,77.15,0.0,15,55.11,74.62,Good,Training
E4707,Anil Kannaujiya,37,AI & Data Science,Data Scientist,Full-Time,Permanent,B4,11.9,9.0,69.7,24,31,18,58.06,70.93,63.3,74.59,78.71,67.96,68.78,83.48,2.5,25,79.54,69.86,Average,PIP
E4708,Nirbhay Goel,39,AI & Data Science,ML Engineer,Part-Time,12 Months,B4,13.4,4.8,96.0,8,32,23,71.88,67.35,66.47,68.03,76.71,66.19,69.79,78.99,14.7,20,76.8,72.92,Good,Training
E4709,Saurabh Malode,42,AI & Data Science,Data Analyst,Full-Time,Permanent,B5,16.0,9.4,97.8,7,44,35,79.55,73.74,74.91,69.62,65.18,71.44,76.2,65.5,11.3,20,56.69,74.46,Good,Training
E4710,Arunita Thackeray,27,Finance,Financial Analyst,Full-Time,Permanent,B2,3.0,1.3,97.8,6,21,15,71.43,79.07,78.65,81.84,85.62,68.54,79.18,70.86,3.9,20,62.59,79.05,Good,Incentive
E4711,Agni Gaitonde,36,AI & Data Science,AI Engineer,Full-Time,Permanent,B2,4.2,0.0,82.6,10,24,16,66.67,64.06,71.34,72.99,65.02,61.26,70.0,69.52,0.0,20,61.2,69.12,Average,Training
E4712,Sukriti Mistry,41,Customer Support,Support Executive,Full-Time,Permanent,B3,8.3,4.6,71.0,21,59,42,71.19,65.34,67.85,76.85,86.13,59.66,69.49,73.81,25.9,20,75.98,71.84,Good,Training
E4713,Sheetalaprasad Jaitley,35,Information Technology,DevOps Engineer,Full-Time,Permanent,B3,7.4,4.5,93.1,8,22,19,86.36,87.13,87.49,78.7,84.58,60.54,80.9,66.47,0.0,20,78.37,83.03,Excellent,Incentive
E4714,Avdhesh Goenka,28,Operations,Operations Manager,Full-Time,Permanent,B3,5.9,3.9,96.5,1,17,15,88.24,82.56,81.35,71.1,73.2,55.35,83.92,86.75,0.5,10,40.68,78.79,Good,Incentive
E4715,Tamanna Didwania,55,Human Resources,HR Analyst,Full-Time,Permanent,B5,20.1,11.4,86.2,13,17,11,64.71,76.25,69.69,75.81,75.87,86.35,71.44,82.56,0.4,25,84.44,75.42,Good,Training
E4716,Darshan Lakhotia,57,Marketing,Marketing Executive,Full-Time,Permanent,B5,32.1,27.5,90.8,7,18,12,66.67,61.89,62.85,74.28,62.7,84.45,67.76,64.96,2.8,40,83.09,70.22,Good,Training
E4717,Vimal Bhaskar,41,Marketing,Marketing Executive,Full-Time,Permanent,B3,5.5,2.5,83.0,15,31,18,58.06,68.72,61.96,63.21,76.01,60.55,65.67,56.83,14.7,5,52.43,65.47,Average,Training
E4718,Padmavati Bhat,45,AI & Data Science,Data Analyst,Full-Time,Permanent,B4,11.5,7.1,93.8,7,38,27,71.05,71.95,74.3,68.96,73.53,76.0,69.94,64.0,12.6,25,65.98,73.47,Good,Training
E4719,Pramila Patel,41,AI & Data Science,Data Analyst,Full-Time,Permanent,B3,6.4,5.9,94.4,9,43,31,72.09,70.21,68.62,68.82,72.37,54.74,71.94,59.98,15.3,25,79.26,71.93,Good,Training
E4720,Janmejay Jaitley,56,Marketing,Marketing Executive,Contract,6 Months,B4,14.2,6.2,86.9,13,31,21,67.74,77.27,77.33,78.63,84.65,78.33,81.5,90.05,8.7,30,76.38,78.61,Good,Incentive
E4721,Vedika Rana,29,Human Resources,HR Analyst,Full-Time,Permanent,B3,5.6,0.9,90.8,5,31,25,80.65,85.98,85.01,75.79,77.21,55.27,83.9,84.93,0.0,20,73.25,80.78,Excellent,Incentive
E4722,Munna Pawar,29,AI & Data Science,Data Scientist,Full-Time,Permanent,B3,6.1,2.6,78.2,16,27,18,66.67,75.76,68.23,64.46,77.82,58.91,66.22,59.38,4.8,40,79.42,70.07,Good,Training
E4723,Arijit Bose,48,Sales,Sales Executive,Full-Time,Permanent,B4,9.3,1.2,90.8,3,25,19,76.0,72.31,73.77,77.65,80.47,73.2,72.09,77.3,0.6,25,72.38,76.83,Good,Training
E4724,Veena Dadhich,41,Sales,Account Manager,Full-Time,Permanent,B4,11.5,9.4,91.0,7,28,17,60.71,67.21,64.9,76.12,71.12,62.6,68.14,68.78,1.5,25,65.53,69.81,Average,Training
E4725,Avichal Reddy,42,Sales,Business Development Executive,Contract,12 Months,B4,10.6,1.1,76.5,21,37,23,62.16,73.41,70.34,64.82,68.52,61.45,71.49,84.63,0.9,15,64.11,69.2,Average,Training
E4726,Satyam Runthla,38,Marketing,Marketing Executive,Full-Time,Permanent,B4,9.3,4.4,96.1,4,19,14,73.68,73.53,77.42,70.72,69.51,60.09,74.57,73.82,1.0,25,77.57,75.17,Good,Incentive
E4727,Jagriti Som,44,Customer Support,Support Executive,Full-Time,Permanent,B5,21.7,0.6,72.6,10,31,17,54.84,69.85,66.31,76.93,68.21,71.21,68.28,70.54,4.2,30,74.14,68.48,Average,PIP
E4728,Lokendra Bhargav,32,Information Technology,Cloud Engineer,Full-Time,Permanent,B3,5.0,4.2,94.3,2,29,16,55.17,67.7,59.4,64.51,63.07,56.41,68.9,68.18,6.8,25,85.36,66.7,Average,Training
E4729,Harshvardhan Bhatnagar,52,Information Technology,System Administrator,Full-Time,Permanent,B5,29.4,7.2,74.6,19,50,33,66.0,72.53,72.74,65.3,80.41,69.62,72.78,85.78,14.7,5,41.17,70.45,Good,Training
E4730,Chandan Dubey,44,AI & Data Science,AI Engineer,Full-Time,Permanent,B4,12.2,0.7,84.9,9,26,18,69.23,71.08,66.41,76.55,74.1,73.12,71.31,68.53,5.6,15,56.29,71.85,Good,Training
E4731,Menaka Goswami,31,AI & Data Science,Data Scientist,Contract,12 Months,B3,8.3,3.1,96.6,7,21,19,90.48,88.26,89.02,77.54,81.44,70.94,84.31,86.58,0.0,25,77.49,85.56,Excellent,Incentive
E4732,Deepti Mehra,48,Sales,Account Manager,Full-Time,Permanent,B4,10.7,7.4,68.8,25,31,18,58.06,66.25,63.29,62.18,65.45,55.76,61.09,57.08,2.9,30,80.44,63.61,Average,PIP
E4733,Jamunadas Reddy,50,AI & Data Science,Data Scientist,Full-Time,Permanent,B5,25.8,4.9,91.1,3,26,14,53.85,52.64,53.07,65.18,80.15,82.46,58.21,67.37,3.9,15,51.64,63.82,Average,Training
E4734,Shaily Govil,56,Finance,Finance Executive,Full-Time,Permanent,B5,26.2,10.7,96.3,1,37,23,62.16,61.15,64.58,74.43,60.06,79.42,61.63,63.03,9.2,40,92.02,69.79,Average,Training
E4735,Gomed Narayan,36,Sales,Business Development Executive,Full-Time,Permanent,B2,4.8,0.6,76.5,18,32,13,40.62,51.11,46.69,65.0,72.24,60.54,58.26,73.64,9.6,15,62.42,58.13,Needs Improvement,PIP
E4736,Swara Narayan,37,Finance,Finance Executive,Full-Time,Permanent,B3,8.0,5.7,68.3,22,20,8,40.0,52.96,53.28,62.94,62.24,62.76,62.79,71.95,0.5,20,68.79,57.75,Needs Improvement,PIP
E4737,Vaishnavi Lakhotia,40,Operations,Process Analyst,Full-Time,Permanent,B4,10.7,5.1,84.4,10,37,20,54.05,66.21,62.57,69.66,83.89,63.81,70.21,73.77,0.0,40,78.48,69.02,Average,Training
E4738,Shakti Srivastava,45,AI & Data Science,ML Engineer,Full-Time,Permanent,B5,16.8,8.5,75.2,18,16,12,75.0,82.27,74.82,84.23,69.27,75.99,75.77,76.24,0.0,10,49.78,75.78,Good,Training
E4739,Pragati Rastogi,45,AI & Data Science,ML Engineer,Full-Time,Permanent,B5,16.9,15.6,86.4,6,33,22,66.67,74.61,75.88,79.86,74.38,85.81,70.81,71.35,12.1,50,98.29,76.94,Good,Incentive
E4740,Mimansa Rawal,37,AI & Data Science,Data Analyst,Full-Time,Permanent,B4,10.9,6.6,77.6,12,45,25,55.56,66.29,66.62,65.55,78.25,66.15,63.62,63.7,17.2,25,64.98,66.61,Average,Training
E4741,Kalloo Kharwar,50,Marketing,Marketing Executive,Contract,24 Months,B5,15.9,10.7,90.6,8,30,20,66.67,66.24,64.08,64.34,65.33,69.31,69.92,81.68,7.1,50,85.41,70.11,Good,Training
E4742,Rachana Agrawal,28,Marketing,Marketing Executive,Part-Time,6 Months,B1,1.7,1.1,96.5,7,34,27,79.41,84.68,79.01,81.01,91.85,58.23,82.33,90.43,2.8,25,76.01,82.8,Excellent,Incentive
E4743,Krishna Bedi,35,Operations,Process Analyst,Full-Time,Permanent,B3,5.7,0.1,96.3,7,38,24,63.16,72.11,67.3,71.99,69.33,51.19,74.4,84.6,3.6,15,60.35,71.27,Good,Training
E4744,Prayag Ghosh,31,AI & Data Science,ML Engineer,Full-Time,Permanent,B2,3.3,2.9,93.3,3,29,18,62.07,63.27,65.61,63.19,74.49,62.55,70.21,81.26,5.1,25,63.66,68.78,Average,Training
E4745,Yukta Agrawal,39,Sales,Sales Executive,Full-Time,Permanent,B4,11.0,7.9,90.7,3,46,30,65.22,62.92,63.25,64.28,58.48,62.0,65.92,62.11,7.1,25,72.32,66.39,Average,Training
E4746,Mithilesh Deewan,44,Sales,Business Development Executive,Full-Time,Permanent,B3,8.9,8.2,76.4,16,27,16,59.26,72.65,63.87,73.92,81.86,69.66,69.87,82.75,10.6,30,83.05,71.55,Good,Training
E4747,Ashwini Lokhande,46,Finance,Financial Analyst,Full-Time,Permanent,B5,16.5,14.4,81.3,9,23,14,60.87,72.38,63.05,75.17,85.73,74.07,70.28,84.2,0.0,25,76.33,72.67,Good,Training
E4748,Kripashankar Suryavanshi,34,Sales,Business Development Executive,Full-Time,Permanent,B4,10.4,7.7,97.1,4,44,30,68.18,76.59,74.58,71.66,78.21,63.31,70.85,65.14,10.8,10,60.15,74.16,Good,Training
E4749,Shreejesh Singhal,55,Information Technology,DevOps Engineer,Full-Time,Permanent,B3,8.3,3.4,78.3,15,27,19,70.37,64.23,64.52,67.59,77.07,63.71,64.56,66.37,0.0,50,81.26,69.34,Average,Training
E4750,Neelima Som,45,Finance,Accountant,Full-Time,Permanent,B4,13.0,2.3,71.4,21,24,13,54.17,66.37,64.48,70.98,64.77,69.59,62.53,60.9,3.1,10,52.71,64.3,Average,PIP
E4751,Jagannath Ghosh,57,AI & Data Science,Data Analyst,Contract,24 Months,B5,27.6,2.2,82.3,7,27,16,59.26,58.27,64.4,64.28,76.36,76.4,63.87,79.27,2.3,40,79.77,67.76,Average,Training
E4752,Sheshnath Goswami,27,Operations,Operations Executive,Full-Time,Permanent,B1,1.9,1.0,97.4,5,41,29,70.73,64.04,70.07,76.81,68.49,59.92,70.53,83.97,11.6,40,99.1,74.51,Good,Training
E4753,Nalini Umar,27,AI & Data Science,Data Scientist,Full-Time,Permanent,B1,1.9,0.2,92.2,6,20,13,65.0,74.11,73.21,69.1,62.5,46.79,72.64,73.0,0.0,20,65.28,70.57,Good,Training
E4754,Ganga Srivatsa,43,Human Resources,HR Analyst,Full-Time,Permanent,B5,15.7,14.3,73.8,16,19,12,63.16,74.4,66.96,70.67,64.77,75.32,71.71,77.03,0.0,20,64.7,69.57,Average,PIP
E4755,Balraj Jain,40,Human Resources,HR Executive,Contract,6 Months,B4,13.1,6.6,94.9,6,23,19,82.61,82.86,82.76,76.22,83.35,75.96,86.08,89.56,0.0,25,67.33,82.44,Excellent,Incentive
E4756,Ruchika Shekhawat,32,Marketing,Marketing Executive,Full-Time,Permanent,B2,3.4,1.2,87.4,10,40,26,65.0,76.92,70.43,68.91,69.69,62.89,75.81,81.04,4.1,30,70.28,72.4,Good,Training
E4757,Subodh Patil,43,Sales,Business Development Executive,Contract,24 Months,B5,16.7,12.0,87.6,5,34,20,58.82,57.15,57.96,60.33,71.61,69.34,64.2,79.18,0.0,20,78.49,65.62,Average,Training
E4758,Saroj Maheshwari,45,Marketing,Marketing Analyst,Full-Time,Permanent,B4,12.7,7.5,94.8,2,23,17,73.91,74.76,71.1,80.82,68.51,61.86,70.38,67.22,3.2,20,78.38,75.31,Good,Training
E4759,Shailesh Athawale,56,AI & Data Science,ML Engineer,Full-Time,Permanent,B5,27.0,7.4,94.1,4,28,20,71.43,76.15,69.91,81.53,64.01,80.57,73.59,66.79,3.6,50,84.0,75.91,Good,Training
E4760,Tejprakash Khurrana,50,Information Technology,Software Engineer,Full-Time,Permanent,B5,23.5,8.8,95.0,4,31,25,80.65,84.63,83.76,74.63,83.23,88.33,84.57,78.37,3.0,30,86.53,83.26,Excellent,Incentive
E4761,Niharika Dixit,45,Customer Support,Customer Success Associate,Full-Time,Permanent,B5,15.1,1.1,92.2,2,43,34,79.07,70.83,77.7,69.99,72.91,74.03,79.56,87.0,14.0,15,63.77,76.37,Good,Training
E4762,Kesari Ranaut,24,Marketing,Digital Marketing Specialist,Full-Time,Permanent,B1,0.9,0.1,94.8,6,38,23,60.53,58.78,64.32,66.78,75.35,53.49,67.01,77.58,13.0,5,33.85,66.17,Average,Training
E4763,Kirti Kumar,23,Information Technology,DevOps Engineer,Full-Time,Permanent,B1,0.3,0.1,82.5,11,39,26,66.67,63.45,68.05,77.73,72.85,48.47,71.48,80.93,13.1,30,76.33,70.78,Good,Training
E4764,Arpita Bharadwaj,51,Sales,Sales Executive,Full-Time,Permanent,B5,15.3,3.3,74.5,19,45,25,55.56,55.13,56.83,59.05,77.84,71.23,60.33,78.85,18.0,40,77.57,63.62,Average,PIP
E4765,Saket Batra,25,AI & Data Science,ML Engineer,Full-Time,Permanent,B2,2.1,1.2,96.8,7,15,14,93.33,95.56,92.99,92.06,74.72,55.36,88.56,90.61,0.0,30,79.82,88.96,Excellent,Incentive
E4766,Indresh Javdekar,49,Information Technology,Software Engineer,Contract,6 Months,B4,9.4,6.7,97.6,8,25,19,76.0,83.94,75.34,73.79,85.12,64.5,80.39,84.41,5.7,25,64.85,79.34,Good,Incentive
E4767,Chandrakanti Khemka,41,Operations,Process Analyst,Full-Time,Permanent,B5,15.8,12.4,96.5,8,42,30,71.43,71.91,71.09,77.51,75.31,74.72,72.97,85.97,13.6,40,86.92,77.0,Good,Training
E4768,Mandavi Dutta,24,Human Resources,Talent Acquisition Specialist,Part-Time,6 Months,B1,1.0,0.4,78.2,21,37,25,67.57,64.29,70.86,62.71,79.87,53.96,72.01,67.43,11.5,25,67.32,68.66,Average,Training
E4769,Diwakar Sengupta,52,Information Technology,DevOps Engineer,Contract,12 Months,B5,15.8,0.1,90.7,4,19,13,68.42,68.75,70.45,68.3,76.47,67.29,71.92,59.38,4.0,20,71.71,71.62,Good,Training
E4770,Tarika Choudhuri,54,AI & Data Science,Data Scientist,Full-Time,Permanent,B5,23.0,4.5,96.4,2,19,15,78.95,81.72,76.72,84.76,70.89,79.08,74.01,70.1,2.3,25,72.2,79.82,Good,Incentive
E4771,Nihal Bendre,35,Finance,Accountant,Full-Time,Permanent,B3,8.0,2.8,92.5,10,32,21,65.62,60.22,65.6,64.93,77.99,60.38,65.18,77.62,5.3,10,50.61,68.19,Average,Training
E4772,Aarti Shah,48,Marketing,Marketing Executive,Full-Time,Permanent,B4,10.4,5.6,99.3,2,18,12,66.67,72.3,74.97,70.59,76.4,64.22,75.19,84.89,0.0,10,42.58,73.59,Good,Training
E4773,Anshika Bandopadhyay,42,Customer Support,Customer Success Associate,Full-Time,Permanent,B4,11.0,7.1,93.3,3,44,34,77.27,75.77,79.89,70.97,66.12,63.15,79.83,78.68,14.2,25,79.1,76.56,Good,Incentive
E4774,Charu Thackeray,26,Operations,Operations Executive,Full-Time,Permanent,B1,1.9,1.7,90.2,9,45,30,66.67,68.38,73.17,80.32,67.1,60.53,73.14,79.88,21.4,30,82.93,73.84,Good,Training
E4775,Hansvi Pushkar,45,Marketing,Marketing Executive,Full-Time,Permanent,B5,19.0,17.4,92.8,4,18,12,66.67,64.95,72.01,67.49,87.0,78.58,74.48,84.85,0.0,30,79.31,74.51,Good,Training
E4776,Akshara Kamat,32,Information Technology,Cloud Engineer,Full-Time,Permanent,B3,8.8,2.9,94.3,4,17,11,64.71,71.75,68.22,73.96,68.1,71.0,73.01,80.44,4.7,30,87.38,73.63,Good,Training
E4777,Dayashankar Shirke,55,AI & Data Science,Data Analyst,Full-Time,Permanent,B5,21.7,5.0,92.9,5,31,20,64.52,60.44,68.78,64.37,67.82,69.29,71.25,82.42,0.0,25,78.99,69.89,Average,Training
E4778,Ravinder Meena,51,Customer Support,Support Executive,Full-Time,Permanent,B4,12.7,7.8,90.7,8,32,24,75.0,80.18,81.69,74.93,81.85,70.28,80.53,83.34,1.6,15,70.7,79.27,Good,Incentive
E4779,Anita Mittal,32,Operations,Process Analyst,Full-Time,Permanent,B2,2.6,0.3,65.2,21,30,20,66.67,72.17,65.66,67.06,68.39,50.93,76.45,84.82,2.1,30,86.11,69.01,Average,PIP
E4780,Garima Sahani,27,Finance,Accountant,Full-Time,Permanent,B2,4.3,2.5,92.1,9,21,19,90.48,92.56,90.94,91.2,89.61,75.36,92.8,91.93,1.1,20,70.21,89.46,Excellent,Incentive
E4781,Deepshikha Barjatya,43,Human Resources,HR Executive,Full-Time,Permanent,B5,17.0,15.2,80.2,6,21,12,57.14,58.15,64.59,73.37,74.05,71.73,66.08,59.89,0.0,40,94.36,68.02,Average,Training
E4782,Pratyush Khaitan,25,AI & Data Science,Data Analyst,Part-Time,12 Months,B1,1.4,0.5,85.5,15,40,28,70.0,73.59,73.75,81.62,82.94,57.26,72.01,79.36,8.0,5,39.89,74.11,Good,Training
E4783,Sarojini Deshmukh,24,Customer Support,Customer Success Associate,Full-Time,Permanent,B1,0.7,0.3,92.4,4,47,33,70.21,63.14,70.26,77.17,84.0,60.34,69.45,81.19,9.0,30,72.51,73.93,Good,Training
E4784,Urjita Kamble,56,Information Technology,Cloud Engineer,Full-Time,Permanent,B5,26.1,14.7,93.8,10,29,24,82.76,80.93,77.44,76.34,86.35,87.8,77.29,75.14,3.3,15,57.45,80.52,Excellent,Incentive
E4785,Jamunadas Shankar,55,Finance,Accountant,Full-Time,Permanent,B3,8.5,7.6,91.5,9,27,18,66.67,76.78,71.72,77.77,76.04,66.57,74.68,66.24,2.1,40,98.79,76.01,Good,Training
E4786,Janardan Malode,33,AI & Data Science,Data Analyst,Full-Time,Permanent,B3,8.0,6.2,97.8,1,44,31,70.45,74.29,75.2,75.84,72.53,58.76,79.28,84.51,11.1,15,59.13,75.48,Good,Incentive
E4787,Haripriya Hajariya,27,AI & Data Science,ML Engineer,Part-Time,6 Months,B2,4.6,1.3,97.1,0,20,16,80.0,69.94,75.8,78.76,67.44,62.04,75.93,75.61,0.0,5,47.26,75.17,Good,Incentive
E4788,Arvind Pandit,56,Marketing,Marketing Analyst,Full-Time,Permanent,B5,23.3,19.4,81.2,7,30,16,53.33,52.6,57.91,68.26,71.11,81.31,62.92,70.07,3.7,50,85.35,65.03,Average,Training
E4789,Harinakshi Malik,40,Marketing,Digital Marketing Specialist,Full-Time,Permanent,B4,12.2,6.9,91.5,10,45,27,60.0,58.64,63.65,68.72,79.36,69.26,64.45,66.13,16.0,20,78.25,68.64,Average,Training
E4790,Nirmala Maali,36,Human Resources,HR Executive,Full-Time,Permanent,B2,3.5,2.5,81.0,12,25,17,68.0,72.22,67.18,65.76,65.55,61.99,70.88,57.74,1.0,25,67.94,68.56,Average,Training
E4791,Pratap Baranwal,57,Operations,Process Analyst,Full-Time,Permanent,B4,9.5,5.9,90.9,2,44,28,63.64,65.9,66.96,73.81,81.21,66.91,69.39,61.07,3.3,30,72.73,71.26,Good,Training
E4792,Sameer Parmar,39,Finance,Financial Analyst,Contract,12 Months,B5,16.4,14.5,90.0,3,19,13,68.42,69.13,71.74,72.57,74.51,66.21,69.36,78.37,0.0,20,62.46,72.55,Good,Training
E4793,Parinita Tiwari,30,AI & Data Science,ML Engineer,Contract,6 Months,B3,8.0,6.9,93.3,5,24,19,79.17,82.43,83.07,77.98,84.47,76.16,77.43,80.54,0.6,10,63.7,81.07,Excellent,Incentive
E4794,Bipin Jain,29,AI & Data Science,Data Scientist,Full-Time,Permanent,B2,4.7,0.8,87.6,11,19,13,68.42,63.33,63.07,71.83,61.52,57.4,68.92,65.93,1.1,20,62.26,67.64,Average,Training
E4795,Juhi Jha,46,Sales,Business Development Executive,Full-Time,Permanent,B4,10.4,5.1,90.7,2,30,26,86.67,81.78,82.81,78.71,79.68,63.39,78.09,73.14,7.9,30,91.67,81.85,Excellent,Incentive
E4796,Madhurima Dalal,39,Sales,Business Development Executive,Full-Time,Permanent,B3,5.0,3.1,97.4,4,20,16,80.0,81.78,82.72,74.33,79.1,55.32,80.05,82.86,0.0,25,72.72,80.02,Excellent,Incentive
E4797,Shubhangi Menon,25,Sales,Sales Executive,Full-Time,Permanent,B1,1.2,0.5,91.1,10,49,34,69.39,78.62,77.24,73.96,79.77,59.55,76.03,75.12,15.8,25,71.68,76.09,Good,Incentive
E4798,Hari Rawal,37,Finance,Financial Analyst,Full-Time,Permanent,B3,5.1,1.6,76.4,20,29,16,55.17,54.15,59.11,63.01,71.3,51.45,58.79,70.68,4.3,10,53.73,61.22,Average,Training
E4799,Virat Patnaik,30,Human Resources,Talent Acquisition Specialist,Full-Time,Permanent,B3,7.0,0.1,91.1,2,38,33,86.84,83.32,78.28,73.69,73.95,59.28,77.77,83.17,1.6,25,84.37,80.05,Excellent,Incentive
E4800,Harika Raje,25,Operations,Process Analyst,Full-Time,Permanent,B1,1.7,0.2,96.4,8,30,22,73.33,73.66,77.66,71.2,75.31,53.28,78.91,73.48,8.6,15,63.62,75.01,Good,Incentive
E4801,Lata Bachchan,53,Operations,Operations Executive,Full-Time,Permanent,B3,8.8,0.5,73.7,15,45,31,68.89,79.67,74.28,73.11,74.56,70.31,72.97,60.65,8.7,30,76.11,73.22,Good,Training
E4802,Brahmi Scindia,48,Operations,Operations Executive,Full-Time,Permanent,B3,6.7,2.4,94.1,6,46,32,69.57,70.98,74.35,73.09,83.9,71.78,76.15,76.46,17.4,20,74.69,75.95,Good,Training
E4803,Badal Patil,56,Finance,Accountant,Full-Time,Permanent,B4,13.4,2.4,92.9,2,27,20,74.07,79.38,75.78,78.94,70.06,69.05,79.33,76.81,1.4,5,44.56,76.01,Good,Incentive
E4804,Janhvi Modi,35,Customer Support,Support Executive,Full-Time,Permanent,B3,5.3,3.8,85.4,12,25,25,100.0,87.68,95.28,93.6,88.99,59.86,86.08,89.62,0.0,50,94.73,90.44,Excellent,Incentive
E4805,Rajkumar Sengupta,35,Customer Support,Support Analyst,Part-Time,6 Months,B4,9.3,0.3,93.9,2,47,27,57.45,61.96,66.98,60.39,71.5,70.34,68.98,82.61,6.4,10,57.65,67.54,Average,Training
E4806,Samarth Dholakia,26,Finance,Accountant,Full-Time,Permanent,B1,1.5,0.5,94.5,7,32,28,87.5,84.5,83.66,77.9,74.92,49.45,82.19,67.5,9.5,10,52.61,79.56,Good,Incentive
E4807,Vidya Bhansali,32,Finance,Financial Analyst,Full-Time,Permanent,B2,4.6,3.5,83.9,8,22,13,59.09,64.92,68.31,71.35,68.92,55.61,71.81,81.57,6.3,10,42.62,67.41,Average,Training
E4808,Meenu Kayasth,28,Human Resources,HR Executive,Contract,24 Months,B2,2.3,2.1,99.1,0,27,23,85.19,90.17,82.86,81.27,91.45,67.28,82.48,89.38,0.0,10,50.25,84.45,Excellent,Incentive
E4809,Gauri Rathore,34,Finance,Finance Executive,Full-Time,Permanent,B3,5.9,4.8,95.0,7,37,27,72.97,74.61,78.63,71.27,66.03,66.89,78.61,71.39,3.8,20,70.78,75.11,Good,Incentive
E4810,Umakant Bishnoi,25,Marketing,Marketing Executive,Full-Time,Permanent,B2,2.7,1.0,86.6,11,26,18,69.23,77.88,76.79,74.12,79.03,58.47,73.74,64.9,5.8,25,77.18,74.98,Good,Training
E4811,Nityanand Athawale,32,AI & Data Science,ML Engineer,Contract,12 Months,B3,7.0,3.8,96.2,5,27,16,59.26,70.05,63.55,69.96,69.27,55.51,69.34,61.26,0.0,25,79.31,69.24,Average,Training
E4812,Nikita Banerjee,29,Operations,Operations Executive,Full-Time,Permanent,B3,6.7,5.7,92.9,8,41,33,80.49,71.66,72.21,67.56,73.1,53.44,71.48,81.18,13.3,25,85.23,74.95,Good,Training
E4813,Kajol Dhoni,36,Information Technology,Cloud Engineer,Full-Time,Permanent,B4,10.1,1.8,87.8,11,29,16,55.17,64.25,64.88,63.83,71.1,61.28,68.29,71.46,4.5,15,68.68,66.59,Average,Training
E4814,Mahadevi Nishad,25,Information Technology,DevOps Engineer,Contract,6 Months,B1,0.9,0.2,91.4,6,33,22,66.67,74.77,73.71,67.71,81.78,51.59,75.66,77.05,5.2,15,64.82,73.2,Good,Training
E4815,Juhi Pradhan,41,Sales,Business Development Executive,Full-Time,Permanent,B3,7.1,5.6,86.4,11,42,30,71.43,66.75,74.18,79.62,80.37,64.68,67.32,67.39,10.4,20,78.41,74.36,Good,Training
E4816,Yukta Sawant,27,Customer Support,Support Executive,Full-Time,Permanent,B2,2.4,1.0,69.3,17,27,16,59.26,67.79,61.31,61.54,71.69,48.98,67.82,62.54,0.0,25,68.57,63.98,Average,PIP
E4817,Revati Trivedi,55,AI & Data Science,AI Engineer,Part-Time,6 Months,B4,14.1,3.7,88.3,8,22,18,81.82,73.27,78.79,71.91,82.74,72.63,82.18,88.68,3.6,25,74.45,78.87,Good,Incentive
E4818,Bhagwati Valmiki,57,Sales,Business Development Executive,Full-Time,Permanent,B5,34.0,32.0,96.6,6,46,33,71.74,72.07,74.82,66.99,79.12,69.6,68.46,61.81,23.8,20,58.83,73.35,Good,Training
E4819,Bhavika Nagar,33,Operations,Operations Manager,Full-Time,Permanent,B3,7.0,6.0,92.4,9,25,19,76.0,74.41,71.13,81.83,68.93,71.77,71.68,77.5,0.0,15,59.09,75.64,Good,Training
E4820,Manish Modanwal,46,AI & Data Science,Data Analyst,Full-Time,Permanent,B4,12.1,2.7,91.8,2,44,32,72.73,75.47,73.45,72.79,64.68,65.1,74.68,62.02,6.6,30,81.92,74.0,Good,Training
E4821,Bhoomika Khandelwal,28,Operations,Operations Executive,Full-Time,Permanent,B2,3.9,1.0,91.2,9,31,19,61.29,69.46,68.73,73.74,72.64,55.06,74.62,74.79,1.9,50,81.35,71.66,Good,Training
E4822,Neel Kanetkar,57,Operations,Process Analyst,Full-Time,Permanent,B5,27.8,25.3,94.5,5,23,17,73.91,82.34,75.24,79.24,72.69,76.74,81.78,86.96,0.0,20,74.42,79.32,Good,Incentive
E4823,Brahmi Narayan,35,Information Technology,Software Engineer,Full-Time,Permanent,B4,12.0,0.6,88.4,13,39,29,74.36,69.84,68.6,74.28,79.79,68.29,68.61,76.11,3.1,10,45.76,72.82,Good,Training
E4824,Sulekha Pawar,41,Sales,Business Development Executive,Full-Time,Permanent,B5,16.7,3.6,97.3,2,46,34,73.91,77.34,78.24,73.15,81.18,71.61,81.67,87.76,5.2,20,74.93,79.04,Good,Incentive
E4825,Deepak Holkar,33,Operations,Operations Manager,Contract,12 Months,B3,5.4,0.1,90.8,6,24,14,58.33,55.49,56.15,68.36,80.88,62.86,63.51,64.68,5.4,5,44.26,64.68,Average,Training
E4826,Jaya Baghel,34,AI & Data Science,AI Engineer,Full-Time,Permanent,B2,3.1,0.0,97.3,2,21,17,80.95,72.78,72.86,67.68,71.76,64.16,74.42,86.45,0.0,30,76.97,76.15,Good,Training
E4827,Kalishankar Chaurasiya,47,Finance,Financial Analyst,Full-Time,Permanent,B5,18.5,13.2,90.7,7,21,15,71.43,70.38,74.34,66.67,83.01,82.22,77.95,85.03,1.9,25,69.35,75.52,Good,Training
E4828,Navneet Gond,25,AI & Data Science,Data Analyst,Full-Time,Permanent,B2,2.6,1.7,97.5,6,23,16,69.57,76.97,73.07,77.73,65.25,51.23,74.63,65.4,0.0,20,68.59,73.87,Good,Training
E4829,Manisha Holkar,45,AI & Data Science,Data Scientist,Full-Time,Permanent,B4,12.1,8.1,84.3,15,25,17,68.0,63.7,70.64,65.38,68.03,69.76,70.39,58.73,0.0,20,64.27,68.55,Average,Training
E4830,Suruchi Unadkat,46,Sales,Sales Executive,Full-Time,Permanent,B5,23.2,15.4,80.2,12,28,19,67.86,75.89,69.94,66.01,76.68,82.3,76.55,84.66,2.0,5,44.63,72.05,Good,Training
E4831,Abhijeet Soni,28,Operations,Process Analyst,Full-Time,Permanent,B2,4.3,3.3,92.7,5,37,26,70.27,70.42,66.66,74.44,76.43,67.36,72.17,66.67,0.0,20,74.41,73.21,Good,Training
E4832,Priyamvada Vyas,54,Operations,Operations Manager,Full-Time,Permanent,B5,30.7,1.8,69.2,13,31,19,61.29,66.26,65.79,68.39,65.82,75.44,67.98,63.95,0.8,15,56.47,65.95,Average,PIP
E4833,Nishant Mistry,43,Information Technology,Software Engineer,Contract,12 Months,B4,14.9,4.5,93.1,9,30,22,73.33,76.53,73.26,69.27,69.36,64.35,70.55,69.45,1.4,40,87.06,74.67,Good,Training
E4834,Avani Bandopadhyay,35,Customer Support,Support Analyst,Full-Time,Permanent,B2,4.9,2.0,88.8,7,44,27,61.36,73.75,66.43,65.33,57.83,55.44,67.97,60.71,2.8,15,60.02,66.9,Average,Training
E4835,Shatakshi Shrivastava,44,Customer Support,Support Executive,Full-Time,Permanent,B3,6.1,2.2,96.6,3,57,45,78.95,85.06,77.38,85.31,75.02,62.74,82.86,81.24,23.8,20,70.45,81.03,Excellent,Incentive
E4836,Abhisar Chandrachud,40,Finance,Financial Analyst,Full-Time,Permanent,B4,14.9,6.6,94.7,2,15,11,73.33,81.41,79.7,78.51,68.06,74.68,75.29,67.57,0.0,25,80.23,78.11,Good,Incentive
E4837,Chandrabhan Rastogi,43,Information Technology,System Administrator,Contract,6 Months,B3,6.4,5.9,83.4,6,47,31,65.96,71.1,65.99,69.7,74.68,53.7,69.34,71.95,24.5,15,69.54,69.95,Average,Training
E4838,Pragya Gunji,49,Customer Support,Support Analyst,Full-Time,Permanent,B5,18.0,1.8,77.1,23,40,31,77.5,75.06,78.06,72.4,74.78,83.2,73.57,78.04,3.2,20,62.37,75.5,Good,Incentive
E4839,Vikram Rawat,45,Operations,Process Analyst,Full-Time,Permanent,B4,13.4,4.0,83.5,15,23,17,73.91,71.35,73.4,68.3,64.97,61.65,73.12,63.34,4.3,20,55.1,70.55,Good,Training
E4840,Babulal Yaduvanshi,51,Finance,Financial Analyst,Full-Time,Permanent,B5,28.6,4.4,65.2,11,34,17,50.0,61.4,56.76,71.04,69.11,79.08,63.8,67.04,11.0,20,67.43,63.18,Average,PIP
E4841,Shanta Deshmukh,48,Marketing,Digital Marketing Specialist,Contract,12 Months,B5,15.9,12.5,81.1,10,18,13,72.22,76.13,71.34,80.44,77.79,80.0,77.62,80.27,1.5,20,76.97,76.65,Good,Training
E4842,Janmejay Srivastava,41,AI & Data Science,Data Scientist,Part-Time,12 Months,B5,17.5,1.6,76.9,11,25,10,40.0,55.26,52.93,68.91,83.53,79.04,61.08,76.74,18.4,15,63.81,62.64,Average,Training
E4843,Anokhi Keshari,45,Finance,Financial Analyst,Full-Time,Permanent,B4,13.5,12.8,96.1,8,19,12,63.16,67.59,69.31,78.71,65.81,77.88,70.53,77.08,0.0,20,65.77,72.57,Good,Training
E4844,Kalicharan Kannaujiya,25,Operations,Process Analyst,Full-Time,Permanent,B2,2.3,1.0,86.3,5,23,17,73.91,74.02,69.58,80.16,80.43,55.8,75.07,77.88,0.0,15,68.07,75.16,Good,Training
E4845,Disha Mohapatra,38,Operations,Operations Executive,Full-Time,Permanent,B2,4.4,3.0,91.1,5,27,17,62.96,71.49,67.05,70.63,64.54,48.61,69.53,60.71,0.3,30,86.4,69.65,Average,Training
E4846,Jayprakash Mistry,41,Information Technology,System Administrator,Full-Time,Permanent,B5,15.4,6.9,97.7,4,30,24,80.0,79.65,74.47,74.14,65.92,76.79,75.46,78.2,9.8,20,65.97,77.42,Good,Training
E4847,Mausami Prakash,27,Information Technology,DevOps Engineer,Full-Time,Permanent,B2,3.6,1.2,96.5,0,15,8,53.33,58.82,57.62,61.9,58.63,43.93,61.44,67.86,0.0,25,73.05,62.58,Average,Training
E4848,Giriraj Biswas,36,Customer Support,Customer Success Associate,Full-Time,Permanent,B3,8.7,1.4,97.7,2,41,32,78.05,68.81,71.12,70.65,78.14,58.76,71.94,75.63,8.5,25,85.1,75.45,Good,Training
E4849,Atharva Verma,30,Information Technology,DevOps Engineer,Full-Time,Permanent,B3,5.8,5.1,90.6,9,36,25,69.44,75.47,68.53,71.7,65.65,65.56,68.18,64.64,3.2,30,85.09,72.57,Good,Training
E4850,Dhananjay Tanwar,38,Finance,Financial Analyst,Full-Time,Permanent,B3,6.3,3.0,97.7,2,34,26,76.47,77.39,80.24,77.79,78.55,72.59,78.36,64.32,15.6,30,75.12,78.93,Good,Incentive
E4851,Rambha Pathak,26,Marketing,Marketing Executive,Full-Time,Permanent,B2,3.7,2.7,93.5,5,19,15,78.95,73.54,80.6,72.12,83.98,60.31,76.9,80.71,0.0,15,59.65,77.41,Good,Incentive
E4852,Vilasrao Narayan,39,Customer Support,Customer Success Associate,Full-Time,Permanent,B3,5.3,4.6,90.9,2,29,25,86.21,84.9,81.94,81.45,85.33,71.07,75.79,67.12,4.7,5,45.43,80.77,Excellent,Incentive
E4853,Harsha Tata,28,Marketing,Digital Marketing Specialist,Part-Time,6 Months,B1,1.7,1.6,80.3,11,24,13,54.17,59.7,64.85,59.01,80.12,55.24,68.19,79.96,0.0,25,71.42,65.44,Average,Training
E4854,Swati Umar,32,Information Technology,Cloud Engineer,Full-Time,Permanent,B3,6.6,3.8,93.3,8,16,10,62.5,62.24,66.94,70.84,66.92,64.24,68.72,85.53,0.0,40,91.99,70.92,Good,Training
E4855,Kamini Jaiswal,51,Operations,Operations Manager,Full-Time,Permanent,B4,12.8,6.8,84.3,9,25,16,64.0,76.19,69.22,71.48,83.29,63.55,76.6,83.45,0.0,30,93.43,74.74,Good,Training
E4856,Akanksha Lohia,35,Sales,Business Development Executive,Full-Time,Permanent,B4,9.9,0.6,91.6,9,37,26,70.27,69.75,68.67,64.57,77.37,67.99,69.65,70.62,1.2,15,61.3,71.36,Good,Training
E4857,Gaurish Bhadauria,40,Human Resources,HR Analyst,Full-Time,Permanent,B3,8.5,2.0,82.8,6,23,15,65.22,75.36,73.7,69.92,71.05,64.49,75.54,71.75,14.4,20,76.48,72.43,Good,Training
E4858,Suruchi Atrey,38,Finance,Financial Analyst,Full-Time,Permanent,B4,11.2,6.2,97.8,1,18,10,55.56,59.26,55.93,58.93,72.67,60.48,67.95,79.61,6.8,20,76.57,65.73,Average,Training
E4859,Raghu Rathi,27,Operations,Operations Executive,Full-Time,Permanent,B1,1.6,0.2,91.6,9,44,28,63.64,68.71,69.01,72.62,70.03,61.52,67.78,66.85,17.4,25,79.62,71.05,Good,Training
E4860,Barkha Barjatya,25,Finance,Accountant,Full-Time,Permanent,B1,1.5,0.2,87.3,12,42,24,57.14,72.09,70.07,64.44,74.16,50.77,67.05,64.82,7.4,25,69.22,68.3,Average,Training
E4861,Maheshwari Dey,55,Marketing,Marketing Executive,Contract,24 Months,B5,21.4,6.2,99.7,2,23,19,82.61,75.84,79.27,80.14,84.47,87.72,75.76,66.99,11.7,15,57.49,80.49,Excellent,Incentive
E4862,Geetanjali Dixit,53,Sales,Business Development Executive,Full-Time,Permanent,B5,23.9,0.9,91.8,6,23,18,78.26,82.76,74.61,74.11,79.62,81.95,77.87,70.55,0.0,20,64.77,78.36,Good,Training
E4863,Mohini Ambani,49,AI & Data Science,Data Analyst,Full-Time,Permanent,B3,8.6,6.2,90.6,7,26,18,69.23,71.78,73.95,71.92,66.86,68.36,71.61,65.73,0.0,30,73.04,72.72,Good,Training
E4864,Rinkesh Ketkar,54,Customer Support,Customer Success Associate,Full-Time,Permanent,B4,9.8,4.9,96.3,2,24,16,66.67,73.15,66.22,68.26,63.76,71.4,71.86,68.01,0.0,10,59.41,70.69,Good,Training
E4865,Purvi Rout,24,Operations,Process Analyst,Full-Time,Permanent,B1,1.2,1.1,91.5,10,40,27,67.5,78.14,69.46,74.7,81.49,64.97,74.61,77.87,18.3,20,78.11,75.55,Good,Training
E4866,Vimal Chaubey,39,AI & Data Science,Data Analyst,Full-Time,Permanent,B4,10.3,9.4,81.0,15,27,18,66.67,77.03,74.72,73.57,84.05,65.27,81.36,87.71,4.6,30,91.8,76.61,Good,Training
E4867,Mudita Goel,26,Customer Support,Support Executive,Full-Time,Permanent,B2,2.8,1.6,88.1,9,28,21,75.0,69.51,70.89,65.74,65.15,54.06,71.26,80.57,12.3,20,73.87,71.48,Good,Training
E4868,Shriram Anand,54,Finance,Financial Analyst,Full-Time,Permanent,B5,31.4,0.0,96.7,3,23,16,69.57,79.64,73.83,77.12,69.6,79.44,75.11,71.87,8.4,25,65.05,76.23,Good,Training
E4869,Upagya Pandey,47,AI & Data Science,Data Analyst,Part-Time,12 Months,B3,6.5,0.5,97.8,1,30,19,63.33,59.42,61.14,69.21,71.39,52.82,65.93,59.89,8.5,15,54.79,66.56,Average,Training
E4870,Amartya Trivedi,46,AI & Data Science,ML Engineer,Full-Time,Permanent,B4,10.8,1.1,73.1,20,31,23,74.19,72.06,69.92,68.39,83.13,63.76,73.62,82.02,3.6,40,93.3,73.94,Good,Training
E4871,Avkash Supriyo,39,Sales,Sales Executive,Full-Time,Permanent,B4,12.8,12.1,94.1,8,49,30,61.22,61.27,59.74,60.61,73.12,61.6,63.12,57.2,21.7,25,62.53,65.37,Average,Training
E4872,Avani Nahar,49,Human Resources,HR Analyst,Full-Time,Permanent,B5,20.7,8.4,94.3,5,30,23,76.67,78.13,72.95,80.3,85.05,92.06,75.18,70.84,3.8,20,57.1,78.9,Good,Training
E4873,Pushpa Gaitonde,49,Customer Support,Support Executive,Full-Time,Permanent,B5,15.2,9.4,94.0,9,58,38,65.52,64.04,64.96,71.22,65.84,75.11,68.94,66.88,19.1,40,99.87,71.39,Good,Training
E4874,Sulekha Baghel,24,AI & Data Science,AI Engineer,Full-Time,Permanent,B1,1.0,0.3,97.6,6,35,20,57.14,54.75,58.28,71.25,83.28,55.81,67.4,84.43,7.2,15,47.91,67.08,Average,Training
E4875,Vidisha Barjatya,25,Operations,Operations Executive,Contract,24 Months,B2,2.6,1.8,65.8,22,47,30,63.83,63.37,65.7,62.79,62.57,46.71,61.2,57.39,16.1,15,62.03,62.56,Average,PIP
E4876,Anju Rawal,39,Human Resources,HR Analyst,Contract,6 Months,B4,11.1,8.9,82.1,6,22,10,45.45,64.15,54.04,55.61,66.5,60.85,62.27,79.53,0.0,30,78.16,61.79,Average,Training
E4877,Arunima Chandrachud,29,Operations,Process Analyst,Full-Time,Permanent,B3,6.0,0.1,92.6,10,24,19,79.17,84.23,79.95,74.2,81.02,72.15,77.02,64.29,0.0,25,70.55,79.2,Good,Incentive
E4878,Vipul Rode,37,Finance,Accountant,Full-Time,Permanent,B4,13.6,10.7,81.9,14,37,23,62.16,61.02,65.81,59.75,80.14,70.32,70.05,75.05,0.6,15,65.62,67.57,Average,Training
E4879,Vinod Mahajan,55,Information Technology,Software Engineer,Full-Time,Permanent,B4,11.3,6.3,96.3,1,17,13,76.47,74.06,75.21,82.97,84.33,79.24,73.51,81.84,0.0,25,68.93,79.55,Good,Incentive
E4880,Ikshita Narayan,51,Operations,Operations Executive,Full-Time,Permanent,B5,25.0,11.2,90.7,7,32,25,78.12,70.39,75.18,69.28,70.61,70.26,73.68,87.24,0.0,5,35.77,73.42,Good,Training
E4881,Mandira Yaduvanshi,27,AI & Data Science,AI Engineer,Full-Time,Permanent,B2,3.5,1.9,91.9,4,34,23,67.65,63.25,70.87,78.65,76.9,59.05,72.06,84.08,4.2,20,58.79,72.64,Good,Training
E4882,Harsha Mandal,28,Customer Support,Customer Success Associate,Contract,24 Months,B3,5.0,5.0,90.4,6,36,27,75.0,72.22,76.86,77.59,65.51,51.66,69.88,63.12,8.6,30,76.13,73.88,Good,Training
E4883,Kaushiki Dikshit,26,Marketing,Digital Marketing Specialist,Full-Time,Permanent,B2,3.9,0.8,96.0,0,21,14,66.67,65.79,72.06,67.42,71.5,61.2,73.81,84.56,0.9,15,61.69,71.6,Good,Training
E4884,Ridhima Mehta,47,Information Technology,Software Engineer,Part-Time,6 Months,B4,10.5,0.8,93.5,7,37,27,72.97,73.27,70.67,74.41,64.31,58.14,69.78,66.03,1.4,25,64.84,72.42,Good,Training
E4885,Kripashankar Choudhuri,25,Information Technology,System Administrator,Full-Time,Permanent,B2,2.1,1.2,86.1,11,24,20,83.33,80.64,79.45,74.03,73.47,55.61,76.55,69.6,4.7,40,94.37,78.38,Good,Incentive
E4886,Chandrashekhar Kashyap,49,Operations,Process Analyst,Part-Time,12 Months,B4,9.5,5.8,81.8,8,42,26,61.9,65.0,60.75,69.55,72.89,70.15,65.4,63.06,12.1,30,94.72,68.72,Average,Training
E4887,Madhurima Sengupta,23,Information Technology,Cloud Engineer,Contract,6 Months,B1,0.8,0.3,80.6,13,17,12,70.59,73.02,75.19,70.89,78.62,58.57,73.78,85.36,0.0,40,94.52,74.99,Good,Training
E4888,Uday Gaur,38,Customer Support,Support Executive,Full-Time,Permanent,B4,12.5,6.9,68.8,12,36,22,61.11,63.52,62.1,73.61,75.9,70.07,66.1,73.08,13.8,25,77.42,67.85,Average,PIP
E4889,Bharat Vyas,33,Customer Support,Support Analyst,Full-Time,Permanent,B4,9.5,1.6,82.8,11,28,20,71.43,73.56,68.07,65.77,59.1,64.12,66.35,64.22,4.6,30,81.02,69.8,Average,Training
E4890,Preyash Nag,23,Marketing,Marketing Executive,Full-Time,Permanent,B1,1.0,0.1,93.9,10,24,19,79.17,79.03,75.56,84.75,82.11,67.73,75.02,76.41,0.0,10,63.47,79.51,Good,Incentive
E4891,Aniket Bhargav,31,Information Technology,Software Engineer,Full-Time,Permanent,B3,8.8,0.7,97.4,3,39,26,66.67,69.54,73.47,70.22,84.14,69.26,72.26,84.71,12.7,15,56.54,74.28,Good,Training
E4892,Lakshmi Basu,44,Operations,Operations Executive,Full-Time,Permanent,B5,17.9,17.5,97.8,2,35,23,65.71,61.07,62.13,64.26,75.88,76.67,66.44,81.84,12.1,10,45.75,68.88,Average,Training
E4893,Rupa Rai,49,Finance,Financial Analyst,Full-Time,Permanent,B4,14.9,9.7,83.1,12,17,14,82.35,86.14,80.78,80.65,83.01,67.71,82.93,76.49,0.0,20,69.59,80.94,Excellent,Incentive
E4894,Mitali Lohia,47,Information Technology,Software Engineer,Full-Time,Permanent,B5,16.5,1.1,90.9,4,22,16,72.73,76.64,75.18,68.87,71.0,67.96,72.35,64.41,0.0,15,61.46,73.51,Good,Training
E4895,Suneeti Haldar,46,Customer Support,Support Executive,Full-Time,Permanent,B4,12.0,5.4,93.3,4,41,34,82.93,84.74,82.58,75.41,65.33,61.52,79.0,77.32,11.9,25,71.16,79.16,Good,Incentive
E4896,Kamya Maken,41,AI & Data Science,Data Analyst,Full-Time,Permanent,B4,12.1,7.5,94.6,5,41,27,65.85,74.7,72.13,79.9,75.33,73.81,75.2,83.29,2.1,40,96.68,77.33,Good,Training
E4897,Palki Khemka,24,Information Technology,Software Engineer,Full-Time,Permanent,B1,1.9,0.4,91.0,7,30,19,63.33,74.34,64.96,72.51,67.59,46.12,66.42,65.68,6.5,30,75.11,69.8,Average,Training
E4898,Nitin Dabral,54,AI & Data Science,Data Scientist,Full-Time,Permanent,B3,8.5,7.9,68.6,24,27,15,55.56,65.32,66.63,64.05,65.91,68.42,68.53,76.0,5.2,30,85.13,66.09,Average,PIP
E4899,Kalyani Khaitan,50,Operations,Operations Executive,Part-Time,6 Months,B5,19.4,19.4,70.2,15,45,25,55.56,68.14,64.49,71.74,68.36,79.19,67.57,71.24,17.8,20,77.33,67.61,Average,PIP
E4900,Chandan Goyal,35,AI & Data Science,Data Analyst,Contract,24 Months,B2,4.2,0.9,93.0,4,45,30,66.67,63.31,68.49,67.23,75.44,60.08,69.92,67.47,6.9,30,78.26,70.49,Good,Training
E4901,Pritish Dadhich,37,Information Technology,Software Engineer,Full-Time,Permanent,B4,13.9,10.7,81.7,12,39,28,71.79,79.48,80.12,81.75,72.62,65.02,78.59,90.92,13.1,5,50.38,76.65,Good,Incentive
E4902,Sanjeev Sarkar,49,Finance,Accountant,Full-Time,Permanent,B4,12.3,4.2,86.8,8,23,13,56.52,63.72,67.19,77.56,76.94,78.91,67.19,62.73,0.0,25,81.54,70.64,Good,Training
E4903,Ram Giri,49,Information Technology,Software Engineer,Full-Time,Permanent,B5,25.9,7.3,93.3,4,29,15,51.72,52.42,57.08,56.15,73.48,67.79,63.67,71.73,3.4,10,61.54,62.52,Average,Training
E4904,Shriram Bala,23,Human Resources,HR Executive,Part-Time,12 Months,B1,0.3,0.1,90.7,10,18,12,66.67,71.79,67.95,67.16,79.65,50.22,65.52,62.77,0.0,30,77.61,70.88,Good,Training
E4905,Ramashankar Kayasth,29,Information Technology,DevOps Engineer,Full-Time,Permanent,B2,4.3,0.7,83.1,11,32,18,56.25,67.16,63.94,74.94,66.86,64.72,65.83,78.09,5.8,40,85.98,69.07,Average,Training
E4906,Lipi Raina,30,Information Technology,Software Engineer,Contract,6 Months,B3,5.0,4.2,91.1,9,15,9,60.0,60.31,61.26,72.4,75.88,54.48,70.21,81.52,0.0,25,83.42,69.28,Average,Training
E4907,Lavkush Misra,32,AI & Data Science,Data Analyst,Contract,6 Months,B3,7.6,4.9,94.6,4,40,30,75.0,66.42,67.94,61.54,81.2,58.68,70.18,73.09,13.7,30,89.36,72.78,Good,Training
E4908,Upagya Kulkarni,43,Information Technology,System Administrator,Full-Time,Permanent,B4,9.5,1.2,91.5,8,45,27,60.0,68.03,67.67,74.3,70.22,67.58,72.17,75.95,22.1,30,81.84,71.55,Good,Training
E4909,Mukul Nautiyal,53,Operations,Operations Manager,Full-Time,Permanent,B3,8.9,3.1,91.5,5,28,22,78.57,73.08,79.62,78.44,78.71,63.81,74.93,74.26,0.0,20,70.87,77.67,Good,Incentive
E4910,Upagya Sinha,49,Operations,Process Analyst,Full-Time,Permanent,B5,15.8,1.3,67.6,18,41,23,56.1,59.24,60.15,62.2,63.38,71.6,64.08,70.96,4.3,10,51.36,61.65,Average,PIP
E4911,Anugya Das,49,Finance,Accountant,Full-Time,Permanent,B4,12.4,1.4,82.2,10,32,21,65.62,62.0,67.37,76.74,67.89,69.88,65.94,66.36,6.2,25,69.29,69.34,Average,Training
E4912,Anushree Bisht,26,Operations,Operations Manager,Full-Time,Permanent,B2,3.4,1.8,98.0,0,31,23,74.19,83.19,81.28,87.57,74.25,67.82,81.5,76.18,3.8,10,54.68,80.17,Excellent,Incentive
E4913,Ayush Khurrana,41,AI & Data Science,Data Scientist,Part-Time,6 Months,B4,10.3,9.7,84.5,5,21,13,61.9,71.66,62.94,71.8,81.21,61.31,66.21,67.67,0.0,25,79.17,70.53,Good,Training
E4914,Mansi Shastry,49,AI & Data Science,AI Engineer,Contract,24 Months,B3,8.3,2.3,96.6,6,31,20,64.52,60.84,63.71,72.17,85.88,68.76,71.8,85.4,0.0,30,78.82,72.67,Good,Training
E4915,Marutanjali Bhat,39,Human Resources,HR Analyst,Full-Time,Permanent,B4,11.7,9.3,97.4,8,35,27,77.14,83.65,83.13,75.65,62.2,64.37,80.57,67.16,4.3,5,41.07,76.55,Good,Incentive
E4916,Swati Sonkar,44,Sales,Business Development Executive,Full-Time,Permanent,B4,9.1,1.3,94.7,10,44,36,81.82,85.93,81.48,76.74,65.67,58.64,80.8,73.61,14.9,25,67.6,78.97,Good,Incentive
E4917,Nitisha Bhattacharya,43,Finance,Accountant,Full-Time,Permanent,B4,12.7,12.0,94.6,9,34,29,85.29,85.31,86.5,73.89,83.27,64.88,83.5,67.67,7.4,25,76.73,82.07,Excellent,Incentive
E4918,Shreejesh Trivedi,45,Human Resources,Talent Acquisition Specialist,Full-Time,Permanent,B3,7.3,0.7,90.6,3,35,25,71.43,77.75,75.36,70.98,66.28,54.09,78.8,84.26,3.5,5,54.54,73.6,Good,Training
E4919,Deepa Prajapati,47,Sales,Sales Executive,Full-Time,Permanent,B4,14.6,14.3,88.3,14,35,23,65.71,76.87,67.2,72.75,77.95,65.13,76.45,81.43,5.7,30,89.36,74.62,Good,Training
E4920,Ajay Gujjar,42,AI & Data Science,ML Engineer,Full-Time,Permanent,B4,9.8,0.4,94.0,7,23,15,65.22,71.5,73.41,65.26,74.15,56.68,73.62,76.03,3.2,15,61.17,71.5,Good,Training
E4921,Koustubh Bala,29,Finance,Accountant,Part-Time,6 Months,B2,2.5,2.4,71.5,19,30,18,60.0,57.47,62.59,68.6,64.75,57.22,60.97,58.75,10.9,25,68.88,63.21,Average,PIP
E4922,Himani Maali,51,Human Resources,Talent Acquisition Specialist,Full-Time,Permanent,B5,17.7,16.1,88.0,10,44,29,65.91,73.89,66.36,76.52,68.75,67.72,69.51,72.36,15.6,15,71.75,72.14,Good,Training
E4923,Akanksha Khaitan,24,AI & Data Science,Data Scientist,Full-Time,Permanent,B1,1.8,0.2,92.7,5,27,21,77.78,79.02,81.22,84.41,90.56,71.29,78.52,82.14,10.5,20,71.36,81.86,Excellent,Incentive
E4924,Saras Baghel,28,Information Technology,Cloud Engineer,Full-Time,Permanent,B3,5.4,3.0,97.1,3,38,28,73.68,68.07,67.8,72.63,83.01,58.97,66.47,73.09,3.7,15,52.81,72.91,Good,Training
E4925,Ruchika Bhatt,27,Human Resources,HR Executive,Full-Time,Permanent,B2,4.4,2.6,97.5,7,25,20,80.0,86.08,85.36,81.24,80.32,62.23,83.11,88.0,2.8,5,47.2,81.71,Excellent,Incentive
E4926,Ashirwad Ranaut,56,Operations,Process Analyst,Contract,24 Months,B5,28.1,0.1,66.5,16,24,13,54.17,65.05,61.94,69.87,67.25,77.79,67.15,75.31,2.5,30,89.11,66.5,Average,PIP
E4927,Vallabh Bhasin,35,Finance,Accountant,Full-Time,Permanent,B4,11.7,5.6,83.6,12,25,13,52.0,60.54,59.04,72.17,60.28,67.51,59.22,62.05,7.8,30,83.77,64.58,Average,Training
E4928,Sonia Rawal,43,Information Technology,Cloud Engineer,Full-Time,Permanent,B5,18.1,12.5,70.6,19,29,10,34.48,56.02,50.24,57.03,59.3,65.89,60.02,61.55,3.8,20,69.66,55.51,Needs Improvement,PIP
E4929,Sharda Dubey,43,Human Resources,HR Executive,Full-Time,Permanent,B4,10.3,2.1,96.5,6,27,17,62.96,59.6,68.86,70.57,72.88,61.06,65.05,68.86,1.0,25,79.0,69.93,Average,Training
E4930,Abhay Malik,42,Finance,Accountant,Full-Time,Permanent,B5,19.4,16.6,90.3,3,29,18,62.07,65.72,68.95,71.82,64.16,84.71,67.74,67.22,7.2,20,63.99,69.91,Average,Training
E4931,Tarika Khurrana,40,Operations,Operations Executive,Full-Time,Permanent,B4,13.6,11.2,93.9,3,28,17,60.71,58.33,67.07,63.88,71.74,64.85,71.55,78.5,9.5,25,71.73,68.39,Average,Training
E4932,Rajkumar Chopra,33,Human Resources,HR Analyst,Part-Time,6 Months,B4,9.3,3.1,93.2,9,22,8,36.36,55.22,50.67,58.55,67.08,69.24,57.55,54.44,0.3,15,49.73,57.7,Needs Improvement,PIP
E4933,Janmejay Hazari,44,Information Technology,Cloud Engineer,Full-Time,Permanent,B4,12.4,6.0,96.9,7,20,14,70.0,71.66,75.77,82.39,82.72,72.67,78.08,88.23,0.0,5,33.64,76.57,Good,Incentive
E4934,Sumitra Kayasth,28,Customer Support,Support Analyst,Full-Time,Permanent,B3,5.5,4.1,85.4,7,24,19,79.17,81.03,79.65,81.46,64.54,58.5,75.14,65.94,7.9,25,82.14,77.28,Good,Incentive
E4935,Avdhesh Rathod,36,Finance,Finance Executive,Contract,24 Months,B3,7.2,7.1,94.4,10,37,31,83.78,78.03,79.14,74.07,84.04,61.49,76.63,73.96,11.1,20,62.64,78.83,Good,Incentive
E4936,Kavindra Rao,42,AI & Data Science,AI Engineer,Contract,24 Months,B4,13.6,9.2,97.4,6,18,17,94.44,86.01,86.73,85.96,71.35,79.95,84.07,79.58,0.0,5,55.97,84.82,Excellent,Incentive
E4937,Lavanya Ranaut,54,Information Technology,DevOps Engineer,Contract,12 Months,B5,23.3,3.1,82.1,10,18,11,61.11,73.36,63.73,63.3,68.35,70.78,73.41,81.62,5.9,40,84.63,69.79,Average,Training
E4938,Madhu Mondal,36,Operations,Operations Manager,Full-Time,Permanent,B3,5.0,1.0,92.2,3,18,14,77.78,84.45,82.0,85.8,82.5,65.41,76.88,75.18,3.4,30,87.04,82.2,Excellent,Incentive
E4939,Balwant Mantri,30,Information Technology,Cloud Engineer,Part-Time,6 Months,B3,6.3,5.0,91.0,7,16,11,68.75,66.75,71.44,66.63,71.03,54.54,72.42,71.45,0.0,30,73.3,70.82,Good,Training
E4940,Anjani Lakhotia,44,Human Resources,HR Executive,Full-Time,Permanent,B5,15.7,3.5,75.4,12,33,21,63.64,72.28,68.02,78.16,80.91,70.35,73.26,76.22,3.7,20,58.83,71.88,Good,Training
E4941,Rishabh Raje,32,Human Resources,HR Analyst,Part-Time,6 Months,B3,7.1,7.0,82.2,8,31,21,67.74,71.56,70.92,63.97,72.26,68.85,73.34,74.34,6.6,40,96.36,72.22,Good,Training
E4942,Radha Oberoi,43,Marketing,Digital Marketing Specialist,Full-Time,Permanent,B5,20.0,4.8,92.3,6,36,27,75.0,73.53,76.6,74.6,85.08,80.73,79.15,77.16,8.0,25,84.07,78.75,Good,Incentive
E4943,Bhagwat Jain,55,Customer Support,Customer Success Associate,Full-Time,Permanent,B5,25.0,15.7,92.0,7,26,19,73.08,69.16,71.1,75.84,68.84,81.48,77.48,84.38,0.0,20,73.79,75.32,Good,Training
E4944,Juli Dutta,48,Operations,Process Analyst,Full-Time,Permanent,B3,7.2,0.7,93.3,3,41,35,85.37,89.67,87.74,83.98,81.79,62.84,83.93,74.65,12.9,10,44.42,82.81,Excellent,Incentive
E4945,Sanjeet Gond,23,Sales,Business Development Executive,Full-Time,Permanent,B1,0.4,0.1,96.7,7,28,21,75.0,80.01,74.44,73.15,60.35,52.68,70.52,61.13,6.2,50,88.81,74.75,Good,Training
E4946,Bheeshma Marandi,48,Customer Support,Support Executive,Full-Time,Permanent,B5,22.3,10.8,94.1,2,45,30,66.67,66.5,69.39,62.44,63.19,79.85,68.08,60.0,1.1,30,82.38,69.99,Average,Training
E4947,Chhotelal Pandit,31,Marketing,Digital Marketing Specialist,Part-Time,6 Months,B3,8.3,3.0,93.4,7,33,22,66.67,65.93,69.53,71.22,69.54,67.52,68.07,72.57,6.9,30,90.47,72.23,Good,Training
E4948,Khushi Dhanuka,26,Operations,Operations Manager,Full-Time,Permanent,B1,1.4,0.1,80.6,15,18,13,72.22,80.19,72.32,68.99,75.29,55.37,80.41,84.58,6.5,10,61.13,73.72,Good,Training
E4949,Niyati Chandravanshi,45,Customer Support,Support Analyst,Contract,24 Months,B4,11.7,6.4,73.7,20,42,28,66.67,69.71,72.48,66.84,58.25,55.1,66.97,58.95,11.7,10,45.14,65.86,Average,PIP
E4950,Aditya Singh,30,Customer Support,Support Executive,Full-Time,Permanent,B2,4.2,0.5,81.3,5,39,29,74.36,70.06,76.93,69.76,74.44,63.65,73.64,76.77,1.4,25,84.67,74.18,Good,Training
E4951,Manu Bhatnagar,55,Information Technology,DevOps Engineer,Full-Time,Permanent,B5,30.0,29.4,93.5,8,33,26,78.79,74.05,79.79,73.42,73.22,77.57,74.93,73.15,8.2,20,57.7,76.75,Good,Incentive
E4952,Kishan Advani,38,Finance,Accountant,Full-Time,Permanent,B3,7.4,6.1,93.3,10,23,16,69.57,78.46,70.11,70.21,63.43,67.16,73.72,65.8,2.7,50,92.24,73.87,Good,Training
E4953,Shivanshi Tyagi,29,Human Resources,HR Executive,Full-Time,Permanent,B2,4.8,2.9,82.6,7,17,9,52.94,66.62,60.47,58.85,58.22,50.57,68.24,61.73,0.0,30,75.2,62.7,Average,Training
E4954,Lavkush Bhadauria,31,AI & Data Science,Data Scientist,Full-Time,Permanent,B3,6.0,5.8,90.0,2,30,22,73.33,79.6,78.39,70.22,87.06,65.58,79.97,84.82,0.0,30,89.9,78.95,Good,Incentive
E4955,Karn Rajawat,25,AI & Data Science,Data Scientist,Full-Time,Permanent,B2,2.3,0.2,93.4,3,32,24,75.0,72.45,70.32,76.25,69.1,57.25,71.24,68.72,10.2,15,68.72,73.65,Good,Training
E4956,Lavanya Khera,32,Operations,Operations Manager,Part-Time,6 Months,B2,2.9,0.4,91.0,4,20,19,95.0,92.17,92.99,85.79,79.99,65.75,85.19,85.54,0.0,15,55.22,86.58,Excellent,Incentive
E4957,Sulabh Atrey,57,Marketing,Marketing Executive,Contract,24 Months,B5,30.0,14.5,92.3,4,20,17,85.0,87.36,85.99,89.57,89.63,89.16,86.27,90.12,2.7,15,59.06,86.61,Excellent,Promotion
E4958,Harshal Rajawat,39,AI & Data Science,Data Scientist,Full-Time,Permanent,B4,14.6,11.9,93.6,9,28,26,92.86,92.31,86.97,84.72,81.9,71.32,88.6,86.0,0.0,50,82.39,87.49,Excellent,Incentive
E4959,Tejasvi Khemka,38,AI & Data Science,Data Scientist,Full-Time,Permanent,B3,8.0,5.4,99.6,7,32,24,75.0,73.06,78.79,69.94,76.14,71.64,70.02,62.52,7.5,15,62.59,75.43,Good,Training
E4960,Nirmal Baghel,42,Information Technology,DevOps Engineer,Full-Time,Permanent,B4,12.7,10.3,94.7,7,22,19,86.36,82.07,86.9,82.05,86.57,74.81,82.03,86.59,0.0,20,72.64,84.54,Excellent,Incentive
E4961,Swara Umrao,27,Information Technology,DevOps Engineer,Full-Time,Permanent,B2,2.9,2.1,71.5,14,18,13,72.22,65.3,69.6,75.78,69.58,55.1,72.92,74.92,0.0,30,77.97,70.59,Good,Training
E4962,Sonu Tagore,50,Human Resources,Talent Acquisition Specialist,Full-Time,Permanent,B4,12.6,2.6,84.2,13,36,23,63.89,70.25,64.9,64.29,71.84,64.95,65.72,66.04,9.5,50,77.32,68.81,Average,Training
E4963,Rukmini Shastri,27,Human Resources,HR Analyst,Full-Time,Permanent,B2,4.1,2.2,94.2,9,30,21,70.0,69.53,71.66,73.56,59.38,61.96,67.85,60.62,4.3,30,85.41,71.86,Good,Training
E4964,Sandeep Didwania,24,Information Technology,System Administrator,Full-Time,Permanent,B1,0.9,0.1,96.7,1,32,27,84.38,74.22,76.82,71.93,63.31,55.86,76.42,75.3,9.9,20,67.83,75.87,Good,Incentive
E4965,Madhurima Vishwakarma,43,Human Resources,Talent Acquisition Specialist,Full-Time,Permanent,B3,7.2,6.6,93.2,6,40,28,70.0,79.83,70.0,76.37,68.85,70.82,72.16,60.93,1.9,20,76.77,74.67,Good,Training
E4966,Bhoomika Mantri,40,AI & Data Science,Data Analyst,Part-Time,6 Months,B3,8.2,3.3,83.1,7,27,14,51.85,64.73,60.59,69.43,80.47,72.39,67.96,67.99,2.7,5,32.62,65.39,Average,Training
E4967,Ratnesh Khanna,34,Information Technology,Cloud Engineer,Full-Time,Permanent,B3,5.0,2.0,90.7,2,33,23,69.7,66.3,66.45,62.53,59.37,59.42,64.57,61.64,1.0,30,88.12,68.44,Average,Training
E4968,Sadhana Atlani,37,Marketing,Marketing Analyst,Full-Time,Permanent,B4,10.3,9.8,96.4,3,31,26,83.87,84.64,79.38,87.77,77.9,74.05,82.06,74.65,7.5,15,47.62,81.7,Excellent,Incentive
E4969,Rajyawardhan Kejriwal,23,Information Technology,System Administrator,Part-Time,12 Months,B1,0.5,0.0,97.2,7,34,27,79.41,71.4,75.74,66.4,71.73,53.81,74.47,83.44,7.9,10,44.82,73.66,Good,Training
E4970,Palash Sahay,53,Information Technology,Software Engineer,Full-Time,Permanent,B5,24.0,9.4,71.0,22,26,11,42.31,56.01,57.15,59.27,63.88,67.24,64.55,70.16,6.9,40,94.75,60.53,Average,PIP
E4971,Vedang Gujjar,40,Finance,Financial Analyst,Full-Time,Permanent,B3,8.7,7.7,68.5,21,24,13,54.17,69.01,58.78,75.37,65.16,55.06,62.67,63.03,0.0,15,66.25,64.32,Average,PIP
E4972,Banshidhar Gehlot,39,Information Technology,Software Engineer,Full-Time,Permanent,B4,12.9,10.1,86.7,9,24,18,75.0,78.69,76.98,78.11,78.24,76.5,78.2,84.76,5.2,25,82.7,78.92,Good,Incentive
E4973,Tripurari Bala,42,Information Technology,DevOps Engineer,Full-Time,Permanent,B4,10.6,1.8,85.2,7,23,16,69.57,79.41,72.84,73.25,81.12,66.61,76.62,77.98,3.2,25,78.08,75.86,Good,Training
E4974,Ramnik Shastri,56,Operations,Operations Executive,Full-Time,Permanent,B5,30.2,17.8,96.2,0,28,20,71.43,76.04,71.52,82.56,75.37,86.9,70.65,75.83,4.0,15,72.29,77.67,Good,Training
E4975,Tanmay Gautam,35,Operations,Operations Executive,Full-Time,Permanent,B2,4.9,1.8,92.8,7,20,14,70.0,76.07,70.54,76.6,66.52,66.27,72.75,81.85,0.0,30,75.97,74.76,Good,Training
E4976,Nilesh Shukla,49,Operations,Process Analyst,Full-Time,Permanent,B5,25.6,4.5,97.2,6,27,21,77.78,75.17,76.03,80.41,76.36,89.93,75.39,78.65,6.9,30,88.54,80.39,Excellent,Incentive
E4977,Damini Mantri,48,Information Technology,Software Engineer,Full-Time,Permanent,B5,15.4,14.7,94.2,5,22,16,72.73,77.92,76.11,83.72,66.36,81.24,75.69,72.95,0.0,30,73.88,77.82,Good,Incentive
E4978,Amrish Paswan,34,Finance,Financial Analyst,Contract,6 Months,B3,8.0,7.8,92.7,8,22,11,50.0,59.73,60.68,71.07,74.63,69.14,60.09,61.18,0.0,5,48.68,64.91,Average,Training
E4979,Sheetal Ojha,24,Information Technology,Software Engineer,Full-Time,Permanent,B1,1.7,0.9,92.1,10,40,22,55.0,66.27,60.74,59.4,80.59,53.33,69.83,71.62,9.7,40,89.09,67.67,Average,Training
E4980,Dhyanendra Shah,56,Finance,Financial Analyst,Contract,12 Months,B5,31.0,3.3,71.7,17,16,12,75.0,72.72,69.94,74.0,85.64,81.85,73.92,85.01,4.6,10,53.33,74.19,Good,Training
E4981,Hemlata Pathak,51,Operations,Operations Executive,Part-Time,6 Months,B5,17.6,10.6,94.1,3,28,18,64.29,68.65,71.71,78.74,81.84,86.92,67.63,70.73,2.0,15,66.41,74.69,Good,Training
E4982,Hamsika Mukhopadhyay,55,Customer Support,Support Analyst,Full-Time,Permanent,B5,24.3,21.7,92.4,2,27,20,74.07,66.85,71.53,71.11,67.94,77.12,70.74,60.98,0.0,10,51.76,71.6,Good,Training
E4983,Shuchi Lokhande,31,Customer Support,Customer Success Associate,Full-Time,Permanent,B2,2.5,1.1,82.7,10,32,20,62.5,64.79,69.07,70.23,72.07,63.35,71.19,79.58,11.2,25,81.71,70.26,Good,Training
E4984,Indumati Shrivastava,31,AI & Data Science,Data Scientist,Full-Time,Permanent,B2,2.4,2.3,94.8,10,30,26,86.67,88.96,81.09,74.88,78.02,62.27,81.57,85.15,9.0,20,55.99,81.27,Excellent,Incentive
E4985,Akanksha Malik,25,Human Resources,HR Executive,Full-Time,Permanent,B1,1.4,0.6,92.9,9,30,25,83.33,75.3,80.54,76.19,69.92,63.49,74.41,63.93,3.4,30,73.67,77.36,Good,Incentive
E4986,Chirag Purohit,54,Sales,Business Development Executive,Full-Time,Permanent,B4,12.9,10.8,85.9,6,24,18,75.0,79.21,74.68,70.75,70.68,75.0,78.15,79.25,0.0,15,64.52,75.45,Good,Training
E4987,Kesari Parmar,50,Finance,Financial Analyst,Full-Time,Permanent,B4,9.9,5.7,88.8,9,34,24,70.59,71.56,66.91,63.94,78.26,69.75,71.65,65.22,10.5,50,75.61,71.77,Good,Training
E4988,Vijay Roy,40,Information Technology,DevOps Engineer,Full-Time,Permanent,B3,5.8,4.6,91.1,4,34,28,82.35,84.46,77.85,84.75,76.67,56.82,82.77,85.86,0.0,5,53.49,80.14,Excellent,Incentive
E4989,Ashok Kher,27,Operations,Process Analyst,Full-Time,Permanent,B2,2.2,0.9,97.0,0,31,25,80.65,77.32,73.43,73.11,65.0,60.7,76.8,77.71,14.8,40,95.92,77.43,Good,Training
E4990,Savitri Kashyap,44,Information Technology,Software Engineer,Full-Time,Permanent,B4,11.9,10.9,96.5,2,27,20,74.07,71.8,77.56,83.0,71.76,62.65,70.97,64.43,0.0,40,95.99,77.49,Good,Incentive
E4991,Subhadra Adarsh,34,Information Technology,DevOps Engineer,Full-Time,Permanent,B4,10.1,6.5,92.0,3,16,8,50.0,64.14,57.28,66.92,72.98,68.07,67.05,82.09,0.0,20,55.88,65.9,Average,Training
E4992,Janhvi Ghosh,23,Operations,Process Analyst,Contract,24 Months,B1,0.5,0.4,85.7,14,35,19,54.29,59.31,65.03,58.51,68.89,43.04,62.77,58.84,5.1,20,61.09,62.32,Average,Training
E4993,Shayantani Narayan,40,Finance,Finance Executive,Full-Time,Permanent,B5,17.3,7.3,96.3,0,32,25,78.12,70.82,75.47,68.78,68.53,78.38,73.17,68.68,0.0,40,95.25,76.24,Good,Training
E4994,Ratan Dholakia,24,Operations,Process Analyst,Full-Time,Permanent,B1,1.9,1.4,96.3,1,25,20,80.0,86.16,80.91,85.72,73.05,55.13,84.54,86.09,2.6,25,71.11,81.7,Excellent,Incentive
E4995,Vividha Tata,55,Sales,Sales Executive,Full-Time,Permanent,B5,28.5,10.8,78.2,22,20,15,75.0,74.76,76.96,69.16,60.21,82.52,72.83,62.09,3.5,20,65.77,72.38,Good,Training
E4996,Girish Thakkar,52,Sales,Business Development Executive,Part-Time,6 Months,B5,25.9,10.2,94.4,5,48,35,72.92,81.96,81.04,71.8,79.88,88.22,77.69,67.75,29.5,20,56.18,78.08,Good,Incentive
E4997,Chirag Khemka,43,Information Technology,System Administrator,Full-Time,Permanent,B4,9.5,6.5,67.9,20,40,20,50.0,51.42,53.31,65.81,60.19,58.43,54.97,57.01,4.4,15,69.47,57.88,Needs Improvement,PIP
E4998,Vidisha Rathi,42,Information Technology,DevOps Engineer,Contract,6 Months,B4,12.0,7.6,92.1,10,33,27,81.82,87.94,81.08,88.21,84.23,71.24,77.5,66.31,10.7,5,33.05,80.9,Excellent,Incentive
E4999,Riddhi Atlani,53,AI & Data Science,Data Scientist,Full-Time,Permanent,B5,25.6,10.5,96.5,3,25,20,80.0,86.84,82.12,87.29,79.43,85.91,85.82,90.11,5.2,25,84.17,85.33,Excellent,Incentive
E5000,Vijendra Verma,52,Operations,Process Analyst,Full-Time,Permanent,B5,24.6,16.7,86.7,9,26,19,73.08,68.57,72.83,75.22,84.01,87.94,72.39,83.48,2.3,15,67.77,76.11,Good,Training
